key,experiment_id,size_label,objective,scenario_id,od_id,algorithm,repeats,success,timeout,no_path,error,objective_cost,median_search_ns,median_expanded,median_complete_paths
condition|r5000|distance|closure_1|C-01|astar,condition,r5000,distance,closure_1,C-01,astar,10,10,0,0,0,349.1638,239750,9,
condition|r5000|distance|closure_1|C-01|dijkstra,condition,r5000,distance,closure_1,C-01,dijkstra,10,10,0,0,0,349.1638,252550,53,
condition|r5000|distance|closure_1|C-02|astar,condition,r5000,distance,closure_1,C-02,astar,10,10,0,0,0,633.1147,227700,41,
condition|r5000|distance|closure_1|C-02|dijkstra,condition,r5000,distance,closure_1,C-02,dijkstra,10,10,0,0,0,633.1147,232650,149,
condition|r5000|distance|closure_1|C-03|astar,condition,r5000,distance,closure_1,C-03,astar,10,10,0,0,0,735.2935,221050,34,
condition|r5000|distance|closure_1|C-03|dijkstra,condition,r5000,distance,closure_1,C-03,dijkstra,10,10,0,0,0,735.2935,241100,180,
condition|r5000|distance|closure_1|C-04|astar,condition,r5000,distance,closure_1,C-04,astar,10,10,0,0,0,892.5147,213850,36,
condition|r5000|distance|closure_1|C-04|dijkstra,condition,r5000,distance,closure_1,C-04,dijkstra,10,10,0,0,0,892.5147,231650,114,
condition|r5000|distance|closure_1|C-05|astar,condition,r5000,distance,closure_1,C-05,astar,10,10,0,0,0,478.7257,234350,17,
condition|r5000|distance|closure_1|C-05|dijkstra,condition,r5000,distance,closure_1,C-05,dijkstra,10,10,0,0,0,478.7257,218400,64,
condition|r5000|distance|closure_1|C-06|astar,condition,r5000,distance,closure_1,C-06,astar,10,10,0,0,0,468.1663,229400,14,
condition|r5000|distance|closure_1|C-06|dijkstra,condition,r5000,distance,closure_1,C-06,dijkstra,10,10,0,0,0,468.1663,244200,63,
condition|r5000|distance|closure_1|C-07|astar,condition,r5000,distance,closure_1,C-07,astar,10,10,0,0,0,943.0869,230450,59,
condition|r5000|distance|closure_1|C-07|dijkstra,condition,r5000,distance,closure_1,C-07,dijkstra,10,10,0,0,0,943.0869,237100,154,
condition|r5000|distance|closure_1|C-08|astar,condition,r5000,distance,closure_1,C-08,astar,10,10,0,0,0,1079.6061,226500,82,
condition|r5000|distance|closure_1|C-08|dijkstra,condition,r5000,distance,closure_1,C-08,dijkstra,10,10,0,0,0,1079.6061,265850,279,
condition|r5000|distance|closure_1|C-09|astar,condition,r5000,distance,closure_1,C-09,astar,10,10,0,0,0,332.5253,217700,14,
condition|r5000|distance|closure_1|C-09|dijkstra,condition,r5000,distance,closure_1,C-09,dijkstra,10,10,0,0,0,332.5253,217800,35,
condition|r5000|distance|closure_1|C-10|astar,condition,r5000,distance,closure_1,C-10,astar,10,10,0,0,0,937.5855,248050,54,
condition|r5000|distance|closure_1|C-10|dijkstra,condition,r5000,distance,closure_1,C-10,dijkstra,10,10,0,0,0,937.5855,265550,135,
condition|r5000|distance|closure_1|G-5000-01|astar,condition,r5000,distance,closure_1,G-5000-01,astar,10,10,0,0,0,7356.6955,563150,1594,
condition|r5000|distance|closure_1|G-5000-01|dijkstra,condition,r5000,distance,closure_1,G-5000-01,dijkstra,10,10,0,0,0,7356.6955,864050,3146,
condition|r5000|distance|closure_1|G-5000-02|astar,condition,r5000,distance,closure_1,G-5000-02,astar,10,10,0,0,0,5501.904,368200,605,
condition|r5000|distance|closure_1|G-5000-02|dijkstra,condition,r5000,distance,closure_1,G-5000-02,dijkstra,10,10,0,0,0,5501.904,592250,1991,
condition|r5000|distance|closure_1|G-5000-03|astar,condition,r5000,distance,closure_1,G-5000-03,astar,10,10,0,0,0,6177.7233,463550,968,
condition|r5000|distance|closure_1|G-5000-03|dijkstra,condition,r5000,distance,closure_1,G-5000-03,dijkstra,10,10,0,0,0,6177.7233,666250,2729,
condition|r5000|distance|closure_1|G-5000-04|astar,condition,r5000,distance,closure_1,G-5000-04,astar,10,10,0,0,0,5971.602,303400,392,
condition|r5000|distance|closure_1|G-5000-04|dijkstra,condition,r5000,distance,closure_1,G-5000-04,dijkstra,10,10,0,0,0,5971.602,953650,3570,
condition|r5000|distance|closure_1|G-5000-05|astar,condition,r5000,distance,closure_1,G-5000-05,astar,10,10,0,0,0,5670.3643,330850,449,
condition|r5000|distance|closure_1|G-5000-05|dijkstra,condition,r5000,distance,closure_1,G-5000-05,dijkstra,10,10,0,0,0,5670.3643,674850,2167,
condition|r5000|distance|closure_1|G-5000-06|astar,condition,r5000,distance,closure_1,G-5000-06,astar,10,10,0,0,0,6766.7214,384500,760,
condition|r5000|distance|closure_1|G-5000-06|dijkstra,condition,r5000,distance,closure_1,G-5000-06,dijkstra,10,10,0,0,0,6766.7214,884200,3489,
condition|r5000|distance|closure_1|G-5000-07|astar,condition,r5000,distance,closure_1,G-5000-07,astar,10,10,0,0,0,5322.4225,442100,955,
condition|r5000|distance|closure_1|G-5000-07|dijkstra,condition,r5000,distance,closure_1,G-5000-07,dijkstra,10,10,0,0,0,5322.4225,819650,3250,
condition|r5000|distance|closure_1|G-5000-08|astar,condition,r5000,distance,closure_1,G-5000-08,astar,10,10,0,0,0,8945.1481,850100,2906,
condition|r5000|distance|closure_1|G-5000-08|dijkstra,condition,r5000,distance,closure_1,G-5000-08,dijkstra,10,10,0,0,0,8945.1481,1031500,4200,
condition|r5000|distance|closure_1|G-5000-09|astar,condition,r5000,distance,closure_1,G-5000-09,astar,10,10,0,0,0,5171.0861,545100,1390,
condition|r5000|distance|closure_1|G-5000-09|dijkstra,condition,r5000,distance,closure_1,G-5000-09,dijkstra,10,10,0,0,0,5171.0861,900050,3280,
condition|r5000|distance|closure_1|G-5000-10|astar,condition,r5000,distance,closure_1,G-5000-10,astar,10,10,0,0,0,6174.4496,470450,824,
condition|r5000|distance|closure_1|G-5000-10|dijkstra,condition,r5000,distance,closure_1,G-5000-10,dijkstra,10,10,0,0,0,6174.4496,685450,2302,
condition|r5000|distance|closure_2|C-01|astar,condition,r5000,distance,closure_2,C-01,astar,10,10,0,0,0,349.1638,221550,9,
condition|r5000|distance|closure_2|C-01|dijkstra,condition,r5000,distance,closure_2,C-01,dijkstra,10,10,0,0,0,349.1638,226700,53,
condition|r5000|distance|closure_2|C-02|astar,condition,r5000,distance,closure_2,C-02,astar,10,10,0,0,0,633.1147,232950,41,
condition|r5000|distance|closure_2|C-02|dijkstra,condition,r5000,distance,closure_2,C-02,dijkstra,10,10,0,0,0,633.1147,266400,149,
condition|r5000|distance|closure_2|C-03|astar,condition,r5000,distance,closure_2,C-03,astar,10,10,0,0,0,735.2935,208650,34,
condition|r5000|distance|closure_2|C-03|dijkstra,condition,r5000,distance,closure_2,C-03,dijkstra,10,10,0,0,0,735.2935,231300,180,
condition|r5000|distance|closure_2|C-04|astar,condition,r5000,distance,closure_2,C-04,astar,10,10,0,0,0,892.5147,215700,36,
condition|r5000|distance|closure_2|C-04|dijkstra,condition,r5000,distance,closure_2,C-04,dijkstra,10,10,0,0,0,892.5147,220150,114,
condition|r5000|distance|closure_2|C-05|astar,condition,r5000,distance,closure_2,C-05,astar,10,10,0,0,0,478.7257,216100,17,
condition|r5000|distance|closure_2|C-05|dijkstra,condition,r5000,distance,closure_2,C-05,dijkstra,10,10,0,0,0,478.7257,236450,64,
condition|r5000|distance|closure_2|C-06|astar,condition,r5000,distance,closure_2,C-06,astar,10,10,0,0,0,468.1663,225150,14,
condition|r5000|distance|closure_2|C-06|dijkstra,condition,r5000,distance,closure_2,C-06,dijkstra,10,10,0,0,0,468.1663,217750,63,
condition|r5000|distance|closure_2|C-07|astar,condition,r5000,distance,closure_2,C-07,astar,10,10,0,0,0,943.0869,258500,59,
condition|r5000|distance|closure_2|C-07|dijkstra,condition,r5000,distance,closure_2,C-07,dijkstra,10,10,0,0,0,943.0869,253150,154,
condition|r5000|distance|closure_2|C-08|astar,condition,r5000,distance,closure_2,C-08,astar,10,10,0,0,0,1079.6061,225350,82,
condition|r5000|distance|closure_2|C-08|dijkstra,condition,r5000,distance,closure_2,C-08,dijkstra,10,10,0,0,0,1079.6061,251900,279,
condition|r5000|distance|closure_2|C-09|astar,condition,r5000,distance,closure_2,C-09,astar,10,10,0,0,0,332.5253,199300,14,
condition|r5000|distance|closure_2|C-09|dijkstra,condition,r5000,distance,closure_2,C-09,dijkstra,10,10,0,0,0,332.5253,188000,35,
condition|r5000|distance|closure_2|C-10|astar,condition,r5000,distance,closure_2,C-10,astar,10,10,0,0,0,937.5855,229700,54,
condition|r5000|distance|closure_2|C-10|dijkstra,condition,r5000,distance,closure_2,C-10,dijkstra,10,10,0,0,0,937.5855,221050,135,
condition|r5000|distance|closure_2|G-5000-01|astar,condition,r5000,distance,closure_2,G-5000-01,astar,10,10,0,0,0,7356.6955,514250,1594,
condition|r5000|distance|closure_2|G-5000-01|dijkstra,condition,r5000,distance,closure_2,G-5000-01,dijkstra,10,10,0,0,0,7356.6955,731300,3146,
condition|r5000|distance|closure_2|G-5000-02|astar,condition,r5000,distance,closure_2,G-5000-02,astar,10,10,0,0,0,5501.904,328000,605,
condition|r5000|distance|closure_2|G-5000-02|dijkstra,condition,r5000,distance,closure_2,G-5000-02,dijkstra,10,10,0,0,0,5501.904,483350,1991,
condition|r5000|distance|closure_2|G-5000-03|astar,condition,r5000,distance,closure_2,G-5000-03,astar,10,10,0,0,0,6177.7233,413500,968,
condition|r5000|distance|closure_2|G-5000-03|dijkstra,condition,r5000,distance,closure_2,G-5000-03,dijkstra,10,10,0,0,0,6177.7233,665800,2729,
condition|r5000|distance|closure_2|G-5000-04|astar,condition,r5000,distance,closure_2,G-5000-04,astar,10,10,0,0,0,5971.602,265150,392,
condition|r5000|distance|closure_2|G-5000-04|dijkstra,condition,r5000,distance,closure_2,G-5000-04,dijkstra,10,10,0,0,0,5971.602,832700,3570,
condition|r5000|distance|closure_2|G-5000-05|astar,condition,r5000,distance,closure_2,G-5000-05,astar,10,10,0,0,0,5670.3643,282650,449,
condition|r5000|distance|closure_2|G-5000-05|dijkstra,condition,r5000,distance,closure_2,G-5000-05,dijkstra,10,10,0,0,0,5670.3643,566100,2167,
condition|r5000|distance|closure_2|G-5000-06|astar,condition,r5000,distance,closure_2,G-5000-06,astar,10,10,0,0,0,6766.7214,355850,760,
condition|r5000|distance|closure_2|G-5000-06|dijkstra,condition,r5000,distance,closure_2,G-5000-06,dijkstra,10,10,0,0,0,6766.7214,809600,3489,
condition|r5000|distance|closure_2|G-5000-07|astar,condition,r5000,distance,closure_2,G-5000-07,astar,10,10,0,0,0,5322.4225,378700,955,
condition|r5000|distance|closure_2|G-5000-07|dijkstra,condition,r5000,distance,closure_2,G-5000-07,dijkstra,10,10,0,0,0,5322.4225,716450,3250,
condition|r5000|distance|closure_2|G-5000-08|astar,condition,r5000,distance,closure_2,G-5000-08,astar,10,10,0,0,0,8945.1481,722500,2906,
condition|r5000|distance|closure_2|G-5000-08|dijkstra,condition,r5000,distance,closure_2,G-5000-08,dijkstra,10,10,0,0,0,8945.1481,874050,4200,
condition|r5000|distance|closure_2|G-5000-09|astar,condition,r5000,distance,closure_2,G-5000-09,astar,10,10,0,0,0,5171.0861,559800,1398,
condition|r5000|distance|closure_2|G-5000-09|dijkstra,condition,r5000,distance,closure_2,G-5000-09,dijkstra,10,10,0,0,0,5171.0861,715650,3280,
condition|r5000|distance|closure_2|G-5000-10|astar,condition,r5000,distance,closure_2,G-5000-10,astar,10,10,0,0,0,6174.4496,366950,824,
condition|r5000|distance|closure_2|G-5000-10|dijkstra,condition,r5000,distance,closure_2,G-5000-10,dijkstra,10,10,0,0,0,6174.4496,651600,2303,
condition|r5000|distance|closure_3|C-01|astar,condition,r5000,distance,closure_3,C-01,astar,10,10,0,0,0,349.1638,215950,9,
condition|r5000|distance|closure_3|C-01|dijkstra,condition,r5000,distance,closure_3,C-01,dijkstra,10,10,0,0,0,349.1638,208900,53,
condition|r5000|distance|closure_3|C-02|astar,condition,r5000,distance,closure_3,C-02,astar,10,10,0,0,0,633.1147,223200,41,
condition|r5000|distance|closure_3|C-02|dijkstra,condition,r5000,distance,closure_3,C-02,dijkstra,10,10,0,0,0,633.1147,244350,149,
condition|r5000|distance|closure_3|C-03|astar,condition,r5000,distance,closure_3,C-03,astar,10,10,0,0,0,735.2935,230700,34,
condition|r5000|distance|closure_3|C-03|dijkstra,condition,r5000,distance,closure_3,C-03,dijkstra,10,10,0,0,0,735.2935,243550,180,
condition|r5000|distance|closure_3|C-04|astar,condition,r5000,distance,closure_3,C-04,astar,10,10,0,0,0,892.5147,236450,36,
condition|r5000|distance|closure_3|C-04|dijkstra,condition,r5000,distance,closure_3,C-04,dijkstra,10,10,0,0,0,892.5147,226550,114,
condition|r5000|distance|closure_3|C-05|astar,condition,r5000,distance,closure_3,C-05,astar,10,10,0,0,0,478.7257,214300,17,
condition|r5000|distance|closure_3|C-05|dijkstra,condition,r5000,distance,closure_3,C-05,dijkstra,10,10,0,0,0,478.7257,218950,64,
condition|r5000|distance|closure_3|C-06|astar,condition,r5000,distance,closure_3,C-06,astar,10,10,0,0,0,468.1663,207750,14,
condition|r5000|distance|closure_3|C-06|dijkstra,condition,r5000,distance,closure_3,C-06,dijkstra,10,10,0,0,0,468.1663,222000,63,
condition|r5000|distance|closure_3|C-07|astar,condition,r5000,distance,closure_3,C-07,astar,10,10,0,0,0,943.0869,226500,59,
condition|r5000|distance|closure_3|C-07|dijkstra,condition,r5000,distance,closure_3,C-07,dijkstra,10,10,0,0,0,943.0869,219950,154,
condition|r5000|distance|closure_3|C-08|astar,condition,r5000,distance,closure_3,C-08,astar,10,10,0,0,0,1079.6061,235000,82,
condition|r5000|distance|closure_3|C-08|dijkstra,condition,r5000,distance,closure_3,C-08,dijkstra,10,10,0,0,0,1079.6061,258850,279,
condition|r5000|distance|closure_3|C-09|astar,condition,r5000,distance,closure_3,C-09,astar,10,10,0,0,0,332.5253,191900,14,
condition|r5000|distance|closure_3|C-09|dijkstra,condition,r5000,distance,closure_3,C-09,dijkstra,10,10,0,0,0,332.5253,216450,35,
condition|r5000|distance|closure_3|C-10|astar,condition,r5000,distance,closure_3,C-10,astar,10,10,0,0,0,937.5855,230000,54,
condition|r5000|distance|closure_3|C-10|dijkstra,condition,r5000,distance,closure_3,C-10,dijkstra,10,10,0,0,0,937.5855,238600,135,
condition|r5000|distance|closure_3|G-5000-01|astar,condition,r5000,distance,closure_3,G-5000-01,astar,10,10,0,0,0,7356.6955,559050,1594,
condition|r5000|distance|closure_3|G-5000-01|dijkstra,condition,r5000,distance,closure_3,G-5000-01,dijkstra,10,10,0,0,0,7356.6955,775750,3146,
condition|r5000|distance|closure_3|G-5000-02|astar,condition,r5000,distance,closure_3,G-5000-02,astar,10,10,0,0,0,5501.904,338950,605,
condition|r5000|distance|closure_3|G-5000-02|dijkstra,condition,r5000,distance,closure_3,G-5000-02,dijkstra,10,10,0,0,0,5501.904,522800,1991,
condition|r5000|distance|closure_3|G-5000-03|astar,condition,r5000,distance,closure_3,G-5000-03,astar,10,10,0,0,0,6177.7233,436800,968,
condition|r5000|distance|closure_3|G-5000-03|dijkstra,condition,r5000,distance,closure_3,G-5000-03,dijkstra,10,10,0,0,0,6177.7233,633650,2729,
condition|r5000|distance|closure_3|G-5000-04|astar,condition,r5000,distance,closure_3,G-5000-04,astar,10,10,0,0,0,5971.602,265300,392,
condition|r5000|distance|closure_3|G-5000-04|dijkstra,condition,r5000,distance,closure_3,G-5000-04,dijkstra,10,10,0,0,0,5971.602,755250,3569,
condition|r5000|distance|closure_3|G-5000-05|astar,condition,r5000,distance,closure_3,G-5000-05,astar,10,10,0,0,0,5670.3643,283750,449,
condition|r5000|distance|closure_3|G-5000-05|dijkstra,condition,r5000,distance,closure_3,G-5000-05,dijkstra,10,10,0,0,0,5670.3643,575900,2167,
condition|r5000|distance|closure_3|G-5000-06|astar,condition,r5000,distance,closure_3,G-5000-06,astar,10,10,0,0,0,6766.7214,355500,756,
condition|r5000|distance|closure_3|G-5000-06|dijkstra,condition,r5000,distance,closure_3,G-5000-06,dijkstra,10,10,0,0,0,6766.7214,792250,3489,
condition|r5000|distance|closure_3|G-5000-07|astar,condition,r5000,distance,closure_3,G-5000-07,astar,10,10,0,0,0,5322.4225,403950,955,
condition|r5000|distance|closure_3|G-5000-07|dijkstra,condition,r5000,distance,closure_3,G-5000-07,dijkstra,10,10,0,0,0,5322.4225,790650,3250,
condition|r5000|distance|closure_3|G-5000-08|astar,condition,r5000,distance,closure_3,G-5000-08,astar,10,10,0,0,0,8945.1481,729950,2906,
condition|r5000|distance|closure_3|G-5000-08|dijkstra,condition,r5000,distance,closure_3,G-5000-08,dijkstra,10,10,0,0,0,8945.1481,990850,4200,
condition|r5000|distance|closure_3|G-5000-09|astar,condition,r5000,distance,closure_3,G-5000-09,astar,10,10,0,0,0,5171.0861,455400,1398,
condition|r5000|distance|closure_3|G-5000-09|dijkstra,condition,r5000,distance,closure_3,G-5000-09,dijkstra,10,10,0,0,0,5171.0861,708000,3280,
condition|r5000|distance|closure_3|G-5000-10|astar,condition,r5000,distance,closure_3,G-5000-10,astar,10,10,0,0,0,6174.4496,364950,824,
condition|r5000|distance|closure_3|G-5000-10|dijkstra,condition,r5000,distance,closure_3,G-5000-10,dijkstra,10,10,0,0,0,6174.4496,599300,2303,
condition|r5000|distance|congestion_1_5|C-01|astar,condition,r5000,distance,congestion_1_5,C-01,astar,10,10,0,0,0,349.1638,267550,9,
condition|r5000|distance|congestion_1_5|C-01|dijkstra,condition,r5000,distance,congestion_1_5,C-01,dijkstra,10,10,0,0,0,349.1638,233250,53,
condition|r5000|distance|congestion_1_5|C-02|astar,condition,r5000,distance,congestion_1_5,C-02,astar,10,10,0,0,0,633.1147,225150,41,
condition|r5000|distance|congestion_1_5|C-02|dijkstra,condition,r5000,distance,congestion_1_5,C-02,dijkstra,10,10,0,0,0,633.1147,223550,149,
condition|r5000|distance|congestion_1_5|C-03|astar,condition,r5000,distance,congestion_1_5,C-03,astar,10,10,0,0,0,735.2935,210750,34,
condition|r5000|distance|congestion_1_5|C-03|dijkstra,condition,r5000,distance,congestion_1_5,C-03,dijkstra,10,10,0,0,0,735.2935,263300,180,
condition|r5000|distance|congestion_1_5|C-04|astar,condition,r5000,distance,congestion_1_5,C-04,astar,10,10,0,0,0,892.5147,259250,36,
condition|r5000|distance|congestion_1_5|C-04|dijkstra,condition,r5000,distance,congestion_1_5,C-04,dijkstra,10,10,0,0,0,892.5147,271850,114,
condition|r5000|distance|congestion_1_5|C-05|astar,condition,r5000,distance,congestion_1_5,C-05,astar,10,10,0,0,0,478.7257,219000,17,
condition|r5000|distance|congestion_1_5|C-05|dijkstra,condition,r5000,distance,congestion_1_5,C-05,dijkstra,10,10,0,0,0,478.7257,222950,64,
condition|r5000|distance|congestion_1_5|C-06|astar,condition,r5000,distance,congestion_1_5,C-06,astar,10,10,0,0,0,468.1663,229450,14,
condition|r5000|distance|congestion_1_5|C-06|dijkstra,condition,r5000,distance,congestion_1_5,C-06,dijkstra,10,10,0,0,0,468.1663,246150,63,
condition|r5000|distance|congestion_1_5|C-07|astar,condition,r5000,distance,congestion_1_5,C-07,astar,10,10,0,0,0,943.0869,241350,59,
condition|r5000|distance|congestion_1_5|C-07|dijkstra,condition,r5000,distance,congestion_1_5,C-07,dijkstra,10,10,0,0,0,943.0869,237900,154,
condition|r5000|distance|congestion_1_5|C-08|astar,condition,r5000,distance,congestion_1_5,C-08,astar,10,10,0,0,0,1079.6061,255800,82,
condition|r5000|distance|congestion_1_5|C-08|dijkstra,condition,r5000,distance,congestion_1_5,C-08,dijkstra,10,10,0,0,0,1079.6061,276750,279,
condition|r5000|distance|congestion_1_5|C-09|astar,condition,r5000,distance,congestion_1_5,C-09,astar,10,10,0,0,0,332.5253,223900,14,
condition|r5000|distance|congestion_1_5|C-09|dijkstra,condition,r5000,distance,congestion_1_5,C-09,dijkstra,10,10,0,0,0,332.5253,238150,35,
condition|r5000|distance|congestion_1_5|C-10|astar,condition,r5000,distance,congestion_1_5,C-10,astar,10,10,0,0,0,937.5855,241600,54,
condition|r5000|distance|congestion_1_5|C-10|dijkstra,condition,r5000,distance,congestion_1_5,C-10,dijkstra,10,10,0,0,0,937.5855,237200,135,
condition|r5000|distance|congestion_1_5|G-5000-01|astar,condition,r5000,distance,congestion_1_5,G-5000-01,astar,10,10,0,0,0,7356.6955,521550,1594,
condition|r5000|distance|congestion_1_5|G-5000-01|dijkstra,condition,r5000,distance,congestion_1_5,G-5000-01,dijkstra,10,10,0,0,0,7356.6955,756350,3146,
condition|r5000|distance|congestion_1_5|G-5000-02|astar,condition,r5000,distance,congestion_1_5,G-5000-02,astar,10,10,0,0,0,5501.904,372350,605,
condition|r5000|distance|congestion_1_5|G-5000-02|dijkstra,condition,r5000,distance,congestion_1_5,G-5000-02,dijkstra,10,10,0,0,0,5501.904,543650,1991,
condition|r5000|distance|congestion_1_5|G-5000-03|astar,condition,r5000,distance,congestion_1_5,G-5000-03,astar,10,10,0,0,0,6177.7233,461350,968,
condition|r5000|distance|congestion_1_5|G-5000-03|dijkstra,condition,r5000,distance,congestion_1_5,G-5000-03,dijkstra,10,10,0,0,0,6177.7233,698650,2729,
condition|r5000|distance|congestion_1_5|G-5000-04|astar,condition,r5000,distance,congestion_1_5,G-5000-04,astar,10,10,0,0,0,5971.602,296900,392,
condition|r5000|distance|congestion_1_5|G-5000-04|dijkstra,condition,r5000,distance,congestion_1_5,G-5000-04,dijkstra,10,10,0,0,0,5971.602,866050,3570,
condition|r5000|distance|congestion_1_5|G-5000-05|astar,condition,r5000,distance,congestion_1_5,G-5000-05,astar,10,10,0,0,0,5670.3643,325750,449,
condition|r5000|distance|congestion_1_5|G-5000-05|dijkstra,condition,r5000,distance,congestion_1_5,G-5000-05,dijkstra,10,10,0,0,0,5670.3643,579300,2167,
condition|r5000|distance|congestion_1_5|G-5000-06|astar,condition,r5000,distance,congestion_1_5,G-5000-06,astar,10,10,0,0,0,6766.7214,391900,760,
condition|r5000|distance|congestion_1_5|G-5000-06|dijkstra,condition,r5000,distance,congestion_1_5,G-5000-06,dijkstra,10,10,0,0,0,6766.7214,781500,3489,
condition|r5000|distance|congestion_1_5|G-5000-07|astar,condition,r5000,distance,congestion_1_5,G-5000-07,astar,10,10,0,0,0,5322.4225,441150,955,
condition|r5000|distance|congestion_1_5|G-5000-07|dijkstra,condition,r5000,distance,congestion_1_5,G-5000-07,dijkstra,10,10,0,0,0,5322.4225,737450,3250,
condition|r5000|distance|congestion_1_5|G-5000-08|astar,condition,r5000,distance,congestion_1_5,G-5000-08,astar,10,10,0,0,0,8945.1481,659300,2906,
condition|r5000|distance|congestion_1_5|G-5000-08|dijkstra,condition,r5000,distance,congestion_1_5,G-5000-08,dijkstra,10,10,0,0,0,8945.1481,921300,4200,
condition|r5000|distance|congestion_1_5|G-5000-09|astar,condition,r5000,distance,congestion_1_5,G-5000-09,astar,10,10,0,0,0,5171.0861,473800,1398,
condition|r5000|distance|congestion_1_5|G-5000-09|dijkstra,condition,r5000,distance,congestion_1_5,G-5000-09,dijkstra,10,10,0,0,0,5171.0861,757750,3280,
condition|r5000|distance|congestion_1_5|G-5000-10|astar,condition,r5000,distance,congestion_1_5,G-5000-10,astar,10,10,0,0,0,6174.4496,402950,824,
condition|r5000|distance|congestion_1_5|G-5000-10|dijkstra,condition,r5000,distance,congestion_1_5,G-5000-10,dijkstra,10,10,0,0,0,6174.4496,599500,2303,
condition|r5000|distance|congestion_3_0|C-01|astar,condition,r5000,distance,congestion_3_0,C-01,astar,10,10,0,0,0,349.1638,209850,9,
condition|r5000|distance|congestion_3_0|C-01|dijkstra,condition,r5000,distance,congestion_3_0,C-01,dijkstra,10,10,0,0,0,349.1638,232250,53,
condition|r5000|distance|congestion_3_0|C-02|astar,condition,r5000,distance,congestion_3_0,C-02,astar,10,10,0,0,0,633.1147,248800,41,
condition|r5000|distance|congestion_3_0|C-02|dijkstra,condition,r5000,distance,congestion_3_0,C-02,dijkstra,10,10,0,0,0,633.1147,211450,149,
condition|r5000|distance|congestion_3_0|C-03|astar,condition,r5000,distance,congestion_3_0,C-03,astar,10,10,0,0,0,735.2935,204100,34,
condition|r5000|distance|congestion_3_0|C-03|dijkstra,condition,r5000,distance,congestion_3_0,C-03,dijkstra,10,10,0,0,0,735.2935,231900,180,
condition|r5000|distance|congestion_3_0|C-04|astar,condition,r5000,distance,congestion_3_0,C-04,astar,10,10,0,0,0,892.5147,215550,36,
condition|r5000|distance|congestion_3_0|C-04|dijkstra,condition,r5000,distance,congestion_3_0,C-04,dijkstra,10,10,0,0,0,892.5147,222500,114,
condition|r5000|distance|congestion_3_0|C-05|astar,condition,r5000,distance,congestion_3_0,C-05,astar,10,10,0,0,0,478.7257,223750,17,
condition|r5000|distance|congestion_3_0|C-05|dijkstra,condition,r5000,distance,congestion_3_0,C-05,dijkstra,10,10,0,0,0,478.7257,221400,64,
condition|r5000|distance|congestion_3_0|C-06|astar,condition,r5000,distance,congestion_3_0,C-06,astar,10,10,0,0,0,468.1663,235400,14,
condition|r5000|distance|congestion_3_0|C-06|dijkstra,condition,r5000,distance,congestion_3_0,C-06,dijkstra,10,10,0,0,0,468.1663,247350,63,
condition|r5000|distance|congestion_3_0|C-07|astar,condition,r5000,distance,congestion_3_0,C-07,astar,10,10,0,0,0,943.0869,238550,59,
condition|r5000|distance|congestion_3_0|C-07|dijkstra,condition,r5000,distance,congestion_3_0,C-07,dijkstra,10,10,0,0,0,943.0869,251750,154,
condition|r5000|distance|congestion_3_0|C-08|astar,condition,r5000,distance,congestion_3_0,C-08,astar,10,10,0,0,0,1079.6061,233600,82,
condition|r5000|distance|congestion_3_0|C-08|dijkstra,condition,r5000,distance,congestion_3_0,C-08,dijkstra,10,10,0,0,0,1079.6061,241200,279,
condition|r5000|distance|congestion_3_0|C-09|astar,condition,r5000,distance,congestion_3_0,C-09,astar,10,10,0,0,0,332.5253,225100,14,
condition|r5000|distance|congestion_3_0|C-09|dijkstra,condition,r5000,distance,congestion_3_0,C-09,dijkstra,10,10,0,0,0,332.5253,235250,35,
condition|r5000|distance|congestion_3_0|C-10|astar,condition,r5000,distance,congestion_3_0,C-10,astar,10,10,0,0,0,937.5855,218650,54,
condition|r5000|distance|congestion_3_0|C-10|dijkstra,condition,r5000,distance,congestion_3_0,C-10,dijkstra,10,10,0,0,0,937.5855,221400,135,
condition|r5000|distance|congestion_3_0|G-5000-01|astar,condition,r5000,distance,congestion_3_0,G-5000-01,astar,10,10,0,0,0,7356.6955,640500,1594,
condition|r5000|distance|congestion_3_0|G-5000-01|dijkstra,condition,r5000,distance,congestion_3_0,G-5000-01,dijkstra,10,10,0,0,0,7356.6955,892150,3146,
condition|r5000|distance|congestion_3_0|G-5000-02|astar,condition,r5000,distance,congestion_3_0,G-5000-02,astar,10,10,0,0,0,5501.904,364500,605,
condition|r5000|distance|congestion_3_0|G-5000-02|dijkstra,condition,r5000,distance,congestion_3_0,G-5000-02,dijkstra,10,10,0,0,0,5501.904,526350,1991,
condition|r5000|distance|congestion_3_0|G-5000-03|astar,condition,r5000,distance,congestion_3_0,G-5000-03,astar,10,10,0,0,0,6177.7233,475450,968,
condition|r5000|distance|congestion_3_0|G-5000-03|dijkstra,condition,r5000,distance,congestion_3_0,G-5000-03,dijkstra,10,10,0,0,0,6177.7233,735350,2729,
condition|r5000|distance|congestion_3_0|G-5000-04|astar,condition,r5000,distance,congestion_3_0,G-5000-04,astar,10,10,0,0,0,5971.602,285250,392,
condition|r5000|distance|congestion_3_0|G-5000-04|dijkstra,condition,r5000,distance,congestion_3_0,G-5000-04,dijkstra,10,10,0,0,0,5971.602,802050,3570,
condition|r5000|distance|congestion_3_0|G-5000-05|astar,condition,r5000,distance,congestion_3_0,G-5000-05,astar,10,10,0,0,0,5670.3643,333850,449,
condition|r5000|distance|congestion_3_0|G-5000-05|dijkstra,condition,r5000,distance,congestion_3_0,G-5000-05,dijkstra,10,10,0,0,0,5670.3643,654000,2167,
condition|r5000|distance|congestion_3_0|G-5000-06|astar,condition,r5000,distance,congestion_3_0,G-5000-06,astar,10,10,0,0,0,6766.7214,433300,760,
condition|r5000|distance|congestion_3_0|G-5000-06|dijkstra,condition,r5000,distance,congestion_3_0,G-5000-06,dijkstra,10,10,0,0,0,6766.7214,1090100,3489,
condition|r5000|distance|congestion_3_0|G-5000-07|astar,condition,r5000,distance,congestion_3_0,G-5000-07,astar,10,10,0,0,0,5322.4225,427250,955,
condition|r5000|distance|congestion_3_0|G-5000-07|dijkstra,condition,r5000,distance,congestion_3_0,G-5000-07,dijkstra,10,10,0,0,0,5322.4225,874200,3250,
condition|r5000|distance|congestion_3_0|G-5000-08|astar,condition,r5000,distance,congestion_3_0,G-5000-08,astar,10,10,0,0,0,8945.1481,791600,2906,
condition|r5000|distance|congestion_3_0|G-5000-08|dijkstra,condition,r5000,distance,congestion_3_0,G-5000-08,dijkstra,10,10,0,0,0,8945.1481,959250,4200,
condition|r5000|distance|congestion_3_0|G-5000-09|astar,condition,r5000,distance,congestion_3_0,G-5000-09,astar,10,10,0,0,0,5171.0861,615200,1398,
condition|r5000|distance|congestion_3_0|G-5000-09|dijkstra,condition,r5000,distance,congestion_3_0,G-5000-09,dijkstra,10,10,0,0,0,5171.0861,865300,3280,
condition|r5000|distance|congestion_3_0|G-5000-10|astar,condition,r5000,distance,congestion_3_0,G-5000-10,astar,10,10,0,0,0,6174.4496,372650,824,
condition|r5000|distance|congestion_3_0|G-5000-10|dijkstra,condition,r5000,distance,congestion_3_0,G-5000-10,dijkstra,10,10,0,0,0,6174.4496,657600,2303,
condition|r5000|distance|normal|C-01|astar,condition,r5000,distance,normal,C-01,astar,10,10,0,0,0,349.1638,224350,9,
condition|r5000|distance|normal|C-01|dijkstra,condition,r5000,distance,normal,C-01,dijkstra,10,10,0,0,0,349.1638,244300,53,
condition|r5000|distance|normal|C-02|astar,condition,r5000,distance,normal,C-02,astar,10,10,0,0,0,633.1147,221000,41,
condition|r5000|distance|normal|C-02|dijkstra,condition,r5000,distance,normal,C-02,dijkstra,10,10,0,0,0,633.1147,243800,149,
condition|r5000|distance|normal|C-03|astar,condition,r5000,distance,normal,C-03,astar,10,10,0,0,0,735.2935,240100,34,
condition|r5000|distance|normal|C-03|dijkstra,condition,r5000,distance,normal,C-03,dijkstra,10,10,0,0,0,735.2935,254450,180,
condition|r5000|distance|normal|C-04|astar,condition,r5000,distance,normal,C-04,astar,10,10,0,0,0,892.5147,223600,36,
condition|r5000|distance|normal|C-04|dijkstra,condition,r5000,distance,normal,C-04,dijkstra,10,10,0,0,0,892.5147,223700,114,
condition|r5000|distance|normal|C-05|astar,condition,r5000,distance,normal,C-05,astar,10,10,0,0,0,478.7257,211550,17,
condition|r5000|distance|normal|C-05|dijkstra,condition,r5000,distance,normal,C-05,dijkstra,10,10,0,0,0,478.7257,233900,64,
condition|r5000|distance|normal|C-06|astar,condition,r5000,distance,normal,C-06,astar,10,10,0,0,0,468.1663,196550,14,
condition|r5000|distance|normal|C-06|dijkstra,condition,r5000,distance,normal,C-06,dijkstra,10,10,0,0,0,468.1663,196600,63,
condition|r5000|distance|normal|C-07|astar,condition,r5000,distance,normal,C-07,astar,10,10,0,0,0,943.0869,240750,59,
condition|r5000|distance|normal|C-07|dijkstra,condition,r5000,distance,normal,C-07,dijkstra,10,10,0,0,0,943.0869,250100,154,
condition|r5000|distance|normal|C-08|astar,condition,r5000,distance,normal,C-08,astar,10,10,0,0,0,1079.6061,234100,82,
condition|r5000|distance|normal|C-08|dijkstra,condition,r5000,distance,normal,C-08,dijkstra,10,10,0,0,0,1079.6061,268300,279,
condition|r5000|distance|normal|C-09|astar,condition,r5000,distance,normal,C-09,astar,10,10,0,0,0,332.5253,234600,14,
condition|r5000|distance|normal|C-09|dijkstra,condition,r5000,distance,normal,C-09,dijkstra,10,10,0,0,0,332.5253,237450,35,
condition|r5000|distance|normal|C-10|astar,condition,r5000,distance,normal,C-10,astar,10,10,0,0,0,937.5855,233000,54,
condition|r5000|distance|normal|C-10|dijkstra,condition,r5000,distance,normal,C-10,dijkstra,10,10,0,0,0,937.5855,253800,135,
condition|r5000|distance|normal|G-5000-01|astar,condition,r5000,distance,normal,G-5000-01,astar,10,10,0,0,0,7356.6955,659050,1594,
condition|r5000|distance|normal|G-5000-01|dijkstra,condition,r5000,distance,normal,G-5000-01,dijkstra,10,10,0,0,0,7356.6955,717650,3146,
condition|r5000|distance|normal|G-5000-02|astar,condition,r5000,distance,normal,G-5000-02,astar,10,10,0,0,0,5501.904,391300,605,
condition|r5000|distance|normal|G-5000-02|dijkstra,condition,r5000,distance,normal,G-5000-02,dijkstra,10,10,0,0,0,5501.904,600700,1991,
condition|r5000|distance|normal|G-5000-03|astar,condition,r5000,distance,normal,G-5000-03,astar,10,10,0,0,0,6177.7233,423400,968,
condition|r5000|distance|normal|G-5000-03|dijkstra,condition,r5000,distance,normal,G-5000-03,dijkstra,10,10,0,0,0,6177.7233,668550,2729,
condition|r5000|distance|normal|G-5000-04|astar,condition,r5000,distance,normal,G-5000-04,astar,10,10,0,0,0,5971.602,315150,392,
condition|r5000|distance|normal|G-5000-04|dijkstra,condition,r5000,distance,normal,G-5000-04,dijkstra,10,10,0,0,0,5971.602,855200,3570,
condition|r5000|distance|normal|G-5000-05|astar,condition,r5000,distance,normal,G-5000-05,astar,10,10,0,0,0,5670.3643,315100,449,
condition|r5000|distance|normal|G-5000-05|dijkstra,condition,r5000,distance,normal,G-5000-05,dijkstra,10,10,0,0,0,5670.3643,615400,2167,
condition|r5000|distance|normal|G-5000-06|astar,condition,r5000,distance,normal,G-5000-06,astar,10,10,0,0,0,6766.7214,377550,760,
condition|r5000|distance|normal|G-5000-06|dijkstra,condition,r5000,distance,normal,G-5000-06,dijkstra,10,10,0,0,0,6766.7214,856450,3489,
condition|r5000|distance|normal|G-5000-07|astar,condition,r5000,distance,normal,G-5000-07,astar,10,10,0,0,0,5322.4225,410750,955,
condition|r5000|distance|normal|G-5000-07|dijkstra,condition,r5000,distance,normal,G-5000-07,dijkstra,10,10,0,0,0,5322.4225,784350,3250,
condition|r5000|distance|normal|G-5000-08|astar,condition,r5000,distance,normal,G-5000-08,astar,10,10,0,0,0,8945.1481,766600,2906,
condition|r5000|distance|normal|G-5000-08|dijkstra,condition,r5000,distance,normal,G-5000-08,dijkstra,10,10,0,0,0,8945.1481,982550,4200,
condition|r5000|distance|normal|G-5000-09|astar,condition,r5000,distance,normal,G-5000-09,astar,10,10,0,0,0,5171.0861,532100,1398,
condition|r5000|distance|normal|G-5000-09|dijkstra,condition,r5000,distance,normal,G-5000-09,dijkstra,10,10,0,0,0,5171.0861,837450,3280,
condition|r5000|distance|normal|G-5000-10|astar,condition,r5000,distance,normal,G-5000-10,astar,10,10,0,0,0,6174.4496,398800,824,
condition|r5000|distance|normal|G-5000-10|dijkstra,condition,r5000,distance,normal,G-5000-10,dijkstra,10,10,0,0,0,6174.4496,651000,2303,
condition|r5000|time|closure_1|C-01|astar,condition,r5000,time,closure_1,C-01,astar,10,10,0,0,0,41.8997,216850,26,
condition|r5000|time|closure_1|C-01|dijkstra,condition,r5000,time,closure_1,C-01,dijkstra,10,10,0,0,0,41.8997,222750,47,
condition|r5000|time|closure_1|C-02|astar,condition,r5000,time,closure_1,C-02,astar,10,10,0,0,0,82.0965,275850,112,
condition|r5000|time|closure_1|C-02|dijkstra,condition,r5000,time,closure_1,C-02,dijkstra,10,10,0,0,0,82.0965,311350,237,
condition|r5000|time|closure_1|C-03|astar,condition,r5000,time,closure_1,C-03,astar,10,10,0,0,0,114.4686,253250,84,
condition|r5000|time|closure_1|C-03|dijkstra,condition,r5000,time,closure_1,C-03,dijkstra,10,10,0,0,0,114.4686,272750,215,
condition|r5000|time|closure_1|C-04|astar,condition,r5000,time,closure_1,C-04,astar,10,10,0,0,0,149.3783,281150,81,
condition|r5000|time|closure_1|C-04|dijkstra,condition,r5000,time,closure_1,C-04,dijkstra,10,10,0,0,0,149.3783,281650,144,
condition|r5000|time|closure_1|C-05|astar,condition,r5000,time,closure_1,C-05,astar,10,10,0,0,0,86.1625,258650,87,
condition|r5000|time|closure_1|C-05|dijkstra,condition,r5000,time,closure_1,C-05,dijkstra,10,10,0,0,0,86.1625,248850,161,
condition|r5000|time|closure_1|C-06|astar,condition,r5000,time,closure_1,C-06,astar,10,10,0,0,0,70.6672,250750,48,
condition|r5000|time|closure_1|C-06|dijkstra,condition,r5000,time,closure_1,C-06,dijkstra,10,10,0,0,0,70.6672,221350,84,
condition|r5000|time|closure_1|C-07|astar,condition,r5000,time,closure_1,C-07,astar,10,10,0,0,0,127.6577,216000,166,
condition|r5000|time|closure_1|C-07|dijkstra,condition,r5000,time,closure_1,C-07,dijkstra,10,10,0,0,0,127.6577,308900,336,
condition|r5000|time|closure_1|C-08|astar,condition,r5000,time,closure_1,C-08,astar,10,10,0,0,0,157.7879,266600,187,
condition|r5000|time|closure_1|C-08|dijkstra,condition,r5000,time,closure_1,C-08,dijkstra,10,10,0,0,0,157.7879,296500,379,
condition|r5000|time|closure_1|C-09|astar,condition,r5000,time,closure_1,C-09,astar,10,10,0,0,0,50.8365,238400,35,
condition|r5000|time|closure_1|C-09|dijkstra,condition,r5000,time,closure_1,C-09,dijkstra,10,10,0,0,0,50.8365,230900,58,
condition|r5000|time|closure_1|C-10|astar,condition,r5000,time,closure_1,C-10,astar,10,10,0,0,0,140.7454,236750,105,
condition|r5000|time|closure_1|C-10|dijkstra,condition,r5000,time,closure_1,C-10,dijkstra,10,10,0,0,0,140.7454,272150,184,
condition|r5000|time|closure_1|G-5000-01|astar,condition,r5000,time,closure_1,G-5000-01,astar,10,10,0,0,0,683.1935,814350,2903,
condition|r5000|time|closure_1|G-5000-01|dijkstra,condition,r5000,time,closure_1,G-5000-01,dijkstra,10,10,0,0,0,683.1935,1034150,3630,
condition|r5000|time|closure_1|G-5000-02|astar,condition,r5000,time,closure_1,G-5000-02,astar,10,10,0,0,0,493.8505,513400,1612,
condition|r5000|time|closure_1|G-5000-02|dijkstra,condition,r5000,time,closure_1,G-5000-02,dijkstra,10,10,0,0,0,493.8505,710600,2381,
condition|r5000|time|closure_1|G-5000-03|astar,condition,r5000,time,closure_1,G-5000-03,astar,10,10,0,0,0,453.7644,523150,1454,
condition|r5000|time|closure_1|G-5000-03|dijkstra,condition,r5000,time,closure_1,G-5000-03,dijkstra,10,10,0,0,0,453.7644,678650,2555,
condition|r5000|time|closure_1|G-5000-04|astar,condition,r5000,time,closure_1,G-5000-04,astar,10,10,0,0,0,503.5008,585800,1574,
condition|r5000|time|closure_1|G-5000-04|dijkstra,condition,r5000,time,closure_1,G-5000-04,dijkstra,10,10,0,0,0,503.5008,853550,3513,
condition|r5000|time|closure_1|G-5000-05|astar,condition,r5000,time,closure_1,G-5000-05,astar,10,10,0,0,0,473.444,412200,958,
condition|r5000|time|closure_1|G-5000-05|dijkstra,condition,r5000,time,closure_1,G-5000-05,dijkstra,10,10,0,0,0,473.444,580400,1865,
condition|r5000|time|closure_1|G-5000-06|astar,condition,r5000,time,closure_1,G-5000-06,astar,10,10,0,0,0,526.1418,703650,2246,
condition|r5000|time|closure_1|G-5000-06|dijkstra,condition,r5000,time,closure_1,G-5000-06,dijkstra,10,10,0,0,0,526.1418,976650,3595,
condition|r5000|time|closure_1|G-5000-07|astar,condition,r5000,time,closure_1,G-5000-07,astar,10,10,0,0,0,354.4128,643900,1986,
condition|r5000|time|closure_1|G-5000-07|dijkstra,condition,r5000,time,closure_1,G-5000-07,dijkstra,10,10,0,0,0,354.4128,823300,2925,
condition|r5000|time|closure_1|G-5000-08|astar,condition,r5000,time,closure_1,G-5000-08,astar,10,10,0,0,0,552.8548,691250,2887,
condition|r5000|time|closure_1|G-5000-08|dijkstra,condition,r5000,time,closure_1,G-5000-08,dijkstra,10,10,0,0,0,552.8548,1090200,3966,
condition|r5000|time|closure_1|G-5000-09|astar,condition,r5000,time,closure_1,G-5000-09,astar,10,10,0,0,0,386.8669,663750,2116,
condition|r5000|time|closure_1|G-5000-09|dijkstra,condition,r5000,time,closure_1,G-5000-09,dijkstra,10,10,0,0,0,386.8669,799050,2969,
condition|r5000|time|closure_1|G-5000-10|astar,condition,r5000,time,closure_1,G-5000-10,astar,10,10,0,0,0,446.7499,475750,1106,
condition|r5000|time|closure_1|G-5000-10|dijkstra,condition,r5000,time,closure_1,G-5000-10,dijkstra,10,10,0,0,0,446.7499,692350,1941,
condition|r5000|time|closure_2|C-01|astar,condition,r5000,time,closure_2,C-01,astar,10,10,0,0,0,41.8997,217300,26,
condition|r5000|time|closure_2|C-01|dijkstra,condition,r5000,time,closure_2,C-01,dijkstra,10,10,0,0,0,41.8997,223450,47,
condition|r5000|time|closure_2|C-02|astar,condition,r5000,time,closure_2,C-02,astar,10,10,0,0,0,82.0965,229050,112,
condition|r5000|time|closure_2|C-02|dijkstra,condition,r5000,time,closure_2,C-02,dijkstra,10,10,0,0,0,82.0965,230750,237,
condition|r5000|time|closure_2|C-03|astar,condition,r5000,time,closure_2,C-03,astar,10,10,0,0,0,114.4686,197500,84,
condition|r5000|time|closure_2|C-03|dijkstra,condition,r5000,time,closure_2,C-03,dijkstra,10,10,0,0,0,114.4686,220950,215,
condition|r5000|time|closure_2|C-04|astar,condition,r5000,time,closure_2,C-04,astar,10,10,0,0,0,149.3783,195750,81,
condition|r5000|time|closure_2|C-04|dijkstra,condition,r5000,time,closure_2,C-04,dijkstra,10,10,0,0,0,149.3783,214850,144,
condition|r5000|time|closure_2|C-05|astar,condition,r5000,time,closure_2,C-05,astar,10,10,0,0,0,86.1625,225800,87,
condition|r5000|time|closure_2|C-05|dijkstra,condition,r5000,time,closure_2,C-05,dijkstra,10,10,0,0,0,86.1625,218800,161,
condition|r5000|time|closure_2|C-06|astar,condition,r5000,time,closure_2,C-06,astar,10,10,0,0,0,70.6672,202400,48,
condition|r5000|time|closure_2|C-06|dijkstra,condition,r5000,time,closure_2,C-06,dijkstra,10,10,0,0,0,70.6672,203400,84,
condition|r5000|time|closure_2|C-07|astar,condition,r5000,time,closure_2,C-07,astar,10,10,0,0,0,127.6577,236450,166,
condition|r5000|time|closure_2|C-07|dijkstra,condition,r5000,time,closure_2,C-07,dijkstra,10,10,0,0,0,127.6577,255150,336,
condition|r5000|time|closure_2|C-08|astar,condition,r5000,time,closure_2,C-08,astar,10,10,0,0,0,157.7879,220450,187,
condition|r5000|time|closure_2|C-08|dijkstra,condition,r5000,time,closure_2,C-08,dijkstra,10,10,0,0,0,157.7879,269400,379,
condition|r5000|time|closure_2|C-09|astar,condition,r5000,time,closure_2,C-09,astar,10,10,0,0,0,50.8365,209800,35,
condition|r5000|time|closure_2|C-09|dijkstra,condition,r5000,time,closure_2,C-09,dijkstra,10,10,0,0,0,50.8365,206550,58,
condition|r5000|time|closure_2|C-10|astar,condition,r5000,time,closure_2,C-10,astar,10,10,0,0,0,140.7454,236200,105,
condition|r5000|time|closure_2|C-10|dijkstra,condition,r5000,time,closure_2,C-10,dijkstra,10,10,0,0,0,140.7454,248150,184,
condition|r5000|time|closure_2|G-5000-01|astar,condition,r5000,time,closure_2,G-5000-01,astar,10,10,0,0,0,683.1935,689600,2903,
condition|r5000|time|closure_2|G-5000-01|dijkstra,condition,r5000,time,closure_2,G-5000-01,dijkstra,10,10,0,0,0,683.1935,891400,3630,
condition|r5000|time|closure_2|G-5000-02|astar,condition,r5000,time,closure_2,G-5000-02,astar,10,10,0,0,0,493.8505,477100,1612,
condition|r5000|time|closure_2|G-5000-02|dijkstra,condition,r5000,time,closure_2,G-5000-02,dijkstra,10,10,0,0,0,493.8505,616350,2381,
condition|r5000|time|closure_2|G-5000-03|astar,condition,r5000,time,closure_2,G-5000-03,astar,10,10,0,0,0,453.7644,492350,1454,
condition|r5000|time|closure_2|G-5000-03|dijkstra,condition,r5000,time,closure_2,G-5000-03,dijkstra,10,10,0,0,0,453.7644,652300,2555,
condition|r5000|time|closure_2|G-5000-04|astar,condition,r5000,time,closure_2,G-5000-04,astar,10,10,0,0,0,503.5008,546550,1574,
condition|r5000|time|closure_2|G-5000-04|dijkstra,condition,r5000,time,closure_2,G-5000-04,dijkstra,10,10,0,0,0,503.5008,887400,3513,
condition|r5000|time|closure_2|G-5000-05|astar,condition,r5000,time,closure_2,G-5000-05,astar,10,10,0,0,0,473.444,408500,958,
condition|r5000|time|closure_2|G-5000-05|dijkstra,condition,r5000,time,closure_2,G-5000-05,dijkstra,10,10,0,0,0,473.444,539400,1865,
condition|r5000|time|closure_2|G-5000-06|astar,condition,r5000,time,closure_2,G-5000-06,astar,10,10,0,0,0,526.1418,647450,2246,
condition|r5000|time|closure_2|G-5000-06|dijkstra,condition,r5000,time,closure_2,G-5000-06,dijkstra,10,10,0,0,0,526.1418,865200,3595,
condition|r5000|time|closure_2|G-5000-07|astar,condition,r5000,time,closure_2,G-5000-07,astar,10,10,0,0,0,354.4128,625100,1986,
condition|r5000|time|closure_2|G-5000-07|dijkstra,condition,r5000,time,closure_2,G-5000-07,dijkstra,10,10,0,0,0,354.4128,794000,2925,
condition|r5000|time|closure_2|G-5000-08|astar,condition,r5000,time,closure_2,G-5000-08,astar,10,10,0,0,0,552.8548,739450,2887,
condition|r5000|time|closure_2|G-5000-08|dijkstra,condition,r5000,time,closure_2,G-5000-08,dijkstra,10,10,0,0,0,552.8548,922400,3966,
condition|r5000|time|closure_2|G-5000-09|astar,condition,r5000,time,closure_2,G-5000-09,astar,10,10,0,0,0,386.8669,566050,2116,
condition|r5000|time|closure_2|G-5000-09|dijkstra,condition,r5000,time,closure_2,G-5000-09,dijkstra,10,10,0,0,0,386.8669,698750,2969,
condition|r5000|time|closure_2|G-5000-10|astar,condition,r5000,time,closure_2,G-5000-10,astar,10,10,0,0,0,446.7499,463700,1106,
condition|r5000|time|closure_2|G-5000-10|dijkstra,condition,r5000,time,closure_2,G-5000-10,dijkstra,10,10,0,0,0,446.7499,615350,1941,
condition|r5000|time|closure_3|C-01|astar,condition,r5000,time,closure_3,C-01,astar,10,10,0,0,0,41.8997,191800,26,
condition|r5000|time|closure_3|C-01|dijkstra,condition,r5000,time,closure_3,C-01,dijkstra,10,10,0,0,0,41.8997,211350,47,
condition|r5000|time|closure_3|C-02|astar,condition,r5000,time,closure_3,C-02,astar,10,10,0,0,0,82.0965,210800,112,
condition|r5000|time|closure_3|C-02|dijkstra,condition,r5000,time,closure_3,C-02,dijkstra,10,10,0,0,0,82.0965,234350,237,
condition|r5000|time|closure_3|C-03|astar,condition,r5000,time,closure_3,C-03,astar,10,10,0,0,0,114.4686,217950,84,
condition|r5000|time|closure_3|C-03|dijkstra,condition,r5000,time,closure_3,C-03,dijkstra,10,10,0,0,0,114.4686,224750,215,
condition|r5000|time|closure_3|C-04|astar,condition,r5000,time,closure_3,C-04,astar,10,10,0,0,0,149.3783,205700,81,
condition|r5000|time|closure_3|C-04|dijkstra,condition,r5000,time,closure_3,C-04,dijkstra,10,10,0,0,0,149.3783,211650,144,
condition|r5000|time|closure_3|C-05|astar,condition,r5000,time,closure_3,C-05,astar,10,10,0,0,0,86.1625,221600,87,
condition|r5000|time|closure_3|C-05|dijkstra,condition,r5000,time,closure_3,C-05,dijkstra,10,10,0,0,0,86.1625,225100,161,
condition|r5000|time|closure_3|C-06|astar,condition,r5000,time,closure_3,C-06,astar,10,10,0,0,0,70.6672,217900,48,
condition|r5000|time|closure_3|C-06|dijkstra,condition,r5000,time,closure_3,C-06,dijkstra,10,10,0,0,0,70.6672,201550,84,
condition|r5000|time|closure_3|C-07|astar,condition,r5000,time,closure_3,C-07,astar,10,10,0,0,0,127.6577,219850,166,
condition|r5000|time|closure_3|C-07|dijkstra,condition,r5000,time,closure_3,C-07,dijkstra,10,10,0,0,0,127.6577,243050,336,
condition|r5000|time|closure_3|C-08|astar,condition,r5000,time,closure_3,C-08,astar,10,10,0,0,0,157.7879,222600,187,
condition|r5000|time|closure_3|C-08|dijkstra,condition,r5000,time,closure_3,C-08,dijkstra,10,10,0,0,0,157.7879,251900,379,
condition|r5000|time|closure_3|C-09|astar,condition,r5000,time,closure_3,C-09,astar,10,10,0,0,0,50.8365,199850,35,
condition|r5000|time|closure_3|C-09|dijkstra,condition,r5000,time,closure_3,C-09,dijkstra,10,10,0,0,0,50.8365,205000,58,
condition|r5000|time|closure_3|C-10|astar,condition,r5000,time,closure_3,C-10,astar,10,10,0,0,0,140.7454,232650,105,
condition|r5000|time|closure_3|C-10|dijkstra,condition,r5000,time,closure_3,C-10,dijkstra,10,10,0,0,0,140.7454,231550,184,
condition|r5000|time|closure_3|G-5000-01|astar,condition,r5000,time,closure_3,G-5000-01,astar,10,10,0,0,0,683.1935,789600,2903,
condition|r5000|time|closure_3|G-5000-01|dijkstra,condition,r5000,time,closure_3,G-5000-01,dijkstra,10,10,0,0,0,683.1935,891450,3630,
condition|r5000|time|closure_3|G-5000-02|astar,condition,r5000,time,closure_3,G-5000-02,astar,10,10,0,0,0,493.8505,517300,1612,
condition|r5000|time|closure_3|G-5000-02|dijkstra,condition,r5000,time,closure_3,G-5000-02,dijkstra,10,10,0,0,0,493.8505,636450,2381,
condition|r5000|time|closure_3|G-5000-03|astar,condition,r5000,time,closure_3,G-5000-03,astar,10,10,0,0,0,453.7644,492900,1454,
condition|r5000|time|closure_3|G-5000-03|dijkstra,condition,r5000,time,closure_3,G-5000-03,dijkstra,10,10,0,0,0,453.7644,646500,2555,
condition|r5000|time|closure_3|G-5000-04|astar,condition,r5000,time,closure_3,G-5000-04,astar,10,10,0,0,0,503.5008,521250,1574,
condition|r5000|time|closure_3|G-5000-04|dijkstra,condition,r5000,time,closure_3,G-5000-04,dijkstra,10,10,0,0,0,503.5008,889150,3513,
condition|r5000|time|closure_3|G-5000-05|astar,condition,r5000,time,closure_3,G-5000-05,astar,10,10,0,0,0,473.444,412150,958,
condition|r5000|time|closure_3|G-5000-05|dijkstra,condition,r5000,time,closure_3,G-5000-05,dijkstra,10,10,0,0,0,473.444,555500,1865,
condition|r5000|time|closure_3|G-5000-06|astar,condition,r5000,time,closure_3,G-5000-06,astar,10,10,0,0,0,526.1418,612450,2246,
condition|r5000|time|closure_3|G-5000-06|dijkstra,condition,r5000,time,closure_3,G-5000-06,dijkstra,10,10,0,0,0,526.1418,891250,3595,
condition|r5000|time|closure_3|G-5000-07|astar,condition,r5000,time,closure_3,G-5000-07,astar,10,10,0,0,0,354.4128,542600,1986,
condition|r5000|time|closure_3|G-5000-07|dijkstra,condition,r5000,time,closure_3,G-5000-07,dijkstra,10,10,0,0,0,354.4128,698450,2925,
condition|r5000|time|closure_3|G-5000-08|astar,condition,r5000,time,closure_3,G-5000-08,astar,10,10,0,0,0,552.8548,678250,2887,
condition|r5000|time|closure_3|G-5000-08|dijkstra,condition,r5000,time,closure_3,G-5000-08,dijkstra,10,10,0,0,0,552.8548,890100,3965,
condition|r5000|time|closure_3|G-5000-09|astar,condition,r5000,time,closure_3,G-5000-09,astar,10,10,0,0,0,386.8669,564400,2116,
condition|r5000|time|closure_3|G-5000-09|dijkstra,condition,r5000,time,closure_3,G-5000-09,dijkstra,10,10,0,0,0,386.8669,714100,2969,
condition|r5000|time|closure_3|G-5000-10|astar,condition,r5000,time,closure_3,G-5000-10,astar,10,10,0,0,0,446.7499,406900,1106,
condition|r5000|time|closure_3|G-5000-10|dijkstra,condition,r5000,time,closure_3,G-5000-10,dijkstra,10,10,0,0,0,446.7499,525350,1941,
condition|r5000|time|congestion_1_5|C-01|astar,condition,r5000,time,congestion_1_5,C-01,astar,10,10,0,0,0,41.8997,204450,25,
condition|r5000|time|congestion_1_5|C-01|dijkstra,condition,r5000,time,congestion_1_5,C-01,dijkstra,10,10,0,0,0,41.8997,214250,42,
condition|r5000|time|congestion_1_5|C-02|astar,condition,r5000,time,congestion_1_5,C-02,astar,10,10,0,0,0,82.0965,236250,98,
condition|r5000|time|congestion_1_5|C-02|dijkstra,condition,r5000,time,congestion_1_5,C-02,dijkstra,10,10,0,0,0,82.0965,246600,213,
condition|r5000|time|congestion_1_5|C-03|astar,condition,r5000,time,congestion_1_5,C-03,astar,10,10,0,0,0,115.8582,232850,82,
condition|r5000|time|congestion_1_5|C-03|dijkstra,condition,r5000,time,congestion_1_5,C-03,dijkstra,10,10,0,0,0,115.8582,236150,194,
condition|r5000|time|congestion_1_5|C-04|astar,condition,r5000,time,congestion_1_5,C-04,astar,10,10,0,0,0,149.3783,231200,80,
condition|r5000|time|congestion_1_5|C-04|dijkstra,condition,r5000,time,congestion_1_5,C-04,dijkstra,10,10,0,0,0,149.3783,252800,134,
condition|r5000|time|congestion_1_5|C-05|astar,condition,r5000,time,congestion_1_5,C-05,astar,10,10,0,0,0,100.2447,235900,111,
condition|r5000|time|congestion_1_5|C-05|dijkstra,condition,r5000,time,congestion_1_5,C-05,dijkstra,10,10,0,0,0,100.2447,258700,198,
condition|r5000|time|congestion_1_5|C-06|astar,condition,r5000,time,congestion_1_5,C-06,astar,10,10,0,0,0,85.1545,221050,59,
condition|r5000|time|congestion_1_5|C-06|dijkstra,condition,r5000,time,congestion_1_5,C-06,dijkstra,10,10,0,0,0,85.1545,228650,105,
condition|r5000|time|congestion_1_5|C-07|astar,condition,r5000,time,congestion_1_5,C-07,astar,10,10,0,0,0,129.3124,226600,156,
condition|r5000|time|congestion_1_5|C-07|dijkstra,condition,r5000,time,congestion_1_5,C-07,dijkstra,10,10,0,0,0,129.3124,283850,303,
condition|r5000|time|congestion_1_5|C-08|astar,condition,r5000,time,congestion_1_5,C-08,astar,10,10,0,0,0,159.1775,229150,177,
condition|r5000|time|congestion_1_5|C-08|dijkstra,condition,r5000,time,congestion_1_5,C-08,dijkstra,10,10,0,0,0,159.1775,270450,358,
condition|r5000|time|congestion_1_5|C-09|astar,condition,r5000,time,congestion_1_5,C-09,astar,10,10,0,0,0,53.2568,205150,33,
condition|r5000|time|congestion_1_5|C-09|dijkstra,condition,r5000,time,congestion_1_5,C-09,dijkstra,10,10,0,0,0,53.2568,205150,43,
condition|r5000|time|congestion_1_5|C-10|astar,condition,r5000,time,congestion_1_5,C-10,astar,10,10,0,0,0,142.1351,252500,106,
condition|r5000|time|congestion_1_5|C-10|dijkstra,condition,r5000,time,congestion_1_5,C-10,dijkstra,10,10,0,0,0,142.1351,252600,179,
condition|r5000|time|congestion_1_5|G-5000-01|astar,condition,r5000,time,congestion_1_5,G-5000-01,astar,10,10,0,0,0,726.8201,832400,2951,
condition|r5000|time|congestion_1_5|G-5000-01|dijkstra,condition,r5000,time,congestion_1_5,G-5000-01,dijkstra,10,10,0,0,0,726.8201,857000,3592,
condition|r5000|time|congestion_1_5|G-5000-02|astar,condition,r5000,time,congestion_1_5,G-5000-02,astar,10,10,0,0,0,509.713,535500,1705,
condition|r5000|time|congestion_1_5|G-5000-02|dijkstra,condition,r5000,time,congestion_1_5,G-5000-02,dijkstra,10,10,0,0,0,509.713,701750,2457,
condition|r5000|time|congestion_1_5|G-5000-03|astar,condition,r5000,time,congestion_1_5,G-5000-03,astar,10,10,0,0,0,457.956,504800,1370,
condition|r5000|time|congestion_1_5|G-5000-03|dijkstra,condition,r5000,time,congestion_1_5,G-5000-03,dijkstra,10,10,0,0,0,457.956,664550,2515,
condition|r5000|time|congestion_1_5|G-5000-04|astar,condition,r5000,time,congestion_1_5,G-5000-04,astar,10,10,0,0,0,518.9319,494500,1601,
condition|r5000|time|congestion_1_5|G-5000-04|dijkstra,condition,r5000,time,congestion_1_5,G-5000-04,dijkstra,10,10,0,0,0,518.9319,867800,3498,
condition|r5000|time|congestion_1_5|G-5000-05|astar,condition,r5000,time,congestion_1_5,G-5000-05,astar,10,10,0,0,0,485.3089,402950,974,
condition|r5000|time|congestion_1_5|G-5000-05|dijkstra,condition,r5000,time,congestion_1_5,G-5000-05,dijkstra,10,10,0,0,0,485.3089,562650,1827,
condition|r5000|time|congestion_1_5|G-5000-06|astar,condition,r5000,time,congestion_1_5,G-5000-06,astar,10,10,0,0,0,545.6457,686650,2284,
condition|r5000|time|congestion_1_5|G-5000-06|dijkstra,condition,r5000,time,congestion_1_5,G-5000-06,dijkstra,10,10,0,0,0,545.6457,951400,3592,
condition|r5000|time|congestion_1_5|G-5000-07|astar,condition,r5000,time,congestion_1_5,G-5000-07,astar,10,10,0,0,0,377.0424,597900,2112,
condition|r5000|time|congestion_1_5|G-5000-07|dijkstra,condition,r5000,time,congestion_1_5,G-5000-07,dijkstra,10,10,0,0,0,377.0424,714250,2948,
condition|r5000|time|congestion_1_5|G-5000-08|astar,condition,r5000,time,congestion_1_5,G-5000-08,astar,10,10,0,0,0,572.5199,754250,2895,
condition|r5000|time|congestion_1_5|G-5000-08|dijkstra,condition,r5000,time,congestion_1_5,G-5000-08,dijkstra,10,10,0,0,0,572.5199,973600,3946,
condition|r5000|time|congestion_1_5|G-5000-09|astar,condition,r5000,time,congestion_1_5,G-5000-09,astar,10,10,0,0,0,409.1366,698150,2200,
condition|r5000|time|congestion_1_5|G-5000-09|dijkstra,condition,r5000,time,congestion_1_5,G-5000-09,dijkstra,10,10,0,0,0,409.1366,730700,3021,
condition|r5000|time|congestion_1_5|G-5000-10|astar,condition,r5000,time,congestion_1_5,G-5000-10,astar,10,10,0,0,0,474.7038,497300,1144,
condition|r5000|time|congestion_1_5|G-5000-10|dijkstra,condition,r5000,time,congestion_1_5,G-5000-10,dijkstra,10,10,0,0,0,474.7038,612600,1924,
condition|r5000|time|congestion_3_0|C-01|astar,condition,r5000,time,congestion_3_0,C-01,astar,10,10,0,0,0,41.8997,239850,23,
condition|r5000|time|congestion_3_0|C-01|dijkstra,condition,r5000,time,congestion_3_0,C-01,dijkstra,10,10,0,0,0,41.8997,227450,36,
condition|r5000|time|congestion_3_0|C-02|astar,condition,r5000,time,congestion_3_0,C-02,astar,10,10,0,0,0,82.0965,228800,90,
condition|r5000|time|congestion_3_0|C-02|dijkstra,condition,r5000,time,congestion_3_0,C-02,dijkstra,10,10,0,0,0,82.0965,251400,168,
condition|r5000|time|congestion_3_0|C-03|astar,condition,r5000,time,congestion_3_0,C-03,astar,10,10,0,0,0,120.0271,218950,85,
condition|r5000|time|congestion_3_0|C-03|dijkstra,condition,r5000,time,congestion_3_0,C-03,dijkstra,10,10,0,0,0,120.0271,249200,195,
condition|r5000|time|congestion_3_0|C-04|astar,condition,r5000,time,congestion_3_0,C-04,astar,10,10,0,0,0,149.3783,233550,73,
condition|r5000|time|congestion_3_0|C-04|dijkstra,condition,r5000,time,congestion_3_0,C-04,dijkstra,10,10,0,0,0,149.3783,244450,123,
condition|r5000|time|congestion_3_0|C-05|astar,condition,r5000,time,congestion_3_0,C-05,astar,10,10,0,0,0,109.011,231750,81,
condition|r5000|time|congestion_3_0|C-05|dijkstra,condition,r5000,time,congestion_3_0,C-05,dijkstra,10,10,0,0,0,109.011,250850,152,
condition|r5000|time|congestion_3_0|C-06|astar,condition,r5000,time,congestion_3_0,C-06,astar,10,10,0,0,0,104.3728,244700,63,
condition|r5000|time|congestion_3_0|C-06|dijkstra,condition,r5000,time,congestion_3_0,C-06,dijkstra,10,10,0,0,0,104.3728,250850,97,
condition|r5000|time|congestion_3_0|C-07|astar,condition,r5000,time,congestion_3_0,C-07,astar,10,10,0,0,0,129.6883,241750,130,
condition|r5000|time|congestion_3_0|C-07|dijkstra,condition,r5000,time,congestion_3_0,C-07,dijkstra,10,10,0,0,0,129.6883,262300,247,
condition|r5000|time|congestion_3_0|C-08|astar,condition,r5000,time,congestion_3_0,C-08,astar,10,10,0,0,0,163.3465,225950,183,
condition|r5000|time|congestion_3_0|C-08|dijkstra,condition,r5000,time,congestion_3_0,C-08,dijkstra,10,10,0,0,0,163.3465,268500,346,
condition|r5000|time|congestion_3_0|C-09|astar,condition,r5000,time,congestion_3_0,C-09,astar,10,10,0,0,0,60.5175,220350,30,
condition|r5000|time|congestion_3_0|C-09|dijkstra,condition,r5000,time,congestion_3_0,C-09,dijkstra,10,10,0,0,0,60.5175,212700,35,
condition|r5000|time|congestion_3_0|C-10|astar,condition,r5000,time,congestion_3_0,C-10,astar,10,10,0,0,0,146.304,228450,109,
condition|r5000|time|congestion_3_0|C-10|dijkstra,condition,r5000,time,congestion_3_0,C-10,dijkstra,10,10,0,0,0,146.304,235250,183,
condition|r5000|time|congestion_3_0|G-5000-01|astar,condition,r5000,time,congestion_3_0,G-5000-01,astar,10,10,0,0,0,806.9021,805500,3131,
condition|r5000|time|congestion_3_0|G-5000-01|dijkstra,condition,r5000,time,congestion_3_0,G-5000-01,dijkstra,10,10,0,0,0,806.9021,926200,3609,
condition|r5000|time|congestion_3_0|G-5000-02|astar,condition,r5000,time,congestion_3_0,G-5000-02,astar,10,10,0,0,0,541.3301,640450,1866,
condition|r5000|time|congestion_3_0|G-5000-02|dijkstra,condition,r5000,time,congestion_3_0,G-5000-02,dijkstra,10,10,0,0,0,541.3301,679100,2581,
condition|r5000|time|congestion_3_0|G-5000-03|astar,condition,r5000,time,congestion_3_0,G-5000-03,astar,10,10,0,0,0,470.5307,533650,1307,
condition|r5000|time|congestion_3_0|G-5000-03|dijkstra,condition,r5000,time,congestion_3_0,G-5000-03,dijkstra,10,10,0,0,0,470.5307,721150,2425,
condition|r5000|time|congestion_3_0|G-5000-04|astar,condition,r5000,time,congestion_3_0,G-5000-04,astar,10,10,0,0,0,565.2255,543500,1777,
condition|r5000|time|congestion_3_0|G-5000-04|dijkstra,condition,r5000,time,congestion_3_0,G-5000-04,dijkstra,10,10,0,0,0,565.2255,932500,3531,
condition|r5000|time|congestion_3_0|G-5000-05|astar,condition,r5000,time,congestion_3_0,G-5000-05,astar,10,10,0,0,0,507.9019,404650,993,
condition|r5000|time|congestion_3_0|G-5000-05|dijkstra,condition,r5000,time,congestion_3_0,G-5000-05,dijkstra,10,10,0,0,0,507.9019,562750,1733,
condition|r5000|time|congestion_3_0|G-5000-06|astar,condition,r5000,time,congestion_3_0,G-5000-06,astar,10,10,0,0,0,555.5398,622250,2006,
condition|r5000|time|congestion_3_0|G-5000-06|dijkstra,condition,r5000,time,congestion_3_0,G-5000-06,dijkstra,10,10,0,0,0,555.5398,926250,3370,
condition|r5000|time|congestion_3_0|G-5000-07|astar,condition,r5000,time,congestion_3_0,G-5000-07,astar,10,10,0,0,0,421.2557,636550,2231,
condition|r5000|time|congestion_3_0|G-5000-07|dijkstra,condition,r5000,time,congestion_3_0,G-5000-07,dijkstra,10,10,0,0,0,421.2557,891650,2985,
condition|r5000|time|congestion_3_0|G-5000-08|astar,condition,r5000,time,congestion_3_0,G-5000-08,astar,10,10,0,0,0,629.3858,895850,2983,
condition|r5000|time|congestion_3_0|G-5000-08|dijkstra,condition,r5000,time,congestion_3_0,G-5000-08,dijkstra,10,10,0,0,0,629.3858,986600,3944,
condition|r5000|time|congestion_3_0|G-5000-09|astar,condition,r5000,time,congestion_3_0,G-5000-09,astar,10,10,0,0,0,475.9456,670100,2323,
condition|r5000|time|congestion_3_0|G-5000-09|dijkstra,condition,r5000,time,congestion_3_0,G-5000-09,dijkstra,10,10,0,0,0,475.9456,876600,3220,
condition|r5000|time|congestion_3_0|G-5000-10|astar,condition,r5000,time,congestion_3_0,G-5000-10,astar,10,10,0,0,0,526.0491,499300,1263,
condition|r5000|time|congestion_3_0|G-5000-10|dijkstra,condition,r5000,time,congestion_3_0,G-5000-10,dijkstra,10,10,0,0,0,526.0491,569950,1966,
condition|r5000|time|normal|C-01|astar,condition,r5000,time,normal,C-01,astar,10,10,0,0,0,41.8997,224750,26,
condition|r5000|time|normal|C-01|dijkstra,condition,r5000,time,normal,C-01,dijkstra,10,10,0,0,0,41.8997,224600,47,
condition|r5000|time|normal|C-02|astar,condition,r5000,time,normal,C-02,astar,10,10,0,0,0,82.0965,230400,112,
condition|r5000|time|normal|C-02|dijkstra,condition,r5000,time,normal,C-02,dijkstra,10,10,0,0,0,82.0965,244950,237,
condition|r5000|time|normal|C-03|astar,condition,r5000,time,normal,C-03,astar,10,10,0,0,0,114.4686,252250,84,
condition|r5000|time|normal|C-03|dijkstra,condition,r5000,time,normal,C-03,dijkstra,10,10,0,0,0,114.4686,258150,215,
condition|r5000|time|normal|C-04|astar,condition,r5000,time,normal,C-04,astar,10,10,0,0,0,149.3783,232550,81,
condition|r5000|time|normal|C-04|dijkstra,condition,r5000,time,normal,C-04,dijkstra,10,10,0,0,0,149.3783,245250,144,
condition|r5000|time|normal|C-05|astar,condition,r5000,time,normal,C-05,astar,10,10,0,0,0,86.1625,231100,87,
condition|r5000|time|normal|C-05|dijkstra,condition,r5000,time,normal,C-05,dijkstra,10,10,0,0,0,86.1625,246850,161,
condition|r5000|time|normal|C-06|astar,condition,r5000,time,normal,C-06,astar,10,10,0,0,0,70.6672,218400,48,
condition|r5000|time|normal|C-06|dijkstra,condition,r5000,time,normal,C-06,dijkstra,10,10,0,0,0,70.6672,221900,84,
condition|r5000|time|normal|C-07|astar,condition,r5000,time,normal,C-07,astar,10,10,0,0,0,127.6577,248900,166,
condition|r5000|time|normal|C-07|dijkstra,condition,r5000,time,normal,C-07,dijkstra,10,10,0,0,0,127.6577,279100,336,
condition|r5000|time|normal|C-08|astar,condition,r5000,time,normal,C-08,astar,10,10,0,0,0,157.7879,253400,187,
condition|r5000|time|normal|C-08|dijkstra,condition,r5000,time,normal,C-08,dijkstra,10,10,0,0,0,157.7879,302950,379,
condition|r5000|time|normal|C-09|astar,condition,r5000,time,normal,C-09,astar,10,10,0,0,0,50.8365,225650,35,
condition|r5000|time|normal|C-09|dijkstra,condition,r5000,time,normal,C-09,dijkstra,10,10,0,0,0,50.8365,233750,58,
condition|r5000|time|normal|C-10|astar,condition,r5000,time,normal,C-10,astar,10,10,0,0,0,140.7454,239700,105,
condition|r5000|time|normal|C-10|dijkstra,condition,r5000,time,normal,C-10,dijkstra,10,10,0,0,0,140.7454,261300,184,
condition|r5000|time|normal|G-5000-01|astar,condition,r5000,time,normal,G-5000-01,astar,10,10,0,0,0,683.1935,857250,2903,
condition|r5000|time|normal|G-5000-01|dijkstra,condition,r5000,time,normal,G-5000-01,dijkstra,10,10,0,0,0,683.1935,882200,3630,
condition|r5000|time|normal|G-5000-02|astar,condition,r5000,time,normal,G-5000-02,astar,10,10,0,0,0,493.8505,467150,1612,
condition|r5000|time|normal|G-5000-02|dijkstra,condition,r5000,time,normal,G-5000-02,dijkstra,10,10,0,0,0,493.8505,647550,2381,
condition|r5000|time|normal|G-5000-03|astar,condition,r5000,time,normal,G-5000-03,astar,10,10,0,0,0,453.7644,549200,1454,
condition|r5000|time|normal|G-5000-03|dijkstra,condition,r5000,time,normal,G-5000-03,dijkstra,10,10,0,0,0,453.7644,733150,2555,
condition|r5000|time|normal|G-5000-04|astar,condition,r5000,time,normal,G-5000-04,astar,10,10,0,0,0,503.5008,498150,1574,
condition|r5000|time|normal|G-5000-04|dijkstra,condition,r5000,time,normal,G-5000-04,dijkstra,10,10,0,0,0,503.5008,869050,3513,
condition|r5000|time|normal|G-5000-05|astar,condition,r5000,time,normal,G-5000-05,astar,10,10,0,0,0,473.444,421250,958,
condition|r5000|time|normal|G-5000-05|dijkstra,condition,r5000,time,normal,G-5000-05,dijkstra,10,10,0,0,0,473.444,608800,1865,
condition|r5000|time|normal|G-5000-06|astar,condition,r5000,time,normal,G-5000-06,astar,10,10,0,0,0,526.1418,680500,2246,
condition|r5000|time|normal|G-5000-06|dijkstra,condition,r5000,time,normal,G-5000-06,dijkstra,10,10,0,0,0,526.1418,897150,3595,
condition|r5000|time|normal|G-5000-07|astar,condition,r5000,time,normal,G-5000-07,astar,10,10,0,0,0,354.4128,636750,1986,
condition|r5000|time|normal|G-5000-07|dijkstra,condition,r5000,time,normal,G-5000-07,dijkstra,10,10,0,0,0,354.4128,834050,2925,
condition|r5000|time|normal|G-5000-08|astar,condition,r5000,time,normal,G-5000-08,astar,10,10,0,0,0,552.8548,739050,2887,
condition|r5000|time|normal|G-5000-08|dijkstra,condition,r5000,time,normal,G-5000-08,dijkstra,10,10,0,0,0,552.8548,1000500,3966,
condition|r5000|time|normal|G-5000-09|astar,condition,r5000,time,normal,G-5000-09,astar,10,10,0,0,0,386.8669,617600,2116,
condition|r5000|time|normal|G-5000-09|dijkstra,condition,r5000,time,normal,G-5000-09,dijkstra,10,10,0,0,0,386.8669,779300,2969,
condition|r5000|time|normal|G-5000-10|astar,condition,r5000,time,normal,G-5000-10,astar,10,10,0,0,0,446.7499,483100,1106,
condition|r5000|time|normal|G-5000-10|dijkstra,condition,r5000,time,normal,G-5000-10,dijkstra,10,10,0,0,0,446.7499,627600,1941,
road|r1000|distance|normal|C-01|astar,road,r1000,distance,normal,C-01,astar,10,10,0,0,0,349.1638,58950,9,
road|r1000|distance|normal|C-01|dfs,road,r1000,distance,normal,C-01,dfs,10,0,10,0,0,,,65467136,21997
road|r1000|distance|normal|C-01|dijkstra,road,r1000,distance,normal,C-01,dijkstra,10,10,0,0,0,349.1638,73750,53,
road|r1000|distance|normal|C-02|astar,road,r1000,distance,normal,C-02,astar,10,10,0,0,0,633.1147,54700,41,
road|r1000|distance|normal|C-02|dijkstra,road,r1000,distance,normal,C-02,dijkstra,10,10,0,0,0,633.1147,50350,149,
road|r1000|distance|normal|C-03|astar,road,r1000,distance,normal,C-03,astar,10,10,0,0,0,735.2935,41400,34,
road|r1000|distance|normal|C-03|dijkstra,road,r1000,distance,normal,C-03,dijkstra,10,10,0,0,0,735.2935,55450,180,
road|r1000|distance|normal|C-04|astar,road,r1000,distance,normal,C-04,astar,10,10,0,0,0,892.5147,40900,36,
road|r1000|distance|normal|C-04|dijkstra,road,r1000,distance,normal,C-04,dijkstra,10,10,0,0,0,892.5147,46300,114,
road|r1000|distance|normal|C-05|astar,road,r1000,distance,normal,C-05,astar,10,10,0,0,0,478.7257,35800,17,
road|r1000|distance|normal|C-05|dijkstra,road,r1000,distance,normal,C-05,dijkstra,10,10,0,0,0,478.7257,36900,64,
road|r1000|distance|normal|C-06|astar,road,r1000,distance,normal,C-06,astar,10,10,0,0,0,468.1663,40200,14,
road|r1000|distance|normal|C-06|dijkstra,road,r1000,distance,normal,C-06,dijkstra,10,10,0,0,0,468.1663,45100,63,
road|r1000|distance|normal|C-07|astar,road,r1000,distance,normal,C-07,astar,10,10,0,0,0,943.0869,42000,59,
road|r1000|distance|normal|C-07|dijkstra,road,r1000,distance,normal,C-07,dijkstra,10,10,0,0,0,943.0869,52400,154,
road|r1000|distance|normal|C-08|astar,road,r1000,distance,normal,C-08,astar,10,10,0,0,0,1079.6061,48700,82,
road|r1000|distance|normal|C-08|dijkstra,road,r1000,distance,normal,C-08,dijkstra,10,10,0,0,0,1079.6061,68950,279,
road|r1000|distance|normal|C-09|astar,road,r1000,distance,normal,C-09,astar,10,10,0,0,0,332.5253,34700,14,
road|r1000|distance|normal|C-09|dijkstra,road,r1000,distance,normal,C-09,dijkstra,10,10,0,0,0,332.5253,33900,35,
road|r1000|distance|normal|C-10|astar,road,r1000,distance,normal,C-10,astar,10,10,0,0,0,937.5855,41550,54,
road|r1000|distance|normal|C-10|dijkstra,road,r1000,distance,normal,C-10,dijkstra,10,10,0,0,0,937.5855,49400,135,
road|r1000|distance|normal|G-1000-01|astar,road,r1000,distance,normal,G-1000-01,astar,10,10,0,0,0,1918.3564,106250,229,
road|r1000|distance|normal|G-1000-01|dfs,road,r1000,distance,normal,G-1000-01,dfs,10,0,10,0,0,,,61378112,0
road|r1000|distance|normal|G-1000-01|dijkstra,road,r1000,distance,normal,G-1000-01,dijkstra,10,10,0,0,0,1918.3564,115000,474,
road|r1000|distance|normal|G-1000-02|astar,road,r1000,distance,normal,G-1000-02,astar,10,10,0,0,0,1500.4168,61350,131,
road|r1000|distance|normal|G-1000-02|dijkstra,road,r1000,distance,normal,G-1000-02,dijkstra,10,10,0,0,0,1500.4168,91400,436,
road|r1000|distance|normal|G-1000-03|astar,road,r1000,distance,normal,G-1000-03,astar,10,10,0,0,0,1337.5061,54750,89,
road|r1000|distance|normal|G-1000-03|dijkstra,road,r1000,distance,normal,G-1000-03,dijkstra,10,10,0,0,0,1337.5061,73250,312,
road|r1000|distance|normal|G-1000-04|astar,road,r1000,distance,normal,G-1000-04,astar,10,10,0,0,0,1312.6478,53800,116,
road|r1000|distance|normal|G-1000-04|dijkstra,road,r1000,distance,normal,G-1000-04,dijkstra,10,10,0,0,0,1312.6478,79100,337,
road|r1000|distance|normal|G-1000-05|astar,road,r1000,distance,normal,G-1000-05,astar,10,10,0,0,0,1606.6741,61900,118,
road|r1000|distance|normal|G-1000-05|dijkstra,road,r1000,distance,normal,G-1000-05,dijkstra,10,10,0,0,0,1606.6741,77450,290,
road|r1000|distance|normal|G-1000-06|astar,road,r1000,distance,normal,G-1000-06,astar,10,10,0,0,0,1444.5148,53450,93,
road|r1000|distance|normal|G-1000-06|dijkstra,road,r1000,distance,normal,G-1000-06,dijkstra,10,10,0,0,0,1444.5148,103450,481,
road|r1000|distance|normal|G-1000-07|astar,road,r1000,distance,normal,G-1000-07,astar,10,10,0,0,0,1838.9941,60800,157,
road|r1000|distance|normal|G-1000-07|dijkstra,road,r1000,distance,normal,G-1000-07,dijkstra,10,10,0,0,0,1838.9941,85200,446,
road|r1000|distance|normal|G-1000-08|astar,road,r1000,distance,normal,G-1000-08,astar,10,10,0,0,0,1687.4121,55250,150,
road|r1000|distance|normal|G-1000-08|dijkstra,road,r1000,distance,normal,G-1000-08,dijkstra,10,10,0,0,0,1687.4121,66350,295,
road|r1000|distance|normal|G-1000-09|astar,road,r1000,distance,normal,G-1000-09,astar,10,10,0,0,0,1569.0398,54000,134,
road|r1000|distance|normal|G-1000-09|dijkstra,road,r1000,distance,normal,G-1000-09,dijkstra,10,10,0,0,0,1569.0398,59450,183,
road|r1000|distance|normal|G-1000-10|astar,road,r1000,distance,normal,G-1000-10,astar,10,10,0,0,0,2081.2346,77600,221,
road|r1000|distance|normal|G-1000-10|dijkstra,road,r1000,distance,normal,G-1000-10,dijkstra,10,10,0,0,0,2081.2346,102750,509,
road|r1000|time|normal|C-01|astar,road,r1000,time,normal,C-01,astar,10,10,0,0,0,41.8997,52150,26,
road|r1000|time|normal|C-01|dfs,road,r1000,time,normal,C-01,dfs,10,0,10,0,0,,,66476480,21997
road|r1000|time|normal|C-01|dijkstra,road,r1000,time,normal,C-01,dijkstra,10,10,0,0,0,41.8997,39150,47,
road|r1000|time|normal|C-02|astar,road,r1000,time,normal,C-02,astar,10,10,0,0,0,82.0965,53550,112,
road|r1000|time|normal|C-02|dijkstra,road,r1000,time,normal,C-02,dijkstra,10,10,0,0,0,82.0965,65700,227,
road|r1000|time|normal|C-03|astar,road,r1000,time,normal,C-03,astar,10,10,0,0,0,114.4686,49200,84,
road|r1000|time|normal|C-03|dijkstra,road,r1000,time,normal,C-03,dijkstra,10,10,0,0,0,114.4686,62350,204,
road|r1000|time|normal|C-04|astar,road,r1000,time,normal,C-04,astar,10,10,0,0,0,149.3783,45350,81,
road|r1000|time|normal|C-04|dijkstra,road,r1000,time,normal,C-04,dijkstra,10,10,0,0,0,149.3783,52150,144,
road|r1000|time|normal|C-05|astar,road,r1000,time,normal,C-05,astar,10,10,0,0,0,86.1625,48500,87,
road|r1000|time|normal|C-05|dijkstra,road,r1000,time,normal,C-05,dijkstra,10,10,0,0,0,86.1625,54200,161,
road|r1000|time|normal|C-06|astar,road,r1000,time,normal,C-06,astar,10,10,0,0,0,70.6672,41650,48,
road|r1000|time|normal|C-06|dijkstra,road,r1000,time,normal,C-06,dijkstra,10,10,0,0,0,70.6672,41550,84,
road|r1000|time|normal|C-07|astar,road,r1000,time,normal,C-07,astar,10,10,0,0,0,127.6577,54100,166,
road|r1000|time|normal|C-07|dijkstra,road,r1000,time,normal,C-07,dijkstra,10,10,0,0,0,127.6577,69500,306,
road|r1000|time|normal|C-08|astar,road,r1000,time,normal,C-08,astar,10,10,0,0,0,157.7879,58950,187,
road|r1000|time|normal|C-08|dijkstra,road,r1000,time,normal,C-08,dijkstra,10,10,0,0,0,157.7879,74000,313,
road|r1000|time|normal|C-09|astar,road,r1000,time,normal,C-09,astar,10,10,0,0,0,50.8365,38350,35,
road|r1000|time|normal|C-09|dijkstra,road,r1000,time,normal,C-09,dijkstra,10,10,0,0,0,50.8365,37200,58,
road|r1000|time|normal|C-10|astar,road,r1000,time,normal,C-10,astar,10,10,0,0,0,140.7454,49350,105,
road|r1000|time|normal|C-10|dijkstra,road,r1000,time,normal,C-10,dijkstra,10,10,0,0,0,140.7454,57250,182,
road|r1000|time|normal|G-1000-01|astar,road,r1000,time,normal,G-1000-01,astar,10,10,0,0,0,265.3926,119300,404,
road|r1000|time|normal|G-1000-01|dfs,road,r1000,time,normal,G-1000-01,dfs,10,0,10,0,0,,,60969600,0
road|r1000|time|normal|G-1000-01|dijkstra,road,r1000,time,normal,G-1000-01,dijkstra,10,10,0,0,0,265.3926,145300,550,
road|r1000|time|normal|G-1000-02|astar,road,r1000,time,normal,G-1000-02,astar,10,10,0,0,0,110.7196,72600,205,
road|r1000|time|normal|G-1000-02|dijkstra,road,r1000,time,normal,G-1000-02,dijkstra,10,10,0,0,0,110.7196,82800,340,
road|r1000|time|normal|G-1000-03|astar,road,r1000,time,normal,G-1000-03,astar,10,10,0,0,0,123.6687,59350,178,
road|r1000|time|normal|G-1000-03|dijkstra,road,r1000,time,normal,G-1000-03,dijkstra,10,10,0,0,0,123.6687,82200,316,
road|r1000|time|normal|G-1000-04|astar,road,r1000,time,normal,G-1000-04,astar,10,10,0,0,0,105.8852,58400,152,
road|r1000|time|normal|G-1000-04|dijkstra,road,r1000,time,normal,G-1000-04,dijkstra,10,10,0,0,0,105.8852,69550,260,
road|r1000|time|normal|G-1000-05|astar,road,r1000,time,normal,G-1000-05,astar,10,10,0,0,0,132.5539,61100,180,
road|r1000|time|normal|G-1000-05|dijkstra,road,r1000,time,normal,G-1000-05,dijkstra,10,10,0,0,0,132.5539,69150,264,
road|r1000|time|normal|G-1000-06|astar,road,r1000,time,normal,G-1000-06,astar,10,10,0,0,0,118.5239,73200,244,
road|r1000|time|normal|G-1000-06|dijkstra,road,r1000,time,normal,G-1000-06,dijkstra,10,10,0,0,0,118.5239,97450,429,
road|r1000|time|normal|G-1000-07|astar,road,r1000,time,normal,G-1000-07,astar,10,10,0,0,0,154.8964,58850,139,
road|r1000|time|normal|G-1000-07|dijkstra,road,r1000,time,normal,G-1000-07,dijkstra,10,10,0,0,0,154.8964,84450,357,
road|r1000|time|normal|G-1000-08|astar,road,r1000,time,normal,G-1000-08,astar,10,10,0,0,0,134.0476,59400,158,
road|r1000|time|normal|G-1000-08|dijkstra,road,r1000,time,normal,G-1000-08,dijkstra,10,10,0,0,0,134.0476,60900,223,
road|r1000|time|normal|G-1000-09|astar,road,r1000,time,normal,G-1000-09,astar,10,10,0,0,0,142.0864,51250,115,
road|r1000|time|normal|G-1000-09|dijkstra,road,r1000,time,normal,G-1000-09,dijkstra,10,10,0,0,0,142.0864,53950,145,
road|r1000|time|normal|G-1000-10|astar,road,r1000,time,normal,G-1000-10,astar,10,10,0,0,0,235.8308,117700,491,
road|r1000|time|normal|G-1000-10|dijkstra,road,r1000,time,normal,G-1000-10,dijkstra,10,10,0,0,0,235.8308,119900,551,
road|r2000|distance|normal|C-01|astar,road,r2000,distance,normal,C-01,astar,10,10,0,0,0,349.1638,93100,9,
road|r2000|distance|normal|C-01|dfs,road,r2000,distance,normal,C-01,dfs,10,0,10,0,0,,,61882880,0
road|r2000|distance|normal|C-01|dijkstra,road,r2000,distance,normal,C-01,dijkstra,10,10,0,0,0,349.1638,122500,53,
road|r2000|distance|normal|C-02|astar,road,r2000,distance,normal,C-02,astar,10,10,0,0,0,633.1147,93250,41,
road|r2000|distance|normal|C-02|dijkstra,road,r2000,distance,normal,C-02,dijkstra,10,10,0,0,0,633.1147,107000,149,
road|r2000|distance|normal|C-03|astar,road,r2000,distance,normal,C-03,astar,10,10,0,0,0,735.2935,84000,34,
road|r2000|distance|normal|C-03|dijkstra,road,r2000,distance,normal,C-03,dijkstra,10,10,0,0,0,735.2935,103350,180,
road|r2000|distance|normal|C-04|astar,road,r2000,distance,normal,C-04,astar,10,10,0,0,0,892.5147,85950,36,
road|r2000|distance|normal|C-04|dijkstra,road,r2000,distance,normal,C-04,dijkstra,10,10,0,0,0,892.5147,91600,114,
road|r2000|distance|normal|C-05|astar,road,r2000,distance,normal,C-05,astar,10,10,0,0,0,478.7257,101850,17,
road|r2000|distance|normal|C-05|dijkstra,road,r2000,distance,normal,C-05,dijkstra,10,10,0,0,0,478.7257,128950,64,
road|r2000|distance|normal|C-06|astar,road,r2000,distance,normal,C-06,astar,10,10,0,0,0,468.1663,85550,14,
road|r2000|distance|normal|C-06|dijkstra,road,r2000,distance,normal,C-06,dijkstra,10,10,0,0,0,468.1663,93450,63,
road|r2000|distance|normal|C-07|astar,road,r2000,distance,normal,C-07,astar,10,10,0,0,0,943.0869,96250,59,
road|r2000|distance|normal|C-07|dijkstra,road,r2000,distance,normal,C-07,dijkstra,10,10,0,0,0,943.0869,108700,154,
road|r2000|distance|normal|C-08|astar,road,r2000,distance,normal,C-08,astar,10,10,0,0,0,1079.6061,97900,82,
road|r2000|distance|normal|C-08|dijkstra,road,r2000,distance,normal,C-08,dijkstra,10,10,0,0,0,1079.6061,133300,279,
road|r2000|distance|normal|C-09|astar,road,r2000,distance,normal,C-09,astar,10,10,0,0,0,332.5253,90750,14,
road|r2000|distance|normal|C-09|dijkstra,road,r2000,distance,normal,C-09,dijkstra,10,10,0,0,0,332.5253,79200,35,
road|r2000|distance|normal|C-10|astar,road,r2000,distance,normal,C-10,astar,10,10,0,0,0,937.5855,87750,54,
road|r2000|distance|normal|C-10|dijkstra,road,r2000,distance,normal,C-10,dijkstra,10,10,0,0,0,937.5855,98150,135,
road|r2000|distance|normal|G-2000-01|astar,road,r2000,distance,normal,G-2000-01,astar,10,10,0,0,0,2814.1329,166750,280,
road|r2000|distance|normal|G-2000-01|dfs,road,r2000,distance,normal,G-2000-01,dfs,10,0,10,0,0,,,61183360,0
road|r2000|distance|normal|G-2000-01|dijkstra,road,r2000,distance,normal,G-2000-01,dijkstra,10,10,0,0,0,2814.1329,350200,1455,
road|r2000|distance|normal|G-2000-02|astar,road,r2000,distance,normal,G-2000-02,astar,10,10,0,0,0,2731.4089,126000,206,
road|r2000|distance|normal|G-2000-02|dijkstra,road,r2000,distance,normal,G-2000-02,dijkstra,10,10,0,0,0,2731.4089,218700,832,
road|r2000|distance|normal|G-2000-03|astar,road,r2000,distance,normal,G-2000-03,astar,10,10,0,0,0,2572.4782,138800,348,
road|r2000|distance|normal|G-2000-03|dijkstra,road,r2000,distance,normal,G-2000-03,dijkstra,10,10,0,0,0,2572.4782,230850,1083,
road|r2000|distance|normal|G-2000-04|astar,road,r2000,distance,normal,G-2000-04,astar,10,10,0,0,0,2347.6982,185200,651,
road|r2000|distance|normal|G-2000-04|dijkstra,road,r2000,distance,normal,G-2000-04,dijkstra,10,10,0,0,0,2347.6982,323850,1520,
road|r2000|distance|normal|G-2000-05|astar,road,r2000,distance,normal,G-2000-05,astar,10,10,0,0,0,2715.3083,103600,130,
road|r2000|distance|normal|G-2000-05|dijkstra,road,r2000,distance,normal,G-2000-05,dijkstra,10,10,0,0,0,2715.3083,210100,896,
road|r2000|distance|normal|G-2000-06|astar,road,r2000,distance,normal,G-2000-06,astar,10,10,0,0,0,3376.5956,210950,728,
road|r2000|distance|normal|G-2000-06|dijkstra,road,r2000,distance,normal,G-2000-06,dijkstra,10,10,0,0,0,3376.5956,339700,1648,
road|r2000|distance|normal|G-2000-07|astar,road,r2000,distance,normal,G-2000-07,astar,10,10,0,0,0,3282.8542,166050,478,
road|r2000|distance|normal|G-2000-07|dijkstra,road,r2000,distance,normal,G-2000-07,dijkstra,10,10,0,0,0,3282.8542,310750,1606,
road|r2000|distance|normal|G-2000-08|astar,road,r2000,distance,normal,G-2000-08,astar,10,10,0,0,0,1950.6982,95950,68,
road|r2000|distance|normal|G-2000-08|dijkstra,road,r2000,distance,normal,G-2000-08,dijkstra,10,10,0,0,0,1950.6982,260800,1278,
road|r2000|distance|normal|G-2000-09|astar,road,r2000,distance,normal,G-2000-09,astar,10,10,0,0,0,3653.056,216250,697,
road|r2000|distance|normal|G-2000-09|dijkstra,road,r2000,distance,normal,G-2000-09,dijkstra,10,10,0,0,0,3653.056,313800,1580,
road|r2000|distance|normal|G-2000-10|astar,road,r2000,distance,normal,G-2000-10,astar,10,10,0,0,0,3113.7984,144850,362,
road|r2000|distance|normal|G-2000-10|dijkstra,road,r2000,distance,normal,G-2000-10,dijkstra,10,10,0,0,0,3113.7984,231200,1000,
road|r2000|time|normal|C-01|astar,road,r2000,time,normal,C-01,astar,10,10,0,0,0,41.8997,135650,26,
road|r2000|time|normal|C-01|dfs,road,r2000,time,normal,C-01,dfs,10,0,10,0,0,,,61055104,0
road|r2000|time|normal|C-01|dijkstra,road,r2000,time,normal,C-01,dijkstra,10,10,0,0,0,41.8997,109500,47,
road|r2000|time|normal|C-02|astar,road,r2000,time,normal,C-02,astar,10,10,0,0,0,82.0965,104750,112,
road|r2000|time|normal|C-02|dijkstra,road,r2000,time,normal,C-02,dijkstra,10,10,0,0,0,82.0965,115200,237,
road|r2000|time|normal|C-03|astar,road,r2000,time,normal,C-03,astar,10,10,0,0,0,114.4686,96500,84,
road|r2000|time|normal|C-03|dijkstra,road,r2000,time,normal,C-03,dijkstra,10,10,0,0,0,114.4686,111900,215,
road|r2000|time|normal|C-04|astar,road,r2000,time,normal,C-04,astar,10,10,0,0,0,149.3783,91450,81,
road|r2000|time|normal|C-04|dijkstra,road,r2000,time,normal,C-04,dijkstra,10,10,0,0,0,149.3783,98500,144,
road|r2000|time|normal|C-05|astar,road,r2000,time,normal,C-05,astar,10,10,0,0,0,86.1625,93850,87,
road|r2000|time|normal|C-05|dijkstra,road,r2000,time,normal,C-05,dijkstra,10,10,0,0,0,86.1625,103250,161,
road|r2000|time|normal|C-06|astar,road,r2000,time,normal,C-06,astar,10,10,0,0,0,70.6672,89600,48,
road|r2000|time|normal|C-06|dijkstra,road,r2000,time,normal,C-06,dijkstra,10,10,0,0,0,70.6672,93800,84,
road|r2000|time|normal|C-07|astar,road,r2000,time,normal,C-07,astar,10,10,0,0,0,127.6577,100200,166,
road|r2000|time|normal|C-07|dijkstra,road,r2000,time,normal,C-07,dijkstra,10,10,0,0,0,127.6577,126400,336,
road|r2000|time|normal|C-08|astar,road,r2000,time,normal,C-08,astar,10,10,0,0,0,157.7879,112200,187,
road|r2000|time|normal|C-08|dijkstra,road,r2000,time,normal,C-08,dijkstra,10,10,0,0,0,157.7879,137650,379,
road|r2000|time|normal|C-09|astar,road,r2000,time,normal,C-09,astar,10,10,0,0,0,50.8365,89650,35,
road|r2000|time|normal|C-09|dijkstra,road,r2000,time,normal,C-09,dijkstra,10,10,0,0,0,50.8365,90950,58,
road|r2000|time|normal|C-10|astar,road,r2000,time,normal,C-10,astar,10,10,0,0,0,140.7454,105750,105,
road|r2000|time|normal|C-10|dijkstra,road,r2000,time,normal,C-10,dijkstra,10,10,0,0,0,140.7454,111900,184,
road|r2000|time|normal|G-2000-01|astar,road,r2000,time,normal,G-2000-01,astar,10,10,0,0,0,280.1588,357750,1219,
road|r2000|time|normal|G-2000-01|dfs,road,r2000,time,normal,G-2000-01,dfs,10,0,10,0,0,,,61274368,0
road|r2000|time|normal|G-2000-01|dijkstra,road,r2000,time,normal,G-2000-01,dijkstra,10,10,0,0,0,280.1588,357850,1511,
road|r2000|time|normal|G-2000-02|astar,road,r2000,time,normal,G-2000-02,astar,10,10,0,0,0,282.8368,162700,545,
road|r2000|time|normal|G-2000-02|dijkstra,road,r2000,time,normal,G-2000-02,dijkstra,10,10,0,0,0,282.8368,257350,1022,
road|r2000|time|normal|G-2000-03|astar,road,r2000,time,normal,G-2000-03,astar,10,10,0,0,0,248.3033,233150,851,
road|r2000|time|normal|G-2000-03|dijkstra,road,r2000,time,normal,G-2000-03,dijkstra,10,10,0,0,0,248.3033,268300,1115,
road|r2000|time|normal|G-2000-04|astar,road,r2000,time,normal,G-2000-04,astar,10,10,0,0,0,158.869,216800,693,
road|r2000|time|normal|G-2000-04|dijkstra,road,r2000,time,normal,G-2000-04,dijkstra,10,10,0,0,0,158.869,323200,1406,
road|r2000|time|normal|G-2000-05|astar,road,r2000,time,normal,G-2000-05,astar,10,10,0,0,0,327.5678,223400,813,
road|r2000|time|normal|G-2000-05|dijkstra,road,r2000,time,normal,G-2000-05,dijkstra,10,10,0,0,0,327.5678,298250,1554,
road|r2000|time|normal|G-2000-06|astar,road,r2000,time,normal,G-2000-06,astar,10,10,0,0,0,404.0819,378700,1641,
road|r2000|time|normal|G-2000-06|dijkstra,road,r2000,time,normal,G-2000-06,dijkstra,10,10,0,0,0,404.0819,399300,1658,
road|r2000|time|normal|G-2000-07|astar,road,r2000,time,normal,G-2000-07,astar,10,10,0,0,0,372.1406,336250,1491,
road|r2000|time|normal|G-2000-07|dijkstra,road,r2000,time,normal,G-2000-07,dijkstra,10,10,0,0,0,372.1406,334600,1647,
road|r2000|time|normal|G-2000-08|astar,road,r2000,time,normal,G-2000-08,astar,10,10,0,0,0,146.8573,124050,178,
road|r2000|time|normal|G-2000-08|dijkstra,road,r2000,time,normal,G-2000-08,dijkstra,10,10,0,0,0,146.8573,247150,962,
road|r2000|time|normal|G-2000-09|astar,road,r2000,time,normal,G-2000-09,astar,10,10,0,0,0,281.434,189550,563,
road|r2000|time|normal|G-2000-09|dijkstra,road,r2000,time,normal,G-2000-09,dijkstra,10,10,0,0,0,281.434,285000,1208,
road|r2000|time|normal|G-2000-10|astar,road,r2000,time,normal,G-2000-10,astar,10,10,0,0,0,313.5314,217600,641,
road|r2000|time|normal|G-2000-10|dijkstra,road,r2000,time,normal,G-2000-10,dijkstra,10,10,0,0,0,313.5314,243150,972,
road|r3000|distance|normal|C-01|astar,road,r3000,distance,normal,C-01,astar,10,10,0,0,0,349.1638,155400,9,
road|r3000|distance|normal|C-01|dfs,road,r3000,distance,normal,C-01,dfs,10,0,10,0,0,,,56021312,0
road|r3000|distance|normal|C-01|dijkstra,road,r3000,distance,normal,C-01,dijkstra,10,10,0,0,0,349.1638,149450,53,
road|r3000|distance|normal|C-02|astar,road,r3000,distance,normal,C-02,astar,10,10,0,0,0,633.1147,137800,41,
road|r3000|distance|normal|C-02|dijkstra,road,r3000,distance,normal,C-02,dijkstra,10,10,0,0,0,633.1147,158100,149,
road|r3000|distance|normal|C-03|astar,road,r3000,distance,normal,C-03,astar,10,10,0,0,0,735.2935,149800,34,
road|r3000|distance|normal|C-03|dijkstra,road,r3000,distance,normal,C-03,dijkstra,10,10,0,0,0,735.2935,167400,180,
road|r3000|distance|normal|C-04|astar,road,r3000,distance,normal,C-04,astar,10,10,0,0,0,892.5147,144100,36,
road|r3000|distance|normal|C-04|dijkstra,road,r3000,distance,normal,C-04,dijkstra,10,10,0,0,0,892.5147,141050,114,
road|r3000|distance|normal|C-05|astar,road,r3000,distance,normal,C-05,astar,10,10,0,0,0,478.7257,141350,17,
road|r3000|distance|normal|C-05|dijkstra,road,r3000,distance,normal,C-05,dijkstra,10,10,0,0,0,478.7257,144650,64,
road|r3000|distance|normal|C-06|astar,road,r3000,distance,normal,C-06,astar,10,10,0,0,0,468.1663,142950,14,
road|r3000|distance|normal|C-06|dijkstra,road,r3000,distance,normal,C-06,dijkstra,10,10,0,0,0,468.1663,133950,63,
road|r3000|distance|normal|C-07|astar,road,r3000,distance,normal,C-07,astar,10,10,0,0,0,943.0869,145350,59,
road|r3000|distance|normal|C-07|dijkstra,road,r3000,distance,normal,C-07,dijkstra,10,10,0,0,0,943.0869,154550,154,
road|r3000|distance|normal|C-08|astar,road,r3000,distance,normal,C-08,astar,10,10,0,0,0,1079.6061,145700,82,
road|r3000|distance|normal|C-08|dijkstra,road,r3000,distance,normal,C-08,dijkstra,10,10,0,0,0,1079.6061,173650,279,
road|r3000|distance|normal|C-09|astar,road,r3000,distance,normal,C-09,astar,10,10,0,0,0,332.5253,131500,14,
road|r3000|distance|normal|C-09|dijkstra,road,r3000,distance,normal,C-09,dijkstra,10,10,0,0,0,332.5253,141100,35,
road|r3000|distance|normal|C-10|astar,road,r3000,distance,normal,C-10,astar,10,10,0,0,0,937.5855,130600,54,
road|r3000|distance|normal|C-10|dijkstra,road,r3000,distance,normal,C-10,dijkstra,10,10,0,0,0,937.5855,141550,135,
road|r3000|distance|normal|G-3000-01|astar,road,r3000,distance,normal,G-3000-01,astar,10,10,0,0,0,4240.5288,242000,372,
road|r3000|distance|normal|G-3000-01|dfs,road,r3000,distance,normal,G-3000-01,dfs,10,0,10,0,0,,,54530368,0
road|r3000|distance|normal|G-3000-01|dijkstra,road,r3000,distance,normal,G-3000-01,dijkstra,10,10,0,0,0,4240.5288,604800,2428,
road|r3000|distance|normal|G-3000-02|astar,road,r3000,distance,normal,G-3000-02,astar,10,10,0,0,0,4986.7087,190050,402,
road|r3000|distance|normal|G-3000-02|dijkstra,road,r3000,distance,normal,G-3000-02,dijkstra,10,10,0,0,0,4986.7087,306300,1245,
road|r3000|distance|normal|G-3000-03|astar,road,r3000,distance,normal,G-3000-03,astar,10,10,0,0,0,3899.2122,210600,452,
road|r3000|distance|normal|G-3000-03|dijkstra,road,r3000,distance,normal,G-3000-03,dijkstra,10,10,0,0,0,3899.2122,370100,1526,
road|r3000|distance|normal|G-3000-04|astar,road,r3000,distance,normal,G-3000-04,astar,10,10,0,0,0,3672.3216,205450,430,
road|r3000|distance|normal|G-3000-04|dijkstra,road,r3000,distance,normal,G-3000-04,dijkstra,10,10,0,0,0,3672.3216,383000,1808,
road|r3000|distance|normal|G-3000-05|astar,road,r3000,distance,normal,G-3000-05,astar,10,10,0,0,0,4199.9669,216300,322,
road|r3000|distance|normal|G-3000-05|dijkstra,road,r3000,distance,normal,G-3000-05,dijkstra,10,10,0,0,0,4199.9669,510200,2268,
road|r3000|distance|normal|G-3000-06|astar,road,r3000,distance,normal,G-3000-06,astar,10,10,0,0,0,2658.0453,147450,57,
road|r3000|distance|normal|G-3000-06|dijkstra,road,r3000,distance,normal,G-3000-06,dijkstra,10,10,0,0,0,2658.0453,440400,1753,
road|r3000|distance|normal|G-3000-07|astar,road,r3000,distance,normal,G-3000-07,astar,10,10,0,0,0,4039.6282,172800,185,
road|r3000|distance|normal|G-3000-07|dijkstra,road,r3000,distance,normal,G-3000-07,dijkstra,10,10,0,0,0,4039.6282,223300,601,
road|r3000|distance|normal|G-3000-08|astar,road,r3000,distance,normal,G-3000-08,astar,10,10,0,0,0,3876.279,190950,305,
road|r3000|distance|normal|G-3000-08|dijkstra,road,r3000,distance,normal,G-3000-08,dijkstra,10,10,0,0,0,3876.279,341000,1303,
road|r3000|distance|normal|G-3000-09|astar,road,r3000,distance,normal,G-3000-09,astar,10,10,0,0,0,2889.8193,180350,276,
road|r3000|distance|normal|G-3000-09|dijkstra,road,r3000,distance,normal,G-3000-09,dijkstra,10,10,0,0,0,2889.8193,340750,1413,
road|r3000|distance|normal|G-3000-10|astar,road,r3000,distance,normal,G-3000-10,astar,10,10,0,0,0,3680.7972,197450,353,
road|r3000|distance|normal|G-3000-10|dijkstra,road,r3000,distance,normal,G-3000-10,dijkstra,10,10,0,0,0,3680.7972,471950,2026,
road|r3000|time|normal|C-01|astar,road,r3000,time,normal,C-01,astar,10,10,0,0,0,41.8997,177650,26,
road|r3000|time|normal|C-01|dfs,road,r3000,time,normal,C-01,dfs,10,0,10,0,0,,,54120256,0
road|r3000|time|normal|C-01|dijkstra,road,r3000,time,normal,C-01,dijkstra,10,10,0,0,0,41.8997,171150,47,
road|r3000|time|normal|C-02|astar,road,r3000,time,normal,C-02,astar,10,10,0,0,0,82.0965,156300,112,
road|r3000|time|normal|C-02|dijkstra,road,r3000,time,normal,C-02,dijkstra,10,10,0,0,0,82.0965,183650,237,
road|r3000|time|normal|C-03|astar,road,r3000,time,normal,C-03,astar,10,10,0,0,0,114.4686,159450,84,
road|r3000|time|normal|C-03|dijkstra,road,r3000,time,normal,C-03,dijkstra,10,10,0,0,0,114.4686,165000,215,
road|r3000|time|normal|C-04|astar,road,r3000,time,normal,C-04,astar,10,10,0,0,0,149.3783,149100,81,
road|r3000|time|normal|C-04|dijkstra,road,r3000,time,normal,C-04,dijkstra,10,10,0,0,0,149.3783,157450,144,
road|r3000|time|normal|C-05|astar,road,r3000,time,normal,C-05,astar,10,10,0,0,0,86.1625,152200,87,
road|r3000|time|normal|C-05|dijkstra,road,r3000,time,normal,C-05,dijkstra,10,10,0,0,0,86.1625,182200,161,
road|r3000|time|normal|C-06|astar,road,r3000,time,normal,C-06,astar,10,10,0,0,0,70.6672,140850,48,
road|r3000|time|normal|C-06|dijkstra,road,r3000,time,normal,C-06,dijkstra,10,10,0,0,0,70.6672,146450,84,
road|r3000|time|normal|C-07|astar,road,r3000,time,normal,C-07,astar,10,10,0,0,0,127.6577,158450,166,
road|r3000|time|normal|C-07|dijkstra,road,r3000,time,normal,C-07,dijkstra,10,10,0,0,0,127.6577,192000,336,
road|r3000|time|normal|C-08|astar,road,r3000,time,normal,C-08,astar,10,10,0,0,0,157.7879,163600,187,
road|r3000|time|normal|C-08|dijkstra,road,r3000,time,normal,C-08,dijkstra,10,10,0,0,0,157.7879,203800,379,
road|r3000|time|normal|C-09|astar,road,r3000,time,normal,C-09,astar,10,10,0,0,0,50.8365,125150,35,
road|r3000|time|normal|C-09|dijkstra,road,r3000,time,normal,C-09,dijkstra,10,10,0,0,0,50.8365,126550,58,
road|r3000|time|normal|C-10|astar,road,r3000,time,normal,C-10,astar,10,10,0,0,0,140.7454,153350,105,
road|r3000|time|normal|C-10|dijkstra,road,r3000,time,normal,C-10,dijkstra,10,10,0,0,0,140.7454,169750,184,
road|r3000|time|normal|G-3000-01|astar,road,r3000,time,normal,G-3000-01,astar,10,10,0,0,0,291.1195,287200,779,
road|r3000|time|normal|G-3000-01|dfs,road,r3000,time,normal,G-3000-01,dfs,10,0,10,0,0,,,54680512,0
road|r3000|time|normal|G-3000-01|dijkstra,road,r3000,time,normal,G-3000-01,dijkstra,10,10,0,0,0,291.1195,589400,2282,
road|r3000|time|normal|G-3000-02|astar,road,r3000,time,normal,G-3000-02,astar,10,10,0,0,0,498.6367,278350,639,
road|r3000|time|normal|G-3000-02|dijkstra,road,r3000,time,normal,G-3000-02,dijkstra,10,10,0,0,0,498.6367,332000,1081,
road|r3000|time|normal|G-3000-03|astar,road,r3000,time,normal,G-3000-03,astar,10,10,0,0,0,403.3322,289700,708,
road|r3000|time|normal|G-3000-03|dijkstra,road,r3000,time,normal,G-3000-03,dijkstra,10,10,0,0,0,403.3322,397400,1258,
road|r3000|time|normal|G-3000-04|astar,road,r3000,time,normal,G-3000-04,astar,10,10,0,0,0,322.0847,470550,1395,
road|r3000|time|normal|G-3000-04|dijkstra,road,r3000,time,normal,G-3000-04,dijkstra,10,10,0,0,0,322.0847,540200,2041,
road|r3000|time|normal|G-3000-05|astar,road,r3000,time,normal,G-3000-05,astar,10,10,0,0,0,219.6796,214700,274,
road|r3000|time|normal|G-3000-05|dijkstra,road,r3000,time,normal,G-3000-05,dijkstra,10,10,0,0,0,219.6796,519350,1937,
road|r3000|time|normal|G-3000-06|astar,road,r3000,time,normal,G-3000-06,astar,10,10,0,0,0,177.6864,170900,112,
road|r3000|time|normal|G-3000-06|dijkstra,road,r3000,time,normal,G-3000-06,dijkstra,10,10,0,0,0,177.6864,368100,1089,
road|r3000|time|normal|G-3000-07|astar,road,r3000,time,normal,G-3000-07,astar,10,10,0,0,0,329.9905,191850,242,
road|r3000|time|normal|G-3000-07|dijkstra,road,r3000,time,normal,G-3000-07,dijkstra,10,10,0,0,0,329.9905,227600,443,
road|r3000|time|normal|G-3000-08|astar,road,r3000,time,normal,G-3000-08,astar,10,10,0,0,0,278.4677,298100,766,
road|r3000|time|normal|G-3000-08|dijkstra,road,r3000,time,normal,G-3000-08,dijkstra,10,10,0,0,0,278.4677,478850,1580,
road|r3000|time|normal|G-3000-09|astar,road,r3000,time,normal,G-3000-09,astar,10,10,0,0,0,245.1719,312150,856,
road|r3000|time|normal|G-3000-09|dijkstra,road,r3000,time,normal,G-3000-09,dijkstra,10,10,0,0,0,245.1719,435000,1483,
road|r3000|time|normal|G-3000-10|astar,road,r3000,time,normal,G-3000-10,astar,10,10,0,0,0,242.7626,217400,389,
road|r3000|time|normal|G-3000-10|dijkstra,road,r3000,time,normal,G-3000-10,dijkstra,10,10,0,0,0,242.7626,447050,1586,
road|r500|distance|normal|C-01|astar,road,r500,distance,normal,C-01,astar,10,10,0,0,0,481.6878,38750,18,
road|r500|distance|normal|C-01|dfs,road,r500,distance,normal,C-01,dfs,10,10,0,0,0,481.6878,338400,6707,17
road|r500|distance|normal|C-01|dijkstra,road,r500,distance,normal,C-01,dijkstra,10,10,0,0,0,481.6878,37300,47,
road|r500|distance|normal|C-02|astar,road,r500,distance,normal,C-02,astar,10,10,0,0,0,778.5867,31750,30,
road|r500|distance|normal|C-02|dijkstra,road,r500,distance,normal,C-02,dijkstra,10,10,0,0,0,778.5867,31600,49,
road|r500|distance|normal|C-03|astar,road,r500,distance,normal,C-03,astar,10,10,0,0,0,735.2935,24550,25,
road|r500|distance|normal|C-03|dijkstra,road,r500,distance,normal,C-03,dijkstra,10,10,0,0,0,735.2935,25050,62,
road|r500|distance|normal|C-04|astar,road,r500,distance,normal,C-04,astar,10,10,0,0,0,986.9636,25650,35,
road|r500|distance|normal|C-04|dijkstra,road,r500,distance,normal,C-04,dijkstra,10,10,0,0,0,986.9636,18700,47,
road|r500|distance|normal|C-05|astar,road,r500,distance,normal,C-05,astar,10,10,0,0,0,478.7257,20500,17,
road|r500|distance|normal|C-05|dijkstra,road,r500,distance,normal,C-05,dijkstra,10,10,0,0,0,478.7257,13200,20,
road|r500|distance|normal|C-06|astar,road,r500,distance,normal,C-06,astar,10,10,0,0,0,562.6151,17000,19,
road|r500|distance|normal|C-06|dijkstra,road,r500,distance,normal,C-06,dijkstra,10,10,0,0,0,562.6151,12900,31,
road|r500|distance|normal|C-07|astar,road,r500,distance,normal,C-07,astar,10,10,0,0,0,1037.5358,29550,51,
road|r500|distance|normal|C-07|dijkstra,road,r500,distance,normal,C-07,dijkstra,10,10,0,0,0,1037.5358,21050,56,
road|r500|distance|normal|C-08|astar,road,r500,distance,normal,C-08,astar,10,10,0,0,0,1174.055,24300,63,
road|r500|distance|normal|C-08|dijkstra,road,r500,distance,normal,C-08,dijkstra,10,10,0,0,0,1174.055,21700,80,
road|r500|distance|normal|C-09|astar,road,r500,distance,normal,C-09,astar,10,10,0,0,0,332.5253,17400,10,
road|r500|distance|normal|C-09|dijkstra,road,r500,distance,normal,C-09,dijkstra,10,10,0,0,0,332.5253,10400,11,
road|r500|distance|normal|C-10|astar,road,r500,distance,normal,C-10,astar,10,10,0,0,0,1032.0344,26850,43,
road|r500|distance|normal|C-10|dijkstra,road,r500,distance,normal,C-10,dijkstra,10,10,0,0,0,1032.0344,19150,52,
road|r500|distance|normal|G-500-01|astar,road,r500,distance,normal,G-500-01,astar,10,10,0,0,0,984.9125,26050,52,
road|r500|distance|normal|G-500-01|dfs,road,r500,distance,normal,G-500-01,dfs,10,10,0,0,0,984.9125,317300,6675,30
road|r500|distance|normal|G-500-01|dijkstra,road,r500,distance,normal,G-500-01,dijkstra,10,10,0,0,0,984.9125,20200,57,
road|r500|distance|normal|G-500-02|astar,road,r500,distance,normal,G-500-02,astar,10,10,0,0,0,753.2784,17200,29,
road|r500|distance|normal|G-500-02|dijkstra,road,r500,distance,normal,G-500-02,dijkstra,10,10,0,0,0,753.2784,14300,56,
road|r500|distance|normal|G-500-03|astar,road,r500,distance,normal,G-500-03,astar,10,10,0,0,0,705.6528,16050,40,
road|r500|distance|normal|G-500-03|dijkstra,road,r500,distance,normal,G-500-03,dijkstra,10,10,0,0,0,705.6528,12300,47,
road|r500|distance|normal|G-500-04|astar,road,r500,distance,normal,G-500-04,astar,10,10,0,0,0,906.6771,20500,58,
road|r500|distance|normal|G-500-04|dijkstra,road,r500,distance,normal,G-500-04,dijkstra,10,10,0,0,0,906.6771,16400,69,
road|r500|distance|normal|G-500-05|astar,road,r500,distance,normal,G-500-05,astar,10,10,0,0,0,784.9983,13950,22,
road|r500|distance|normal|G-500-05|dijkstra,road,r500,distance,normal,G-500-05,dijkstra,10,10,0,0,0,784.9983,14750,76,
road|r500|distance|normal|G-500-06|astar,road,r500,distance,normal,G-500-06,astar,10,10,0,0,0,475.3907,12700,13,
road|r500|distance|normal|G-500-06|dijkstra,road,r500,distance,normal,G-500-06,dijkstra,10,10,0,0,0,475.3907,9750,29,
road|r500|distance|normal|G-500-07|astar,road,r500,distance,normal,G-500-07,astar,10,10,0,0,0,413.591,17250,19,
road|r500|distance|normal|G-500-07|dijkstra,road,r500,distance,normal,G-500-07,dijkstra,10,10,0,0,0,413.591,13450,40,
road|r500|distance|normal|G-500-08|astar,road,r500,distance,normal,G-500-08,astar,10,10,0,0,0,1030.0752,18700,36,
road|r500|distance|normal|G-500-08|dijkstra,road,r500,distance,normal,G-500-08,dijkstra,10,10,0,0,0,1030.0752,14250,51,
road|r500|distance|normal|G-500-09|astar,road,r500,distance,normal,G-500-09,astar,10,10,0,0,0,1108.1479,22850,47,
road|r500|distance|normal|G-500-09|dijkstra,road,r500,distance,normal,G-500-09,dijkstra,10,10,0,0,0,1108.1479,17500,64,
road|r500|distance|normal|G-500-10|astar,road,r500,distance,normal,G-500-10,astar,10,10,0,0,0,560.062,15750,26,
road|r500|distance|normal|G-500-10|dijkstra,road,r500,distance,normal,G-500-10,dijkstra,10,10,0,0,0,560.062,12550,46,
road|r500|time|normal|C-01|astar,road,r500,time,normal,C-01,astar,10,10,0,0,0,75.4843,23350,46,
road|r500|time|normal|C-01|dfs,road,r500,time,normal,C-01,dfs,10,10,0,0,0,75.4843,293700,6707,17
road|r500|time|normal|C-01|dijkstra,road,r500,time,normal,C-01,dijkstra,10,10,0,0,0,75.4843,15550,47,
road|r500|time|normal|C-02|astar,road,r500,time,normal,C-02,astar,10,10,0,0,0,111.1121,16450,35,
road|r500|time|normal|C-02|dijkstra,road,r500,time,normal,C-02,dijkstra,10,10,0,0,0,111.1121,12650,42,
road|r500|time|normal|C-03|astar,road,r500,time,normal,C-03,astar,10,10,0,0,0,114.4686,16650,38,
road|r500|time|normal|C-03|dijkstra,road,r500,time,normal,C-03,dijkstra,10,10,0,0,0,114.4686,12600,47,
road|r500|time|normal|C-04|astar,road,r500,time,normal,C-04,astar,10,10,0,0,0,178.3939,18000,45,
road|r500|time|normal|C-04|dijkstra,road,r500,time,normal,C-04,dijkstra,10,10,0,0,0,178.3939,13650,46,
road|r500|time|normal|C-05|astar,road,r500,time,normal,C-05,astar,10,10,0,0,0,89.6161,13500,18,
road|r500|time|normal|C-05|dijkstra,road,r500,time,normal,C-05,dijkstra,10,10,0,0,0,89.6161,10500,18,
road|r500|time|normal|C-06|astar,road,r500,time,normal,C-06,astar,10,10,0,0,0,99.6828,12700,19,
road|r500|time|normal|C-06|dijkstra,road,r500,time,normal,C-06,dijkstra,10,10,0,0,0,99.6828,10350,22,
road|r500|time|normal|C-07|astar,road,r500,time,normal,C-07,astar,10,10,0,0,0,156.6733,23250,56,
road|r500|time|normal|C-07|dijkstra,road,r500,time,normal,C-07,dijkstra,10,10,0,0,0,156.6733,16700,56,
road|r500|time|normal|C-08|astar,road,r500,time,normal,C-08,astar,10,10,0,0,0,186.8035,20600,67,
road|r500|time|normal|C-08|dijkstra,road,r500,time,normal,C-08,dijkstra,10,10,0,0,0,186.8035,18000,75,
road|r500|time|normal|C-09|astar,road,r500,time,normal,C-09,astar,10,10,0,0,0,54.3903,11350,11,
road|r500|time|normal|C-09|dijkstra,road,r500,time,normal,C-09,dijkstra,10,10,0,0,0,54.3903,8300,11,
road|r500|time|normal|C-10|astar,road,r500,time,normal,C-10,astar,10,10,0,0,0,169.761,21850,49,
road|r500|time|normal|C-10|dijkstra,road,r500,time,normal,C-10,dijkstra,10,10,0,0,0,169.761,14450,51,
road|r500|time|normal|G-500-01|astar,road,r500,time,normal,G-500-01,astar,10,10,0,0,0,150.3585,18400,57,
road|r500|time|normal|G-500-01|dfs,road,r500,time,normal,G-500-01,dfs,10,10,0,0,0,150.3585,264000,6675,30
road|r500|time|normal|G-500-01|dijkstra,road,r500,time,normal,G-500-01,dijkstra,10,10,0,0,0,150.3585,13700,57,
road|r500|time|normal|G-500-02|astar,road,r500,time,normal,G-500-02,astar,10,10,0,0,0,122.5624,15550,56,
road|r500|time|normal|G-500-02|dijkstra,road,r500,time,normal,G-500-02,dijkstra,10,10,0,0,0,122.5624,13150,56,
road|r500|time|normal|G-500-03|astar,road,r500,time,normal,G-500-03,astar,10,10,0,0,0,102.36,14900,47,
road|r500|time|normal|G-500-03|dijkstra,road,r500,time,normal,G-500-03,dijkstra,10,10,0,0,0,102.36,11400,47,
road|r500|time|normal|G-500-04|astar,road,r500,time,normal,G-500-04,astar,10,10,0,0,0,154.7181,16050,67,
road|r500|time|normal|G-500-04|dijkstra,road,r500,time,normal,G-500-04,dijkstra,10,10,0,0,0,154.7181,13450,67,
road|r500|time|normal|G-500-05|astar,road,r500,time,normal,G-500-05,astar,10,10,0,0,0,111.8815,15900,51,
road|r500|time|normal|G-500-05|dijkstra,road,r500,time,normal,G-500-05,dijkstra,10,10,0,0,0,111.8815,13950,64,
road|r500|time|normal|G-500-06|astar,road,r500,time,normal,G-500-06,astar,10,10,0,0,0,93.169,18300,24,
road|r500|time|normal|G-500-06|dijkstra,road,r500,time,normal,G-500-06,dijkstra,10,10,0,0,0,93.169,10950,26,
road|r500|time|normal|G-500-07|astar,road,r500,time,normal,G-500-07,astar,10,10,0,0,0,62.3039,21350,32,
road|r500|time|normal|G-500-07|dijkstra,road,r500,time,normal,G-500-07,dijkstra,10,10,0,0,0,62.3039,14100,39,
road|r500|time|normal|G-500-08|astar,road,r500,time,normal,G-500-08,astar,10,10,0,0,0,155.778,14800,41,
road|r500|time|normal|G-500-08|dijkstra,road,r500,time,normal,G-500-08,dijkstra,10,10,0,0,0,155.778,12300,45,
road|r500|time|normal|G-500-09|astar,road,r500,time,normal,G-500-09,astar,10,10,0,0,0,165.1467,19600,56,
road|r500|time|normal|G-500-09|dijkstra,road,r500,time,normal,G-500-09,dijkstra,10,10,0,0,0,165.1467,15900,60,
road|r500|time|normal|G-500-10|astar,road,r500,time,normal,G-500-10,astar,10,10,0,0,0,70.9471,13300,33,
road|r500|time|normal|G-500-10|dijkstra,road,r500,time,normal,G-500-10,dijkstra,10,10,0,0,0,70.9471,11200,39,
road|r5000|distance|normal|C-01|astar,road,r5000,distance,normal,C-01,astar,10,10,0,0,0,349.1638,228350,9,
road|r5000|distance|normal|C-01|dfs,road,r5000,distance,normal,C-01,dfs,10,0,10,0,0,,,55084032,0
road|r5000|distance|normal|C-01|dijkstra,road,r5000,distance,normal,C-01,dijkstra,10,10,0,0,0,349.1638,232150,53,
road|r5000|distance|normal|C-02|astar,road,r5000,distance,normal,C-02,astar,10,10,0,0,0,633.1147,243300,41,
road|r5000|distance|normal|C-02|dijkstra,road,r5000,distance,normal,C-02,dijkstra,10,10,0,0,0,633.1147,258150,149,
road|r5000|distance|normal|C-03|astar,road,r5000,distance,normal,C-03,astar,10,10,0,0,0,735.2935,235150,34,
road|r5000|distance|normal|C-03|dijkstra,road,r5000,distance,normal,C-03,dijkstra,10,10,0,0,0,735.2935,257950,180,
road|r5000|distance|normal|C-04|astar,road,r5000,distance,normal,C-04,astar,10,10,0,0,0,892.5147,249450,36,
road|r5000|distance|normal|C-04|dijkstra,road,r5000,distance,normal,C-04,dijkstra,10,10,0,0,0,892.5147,259800,114,
road|r5000|distance|normal|C-05|astar,road,r5000,distance,normal,C-05,astar,10,10,0,0,0,478.7257,239300,17,
road|r5000|distance|normal|C-05|dijkstra,road,r5000,distance,normal,C-05,dijkstra,10,10,0,0,0,478.7257,247150,64,
road|r5000|distance|normal|C-06|astar,road,r5000,distance,normal,C-06,astar,10,10,0,0,0,468.1663,251350,14,
road|r5000|distance|normal|C-06|dijkstra,road,r5000,distance,normal,C-06,dijkstra,10,10,0,0,0,468.1663,253300,63,
road|r5000|distance|normal|C-07|astar,road,r5000,distance,normal,C-07,astar,10,10,0,0,0,943.0869,237350,59,
road|r5000|distance|normal|C-07|dijkstra,road,r5000,distance,normal,C-07,dijkstra,10,10,0,0,0,943.0869,249900,154,
road|r5000|distance|normal|C-08|astar,road,r5000,distance,normal,C-08,astar,10,10,0,0,0,1079.6061,282900,82,
road|r5000|distance|normal|C-08|dijkstra,road,r5000,distance,normal,C-08,dijkstra,10,10,0,0,0,1079.6061,287450,279,
road|r5000|distance|normal|C-09|astar,road,r5000,distance,normal,C-09,astar,10,10,0,0,0,332.5253,233850,14,
road|r5000|distance|normal|C-09|dijkstra,road,r5000,distance,normal,C-09,dijkstra,10,10,0,0,0,332.5253,223450,35,
road|r5000|distance|normal|C-10|astar,road,r5000,distance,normal,C-10,astar,10,10,0,0,0,937.5855,240500,54,
road|r5000|distance|normal|C-10|dijkstra,road,r5000,distance,normal,C-10,dijkstra,10,10,0,0,0,937.5855,284800,135,
road|r5000|distance|normal|G-5000-01|astar,road,r5000,distance,normal,G-5000-01,astar,10,10,0,0,0,7356.6955,762250,1594,
road|r5000|distance|normal|G-5000-01|dfs,road,r5000,distance,normal,G-5000-01,dfs,10,0,10,0,0,,,61484224,0
road|r5000|distance|normal|G-5000-01|dijkstra,road,r5000,distance,normal,G-5000-01,dijkstra,10,10,0,0,0,7356.6955,905550,3146,
road|r5000|distance|normal|G-5000-02|astar,road,r5000,distance,normal,G-5000-02,astar,10,10,0,0,0,5501.904,380950,605,
road|r5000|distance|normal|G-5000-02|dijkstra,road,r5000,distance,normal,G-5000-02,dijkstra,10,10,0,0,0,5501.904,630100,1991,
road|r5000|distance|normal|G-5000-03|astar,road,r5000,distance,normal,G-5000-03,astar,10,10,0,0,0,6177.7233,467250,968,
road|r5000|distance|normal|G-5000-03|dijkstra,road,r5000,distance,normal,G-5000-03,dijkstra,10,10,0,0,0,6177.7233,709700,2729,
road|r5000|distance|normal|G-5000-04|astar,road,r5000,distance,normal,G-5000-04,astar,10,10,0,0,0,5971.602,338550,392,
road|r5000|distance|normal|G-5000-04|dijkstra,road,r5000,distance,normal,G-5000-04,dijkstra,10,10,0,0,0,5971.602,936150,3570,
road|r5000|distance|normal|G-5000-05|astar,road,r5000,distance,normal,G-5000-05,astar,10,10,0,0,0,5670.3643,336750,449,
road|r5000|distance|normal|G-5000-05|dijkstra,road,r5000,distance,normal,G-5000-05,dijkstra,10,10,0,0,0,5670.3643,659800,2167,
road|r5000|distance|normal|G-5000-06|astar,road,r5000,distance,normal,G-5000-06,astar,10,10,0,0,0,6766.7214,446000,760,
road|r5000|distance|normal|G-5000-06|dijkstra,road,r5000,distance,normal,G-5000-06,dijkstra,10,10,0,0,0,6766.7214,961650,3489,
road|r5000|distance|normal|G-5000-07|astar,road,r5000,distance,normal,G-5000-07,astar,10,10,0,0,0,5322.4225,430500,955,
road|r5000|distance|normal|G-5000-07|dijkstra,road,r5000,distance,normal,G-5000-07,dijkstra,10,10,0,0,0,5322.4225,837450,3250,
road|r5000|distance|normal|G-5000-08|astar,road,r5000,distance,normal,G-5000-08,astar,10,10,0,0,0,8945.1481,848100,2906,
road|r5000|distance|normal|G-5000-08|dijkstra,road,r5000,distance,normal,G-5000-08,dijkstra,10,10,0,0,0,8945.1481,1042000,4200,
road|r5000|distance|normal|G-5000-09|astar,road,r5000,distance,normal,G-5000-09,astar,10,10,0,0,0,5171.0861,533900,1398,
road|r5000|distance|normal|G-5000-09|dijkstra,road,r5000,distance,normal,G-5000-09,dijkstra,10,10,0,0,0,5171.0861,813900,3280,
road|r5000|distance|normal|G-5000-10|astar,road,r5000,distance,normal,G-5000-10,astar,10,10,0,0,0,6174.4496,432400,824,
road|r5000|distance|normal|G-5000-10|dijkstra,road,r5000,distance,normal,G-5000-10,dijkstra,10,10,0,0,0,6174.4496,698100,2303,
road|r5000|time|normal|C-01|astar,road,r5000,time,normal,C-01,astar,10,10,0,0,0,41.8997,231350,26,
road|r5000|time|normal|C-01|dfs,road,r5000,time,normal,C-01,dfs,10,0,10,0,0,,,53397696,0
road|r5000|time|normal|C-01|dijkstra,road,r5000,time,normal,C-01,dijkstra,10,10,0,0,0,41.8997,235350,47,
road|r5000|time|normal|C-02|astar,road,r5000,time,normal,C-02,astar,10,10,0,0,0,82.0965,256350,112,
road|r5000|time|normal|C-02|dijkstra,road,r5000,time,normal,C-02,dijkstra,10,10,0,0,0,82.0965,262900,237,
road|r5000|time|normal|C-03|astar,road,r5000,time,normal,C-03,astar,10,10,0,0,0,114.4686,248950,84,
road|r5000|time|normal|C-03|dijkstra,road,r5000,time,normal,C-03,dijkstra,10,10,0,0,0,114.4686,251450,215,
road|r5000|time|normal|C-04|astar,road,r5000,time,normal,C-04,astar,10,10,0,0,0,149.3783,236100,81,
road|r5000|time|normal|C-04|dijkstra,road,r5000,time,normal,C-04,dijkstra,10,10,0,0,0,149.3783,283300,144,
road|r5000|time|normal|C-05|astar,road,r5000,time,normal,C-05,astar,10,10,0,0,0,86.1625,240400,87,
road|r5000|time|normal|C-05|dijkstra,road,r5000,time,normal,C-05,dijkstra,10,10,0,0,0,86.1625,261500,161,
road|r5000|time|normal|C-06|astar,road,r5000,time,normal,C-06,astar,10,10,0,0,0,70.6672,221350,48,
road|r5000|time|normal|C-06|dijkstra,road,r5000,time,normal,C-06,dijkstra,10,10,0,0,0,70.6672,227950,84,
road|r5000|time|normal|C-07|astar,road,r5000,time,normal,C-07,astar,10,10,0,0,0,127.6577,255950,166,
road|r5000|time|normal|C-07|dijkstra,road,r5000,time,normal,C-07,dijkstra,10,10,0,0,0,127.6577,290350,336,
road|r5000|time|normal|C-08|astar,road,r5000,time,normal,C-08,astar,10,10,0,0,0,157.7879,243900,187,
road|r5000|time|normal|C-08|dijkstra,road,r5000,time,normal,C-08,dijkstra,10,10,0,0,0,157.7879,282450,379,
road|r5000|time|normal|C-09|astar,road,r5000,time,normal,C-09,astar,10,10,0,0,0,50.8365,231150,35,
road|r5000|time|normal|C-09|dijkstra,road,r5000,time,normal,C-09,dijkstra,10,10,0,0,0,50.8365,222750,58,
road|r5000|time|normal|C-10|astar,road,r5000,time,normal,C-10,astar,10,10,0,0,0,140.7454,262350,105,
road|r5000|time|normal|C-10|dijkstra,road,r5000,time,normal,C-10,dijkstra,10,10,0,0,0,140.7454,292750,184,
road|r5000|time|normal|G-5000-01|astar,road,r5000,time,normal,G-5000-01,astar,10,10,0,0,0,683.1935,829750,2903,
road|r5000|time|normal|G-5000-01|dfs,road,r5000,time,normal,G-5000-01,dfs,10,0,10,0,0,,,64371328,0
road|r5000|time|normal|G-5000-01|dijkstra,road,r5000,time,normal,G-5000-01,dijkstra,10,10,0,0,0,683.1935,981900,3630,
road|r5000|time|normal|G-5000-02|astar,road,r5000,time,normal,G-5000-02,astar,10,10,0,0,0,493.8505,558750,1612,
road|r5000|time|normal|G-5000-02|dijkstra,road,r5000,time,normal,G-5000-02,dijkstra,10,10,0,0,0,493.8505,631100,2381,
road|r5000|time|normal|G-5000-03|astar,road,r5000,time,normal,G-5000-03,astar,10,10,0,0,0,453.7644,546300,1454,
road|r5000|time|normal|G-5000-03|dijkstra,road,r5000,time,normal,G-5000-03,dijkstra,10,10,0,0,0,453.7644,714550,2555,
road|r5000|time|normal|G-5000-04|astar,road,r5000,time,normal,G-5000-04,astar,10,10,0,0,0,503.5008,550650,1574,
road|r5000|time|normal|G-5000-04|dijkstra,road,r5000,time,normal,G-5000-04,dijkstra,10,10,0,0,0,503.5008,924550,3513,
road|r5000|time|normal|G-5000-05|astar,road,r5000,time,normal,G-5000-05,astar,10,10,0,0,0,473.444,418950,958,
road|r5000|time|normal|G-5000-05|dijkstra,road,r5000,time,normal,G-5000-05,dijkstra,10,10,0,0,0,473.444,656250,1865,
road|r5000|time|normal|G-5000-06|astar,road,r5000,time,normal,G-5000-06,astar,10,10,0,0,0,526.1418,664900,2246,
road|r5000|time|normal|G-5000-06|dijkstra,road,r5000,time,normal,G-5000-06,dijkstra,10,10,0,0,0,526.1418,979650,3595,
road|r5000|time|normal|G-5000-07|astar,road,r5000,time,normal,G-5000-07,astar,10,10,0,0,0,354.4128,628550,1986,
road|r5000|time|normal|G-5000-07|dijkstra,road,r5000,time,normal,G-5000-07,dijkstra,10,10,0,0,0,354.4128,828900,2925,
road|r5000|time|normal|G-5000-08|astar,road,r5000,time,normal,G-5000-08,astar,10,10,0,0,0,552.8548,802450,2887,
road|r5000|time|normal|G-5000-08|dijkstra,road,r5000,time,normal,G-5000-08,dijkstra,10,10,0,0,0,552.8548,965000,3966,
road|r5000|time|normal|G-5000-09|astar,road,r5000,time,normal,G-5000-09,astar,10,10,0,0,0,386.8669,621600,2116,
road|r5000|time|normal|G-5000-09|dijkstra,road,r5000,time,normal,G-5000-09,dijkstra,10,10,0,0,0,386.8669,812000,2969,
road|r5000|time|normal|G-5000-10|astar,road,r5000,time,normal,G-5000-10,astar,10,10,0,0,0,446.7499,461950,1106,
road|r5000|time|normal|G-5000-10|dijkstra,road,r5000,time,normal,G-5000-10,dijkstra,10,10,0,0,0,446.7499,650100,1941,
synthetic|n10|distance|normal|S-10|astar,synthetic,n10,distance,normal,S-10,astar,10,10,0,0,0,466.697,9250,5,
synthetic|n10|distance|normal|S-10|dfs,synthetic,n10,distance,normal,S-10,dfs,10,10,0,0,0,466.697,63500,1303,419
synthetic|n10|distance|normal|S-10|dijkstra,synthetic,n10,distance,normal,S-10,dijkstra,10,10,0,0,0,466.697,8750,7,
synthetic|n12|distance|normal|S-12|astar,synthetic,n12,distance,normal,S-12,astar,10,10,0,0,0,567.0263,7700,4,
synthetic|n12|distance|normal|S-12|dfs,synthetic,n12,distance,normal,S-12,dfs,10,10,0,0,0,567.0263,3370500,73770,29718
synthetic|n12|distance|normal|S-12|dijkstra,synthetic,n12,distance,normal,S-12,dijkstra,10,10,0,0,0,567.0263,8900,12,
synthetic|n14|distance|normal|S-14|astar,synthetic,n14,distance,normal,S-14,astar,10,10,0,0,0,324.304,16850,3,
synthetic|n14|distance|normal|S-14|dfs,synthetic,n14,distance,normal,S-14,dfs,10,10,0,0,0,324.304,202390650,3301989,929788
synthetic|n14|distance|normal|S-14|dijkstra,synthetic,n14,distance,normal,S-14,dijkstra,10,10,0,0,0,324.304,18950,8,
synthetic|n16|distance|normal|S-16|astar,synthetic,n16,distance,normal,S-16,astar,10,10,0,0,0,438.6918,49400,5,
synthetic|n16|distance|normal|S-16|dfs,synthetic,n16,distance,normal,S-16,dfs,10,0,10,0,0,,,35099520,14450454
synthetic|n16|distance|normal|S-16|dijkstra,synthetic,n16,distance,normal,S-16,dijkstra,10,10,0,0,0,438.6918,25650,12,
synthetic|n18|distance|normal|S-18|astar,synthetic,n18,distance,normal,S-18,astar,10,10,0,0,0,624.0914,34500,8,
synthetic|n18|distance|normal|S-18|dfs,synthetic,n18,distance,normal,S-18,dfs,10,0,10,0,0,,,30512960,9753849.5
synthetic|n18|distance|normal|S-18|dijkstra,synthetic,n18,distance,normal,S-18,dijkstra,10,10,0,0,0,624.0914,30350,17,
synthetic|n20|distance|normal|S-20|astar,synthetic,n20,distance,normal,S-20,astar,10,10,0,0,0,316.0956,22950,2,
synthetic|n20|distance|normal|S-20|dfs,synthetic,n20,distance,normal,S-20,dfs,10,0,10,0,0,,,29382208,10577132
synthetic|n20|distance|normal|S-20|dijkstra,synthetic,n20,distance,normal,S-20,dijkstra,10,10,0,0,0,316.0956,13100,6,
synthetic|n22|distance|normal|S-22|astar,synthetic,n22,distance,normal,S-22,astar,10,10,0,0,0,436.6508,21400,2,
synthetic|n22|distance|normal|S-22|dfs,synthetic,n22,distance,normal,S-22,dfs,10,0,10,0,0,,,25372416,8233484.5
synthetic|n22|distance|normal|S-22|dijkstra,synthetic,n22,distance,normal,S-22,dijkstra,10,10,0,0,0,436.6508,20050,14,
synthetic|n24|distance|normal|S-24|astar,synthetic,n24,distance,normal,S-24,astar,10,10,0,0,0,642.752,18200,4,
synthetic|n24|distance|normal|S-24|dfs,synthetic,n24,distance,normal,S-24,dfs,10,0,10,0,0,,,22396096,6656539.5
synthetic|n24|distance|normal|S-24|dijkstra,synthetic,n24,distance,normal,S-24,dijkstra,10,10,0,0,0,642.752,42150,24,
synthetic|n4|distance|normal|S-4|astar,synthetic,n4,distance,normal,S-4,astar,10,10,0,0,0,342.9939,5600,3,
synthetic|n4|distance|normal|S-4|dfs,synthetic,n4,distance,normal,S-4,dfs,10,10,0,0,0,342.9939,5100,7,3
synthetic|n4|distance|normal|S-4|dijkstra,synthetic,n4,distance,normal,S-4,dijkstra,10,10,0,0,0,342.9939,5550,4,
synthetic|n6|distance|normal|S-6|astar,synthetic,n6,distance,normal,S-6,astar,10,10,0,0,0,594.1696,8950,4,
synthetic|n6|distance|normal|S-6|dfs,synthetic,n6,distance,normal,S-6,dfs,10,10,0,0,0,594.1696,10200,31,14
synthetic|n6|distance|normal|S-6|dijkstra,synthetic,n6,distance,normal,S-6,dijkstra,10,10,0,0,0,594.1696,9850,6,
synthetic|n8|distance|normal|S-8|astar,synthetic,n8,distance,normal,S-8,astar,10,10,0,0,0,161.5557,7000,2,
synthetic|n8|distance|normal|S-8|dfs,synthetic,n8,distance,normal,S-8,dfs,10,10,0,0,0,161.5557,38850,150,55
synthetic|n8|distance|normal|S-8|dijkstra,synthetic,n8,distance,normal,S-8,dijkstra,10,10,0,0,0,161.5557,7000,3,
