run_id,track,size_label,graph_nodes,graph_edges,od_id,source,target,od_straight_m,algorithm,repetition,status,search_ms,visit_count,unique_visited,complete_paths,route_length_m,route_edge_ids,error_reason
1,1,n10,10,16,T1-1,4466,2275,174.1157,dfs,1,SUCCESS,0.0577,9,9,1,264.99,10321 10314 10313 1489 4295,
2,1,n10,10,16,T1-1,4466,2275,174.1157,dijkstra,1,SUCCESS,0.0506,7,7,,264.99,10321 10314 10313 1489 4295,
3,1,n10,10,16,T1-1,4466,2275,174.1157,astar,1,SUCCESS,0.0377,6,6,,264.99,10321 10314 10313 1489 4295,
4,1,n10,10,16,T1-1,4466,2275,174.1157,dijkstra,2,SUCCESS,0.0314,7,7,,264.99,10321 10314 10313 1489 4295,
5,1,n10,10,16,T1-1,4466,2275,174.1157,astar,2,SUCCESS,0.0344,6,6,,264.99,10321 10314 10313 1489 4295,
6,1,n10,10,16,T1-1,4466,2275,174.1157,dfs,2,SUCCESS,0.0215,9,9,1,264.99,10321 10314 10313 1489 4295,
7,1,n10,10,16,T1-1,4466,2275,174.1157,dfs,3,SUCCESS,0.0307,9,9,1,264.99,10321 10314 10313 1489 4295,
8,1,n10,10,16,T1-1,4466,2275,174.1157,dijkstra,3,SUCCESS,0.0502,7,7,,264.99,10321 10314 10313 1489 4295,
9,1,n10,10,16,T1-1,4466,2275,174.1157,astar,3,SUCCESS,0.0493,6,6,,264.99,10321 10314 10313 1489 4295,
10,1,n10,10,16,T1-1,4466,2275,174.1157,dfs,4,SUCCESS,0.0224,9,9,1,264.99,10321 10314 10313 1489 4295,
11,1,n10,10,16,T1-1,4466,2275,174.1157,dijkstra,4,SUCCESS,0.0349,7,7,,264.99,10321 10314 10313 1489 4295,
12,1,n10,10,16,T1-1,4466,2275,174.1157,astar,4,SUCCESS,0.0345,6,6,,264.99,10321 10314 10313 1489 4295,
13,1,n10,10,16,T1-1,4466,2275,174.1157,astar,5,SUCCESS,0.0317,6,6,,264.99,10321 10314 10313 1489 4295,
14,1,n10,10,16,T1-1,4466,2275,174.1157,dfs,5,SUCCESS,0.017,9,9,1,264.99,10321 10314 10313 1489 4295,
15,1,n10,10,16,T1-1,4466,2275,174.1157,dijkstra,5,SUCCESS,0.0313,7,7,,264.99,10321 10314 10313 1489 4295,
16,1,n10,10,16,T1-2,4465,4466,170.3618,dfs,1,SUCCESS,0.0165,10,10,1,221.081,10603 10317,
17,1,n10,10,16,T1-2,4465,4466,170.3618,astar,1,SUCCESS,0.0311,3,3,,221.081,10603 10317,
18,1,n10,10,16,T1-2,4465,4466,170.3618,dijkstra,1,SUCCESS,0.0321,6,6,,221.081,10603 10317,
19,1,n10,10,16,T1-2,4465,4466,170.3618,dijkstra,2,SUCCESS,0.0421,6,6,,221.081,10603 10317,
20,1,n10,10,16,T1-2,4465,4466,170.3618,dfs,2,SUCCESS,0.0229,10,10,1,221.081,10603 10317,
21,1,n10,10,16,T1-2,4465,4466,170.3618,astar,2,SUCCESS,0.0331,3,3,,221.081,10603 10317,
22,1,n10,10,16,T1-2,4465,4466,170.3618,dijkstra,3,SUCCESS,0.0304,6,6,,221.081,10603 10317,
23,1,n10,10,16,T1-2,4465,4466,170.3618,astar,3,SUCCESS,0.0293,3,3,,221.081,10603 10317,
24,1,n10,10,16,T1-2,4465,4466,170.3618,dfs,3,SUCCESS,0.0191,10,10,1,221.081,10603 10317,
25,1,n10,10,16,T1-2,4465,4466,170.3618,astar,4,SUCCESS,0.0386,3,3,,221.081,10603 10317,
26,1,n10,10,16,T1-2,4465,4466,170.3618,dijkstra,4,SUCCESS,0.0299,6,6,,221.081,10603 10317,
27,1,n10,10,16,T1-2,4465,4466,170.3618,dfs,4,SUCCESS,0.0139,10,10,1,221.081,10603 10317,
28,1,n10,10,16,T1-2,4465,4466,170.3618,dfs,5,SUCCESS,0.0193,10,10,1,221.081,10603 10317,
29,1,n10,10,16,T1-2,4465,4466,170.3618,dijkstra,5,SUCCESS,0.0371,6,6,,221.081,10603 10317,
30,1,n10,10,16,T1-2,4465,4466,170.3618,astar,5,SUCCESS,0.1112,3,3,,221.081,10603 10317,
31,1,n10,10,16,T1-3,848,4465,148.5583,dijkstra,1,SUCCESS,0.0488,4,4,,250.9899,2392 1478 10315,
32,1,n10,10,16,T1-3,848,4465,148.5583,astar,1,SUCCESS,0.0375,4,4,,250.9899,2392 1478 10315,
33,1,n10,10,16,T1-3,848,4465,148.5583,dfs,1,SUCCESS,0.0168,10,10,1,250.9899,2392 1478 10315,
34,1,n10,10,16,T1-3,848,4465,148.5583,astar,2,SUCCESS,0.0302,4,4,,250.9899,2392 1478 10315,
35,1,n10,10,16,T1-3,848,4465,148.5583,dijkstra,2,SUCCESS,0.0286,4,4,,250.9899,2392 1478 10315,
36,1,n10,10,16,T1-3,848,4465,148.5583,dfs,2,SUCCESS,0.0144,10,10,1,250.9899,2392 1478 10315,
37,1,n10,10,16,T1-3,848,4465,148.5583,dijkstra,3,SUCCESS,0.0311,4,4,,250.9899,2392 1478 10315,
38,1,n10,10,16,T1-3,848,4465,148.5583,astar,3,SUCCESS,0.0366,4,4,,250.9899,2392 1478 10315,
39,1,n10,10,16,T1-3,848,4465,148.5583,dfs,3,SUCCESS,0.0159,10,10,1,250.9899,2392 1478 10315,
40,1,n10,10,16,T1-3,848,4465,148.5583,astar,4,SUCCESS,0.0359,4,4,,250.9899,2392 1478 10315,
41,1,n10,10,16,T1-3,848,4465,148.5583,dijkstra,4,SUCCESS,0.1159,4,4,,250.9899,2392 1478 10315,
42,1,n10,10,16,T1-3,848,4465,148.5583,dfs,4,SUCCESS,0.0274,10,10,1,250.9899,2392 1478 10315,
43,1,n10,10,16,T1-3,848,4465,148.5583,astar,5,SUCCESS,0.0377,4,4,,250.9899,2392 1478 10315,
44,1,n10,10,16,T1-3,848,4465,148.5583,dfs,5,SUCCESS,0.0148,10,10,1,250.9899,2392 1478 10315,
45,1,n10,10,16,T1-3,848,4465,148.5583,dijkstra,5,SUCCESS,0.0316,4,4,,250.9899,2392 1478 10315,
46,1,n10,10,16,T1-4,846,848,20.6097,astar,1,SUCCESS,0.0275,2,2,,20.6194,1477,
47,1,n10,10,16,T1-4,846,848,20.6097,dfs,1,SUCCESS,0.0157,10,10,1,20.6194,1477,
48,1,n10,10,16,T1-4,846,848,20.6097,dijkstra,1,SUCCESS,0.032,2,2,,20.6194,1477,
49,1,n10,10,16,T1-4,846,848,20.6097,dfs,2,SUCCESS,0.0145,10,10,1,20.6194,1477,
50,1,n10,10,16,T1-4,846,848,20.6097,dijkstra,2,SUCCESS,0.0274,2,2,,20.6194,1477,
51,1,n10,10,16,T1-4,846,848,20.6097,astar,2,SUCCESS,0.106,2,2,,20.6194,1477,
52,1,n10,10,16,T1-4,846,848,20.6097,dijkstra,3,SUCCESS,0.0308,2,2,,20.6194,1477,
53,1,n10,10,16,T1-4,846,848,20.6097,dfs,3,SUCCESS,0.0164,10,10,1,20.6194,1477,
54,1,n10,10,16,T1-4,846,848,20.6097,astar,3,SUCCESS,0.0273,2,2,,20.6194,1477,
55,1,n10,10,16,T1-4,846,848,20.6097,astar,4,SUCCESS,0.0269,2,2,,20.6194,1477,
56,1,n10,10,16,T1-4,846,848,20.6097,dfs,4,SUCCESS,0.0142,10,10,1,20.6194,1477,
57,1,n10,10,16,T1-4,846,848,20.6097,dijkstra,4,SUCCESS,0.0264,2,2,,20.6194,1477,
58,1,n10,10,16,T1-4,846,848,20.6097,astar,5,SUCCESS,0.0369,2,2,,20.6194,1477,
59,1,n10,10,16,T1-4,846,848,20.6097,dijkstra,5,SUCCESS,0.0303,2,2,,20.6194,1477,
60,1,n10,10,16,T1-4,846,848,20.6097,dfs,5,SUCCESS,0.0183,10,10,1,20.6194,1477,
61,1,n10,10,16,T1-5,856,848,174.1771,dfs,1,SUCCESS,0.0142,10,10,1,283.2407,4295 4956 10312 10316 1477,
62,1,n10,10,16,T1-5,856,848,174.1771,dijkstra,1,SUCCESS,0.1473,10,10,,283.2407,4295 4956 10312 10316 1477,
63,1,n10,10,16,T1-5,856,848,174.1771,astar,1,SUCCESS,0.0759,8,8,,283.2407,4295 4956 10312 10316 1477,
64,1,n10,10,16,T1-5,856,848,174.1771,astar,2,SUCCESS,0.0428,8,8,,283.2407,4295 4956 10312 10316 1477,
65,1,n10,10,16,T1-5,856,848,174.1771,dijkstra,2,SUCCESS,0.0417,10,10,,283.2407,4295 4956 10312 10316 1477,
66,1,n10,10,16,T1-5,856,848,174.1771,dfs,2,SUCCESS,0.0187,10,10,1,283.2407,4295 4956 10312 10316 1477,
67,1,n10,10,16,T1-5,856,848,174.1771,dfs,3,SUCCESS,0.0138,10,10,1,283.2407,4295 4956 10312 10316 1477,
68,1,n10,10,16,T1-5,856,848,174.1771,astar,3,SUCCESS,0.0367,8,8,,283.2407,4295 4956 10312 10316 1477,
69,1,n10,10,16,T1-5,856,848,174.1771,dijkstra,3,SUCCESS,0.0322,10,10,,283.2407,4295 4956 10312 10316 1477,
70,1,n10,10,16,T1-5,856,848,174.1771,dfs,4,SUCCESS,0.0149,10,10,1,283.2407,4295 4956 10312 10316 1477,
71,1,n10,10,16,T1-5,856,848,174.1771,dijkstra,4,SUCCESS,0.0321,10,10,,283.2407,4295 4956 10312 10316 1477,
72,1,n10,10,16,T1-5,856,848,174.1771,astar,4,SUCCESS,0.0325,8,8,,283.2407,4295 4956 10312 10316 1477,
73,1,n10,10,16,T1-5,856,848,174.1771,astar,5,SUCCESS,0.0424,8,8,,283.2407,4295 4956 10312 10316 1477,
74,1,n10,10,16,T1-5,856,848,174.1771,dfs,5,SUCCESS,0.0266,10,10,1,283.2407,4295 4956 10312 10316 1477,
75,1,n10,10,16,T1-5,856,848,174.1771,dijkstra,5,SUCCESS,0.0498,10,10,,283.2407,4295 4956 10312 10316 1477,
76,1,n15,15,26,T1-1,4466,2275,174.1157,dijkstra,1,SUCCESS,0.0326,7,7,,264.99,10321 10314 10313 1489 4295,
77,1,n15,15,26,T1-1,4466,2275,174.1157,astar,1,SUCCESS,0.032,6,6,,264.99,10321 10314 10313 1489 4295,
78,1,n15,15,26,T1-1,4466,2275,174.1157,dfs,1,SUCCESS,0.0139,13,13,1,264.99,10321 10314 10313 1489 4295,
79,1,n15,15,26,T1-1,4466,2275,174.1157,dfs,2,SUCCESS,0.0132,13,13,1,264.99,10321 10314 10313 1489 4295,
80,1,n15,15,26,T1-1,4466,2275,174.1157,dijkstra,2,SUCCESS,0.0338,7,7,,264.99,10321 10314 10313 1489 4295,
81,1,n15,15,26,T1-1,4466,2275,174.1157,astar,2,SUCCESS,0.0342,6,6,,264.99,10321 10314 10313 1489 4295,
82,1,n15,15,26,T1-1,4466,2275,174.1157,dfs,3,SUCCESS,0.0134,13,13,1,264.99,10321 10314 10313 1489 4295,
83,1,n15,15,26,T1-1,4466,2275,174.1157,astar,3,SUCCESS,0.0351,6,6,,264.99,10321 10314 10313 1489 4295,
84,1,n15,15,26,T1-1,4466,2275,174.1157,dijkstra,3,SUCCESS,0.0638,7,7,,264.99,10321 10314 10313 1489 4295,
85,1,n15,15,26,T1-1,4466,2275,174.1157,dijkstra,4,SUCCESS,0.0434,7,7,,264.99,10321 10314 10313 1489 4295,
86,1,n15,15,26,T1-1,4466,2275,174.1157,dfs,4,SUCCESS,0.0153,13,13,1,264.99,10321 10314 10313 1489 4295,
87,1,n15,15,26,T1-1,4466,2275,174.1157,astar,4,SUCCESS,0.0341,6,6,,264.99,10321 10314 10313 1489 4295,
88,1,n15,15,26,T1-1,4466,2275,174.1157,dijkstra,5,SUCCESS,0.0315,7,7,,264.99,10321 10314 10313 1489 4295,
89,1,n15,15,26,T1-1,4466,2275,174.1157,astar,5,SUCCESS,0.0381,6,6,,264.99,10321 10314 10313 1489 4295,
90,1,n15,15,26,T1-1,4466,2275,174.1157,dfs,5,SUCCESS,0.0232,13,13,1,264.99,10321 10314 10313 1489 4295,
91,1,n15,15,26,T1-2,4465,4466,170.3618,dijkstra,1,SUCCESS,0.0318,6,6,,221.081,10603 10317,
92,1,n15,15,26,T1-2,4465,4466,170.3618,dfs,1,SUCCESS,0.0137,15,15,1,221.081,10603 10317,
93,1,n15,15,26,T1-2,4465,4466,170.3618,astar,1,SUCCESS,0.0313,3,3,,221.081,10603 10317,
94,1,n15,15,26,T1-2,4465,4466,170.3618,astar,2,SUCCESS,0.0318,3,3,,221.081,10603 10317,
95,1,n15,15,26,T1-2,4465,4466,170.3618,dijkstra,2,SUCCESS,0.0372,6,6,,221.081,10603 10317,
96,1,n15,15,26,T1-2,4465,4466,170.3618,dfs,2,SUCCESS,0.028,15,15,1,221.081,10603 10317,
97,1,n15,15,26,T1-2,4465,4466,170.3618,dijkstra,3,SUCCESS,0.0508,6,6,,221.081,10603 10317,
98,1,n15,15,26,T1-2,4465,4466,170.3618,astar,3,SUCCESS,0.0367,3,3,,221.081,10603 10317,
99,1,n15,15,26,T1-2,4465,4466,170.3618,dfs,3,SUCCESS,0.0196,15,15,1,221.081,10603 10317,
100,1,n15,15,26,T1-2,4465,4466,170.3618,dfs,4,SUCCESS,0.0142,15,15,1,221.081,10603 10317,
101,1,n15,15,26,T1-2,4465,4466,170.3618,dijkstra,4,SUCCESS,0.0344,6,6,,221.081,10603 10317,
102,1,n15,15,26,T1-2,4465,4466,170.3618,astar,4,SUCCESS,0.0298,3,3,,221.081,10603 10317,
103,1,n15,15,26,T1-2,4465,4466,170.3618,dfs,5,SUCCESS,0.0161,15,15,1,221.081,10603 10317,
104,1,n15,15,26,T1-2,4465,4466,170.3618,astar,5,SUCCESS,0.0309,3,3,,221.081,10603 10317,
105,1,n15,15,26,T1-2,4465,4466,170.3618,dijkstra,5,SUCCESS,0.0332,6,6,,221.081,10603 10317,
106,1,n15,15,26,T1-3,848,4465,148.5583,dijkstra,1,SUCCESS,0.0331,6,6,,250.9899,2392 1478 10315,
107,1,n15,15,26,T1-3,848,4465,148.5583,astar,1,SUCCESS,0.0524,6,6,,250.9899,2392 1478 10315,
108,1,n15,15,26,T1-3,848,4465,148.5583,dfs,1,SUCCESS,0.0204,15,15,1,250.9899,2392 1478 10315,
109,1,n15,15,26,T1-3,848,4465,148.5583,dijkstra,2,SUCCESS,0.0443,6,6,,250.9899,2392 1478 10315,
110,1,n15,15,26,T1-3,848,4465,148.5583,dfs,2,SUCCESS,0.0163,15,15,1,250.9899,2392 1478 10315,
111,1,n15,15,26,T1-3,848,4465,148.5583,astar,2,SUCCESS,0.0334,6,6,,250.9899,2392 1478 10315,
112,1,n15,15,26,T1-3,848,4465,148.5583,astar,3,SUCCESS,0.0314,6,6,,250.9899,2392 1478 10315,
113,1,n15,15,26,T1-3,848,4465,148.5583,dfs,3,SUCCESS,0.0146,15,15,1,250.9899,2392 1478 10315,
114,1,n15,15,26,T1-3,848,4465,148.5583,dijkstra,3,SUCCESS,0.0322,6,6,,250.9899,2392 1478 10315,
115,1,n15,15,26,T1-3,848,4465,148.5583,astar,4,SUCCESS,0.0315,6,6,,250.9899,2392 1478 10315,
116,1,n15,15,26,T1-3,848,4465,148.5583,dijkstra,4,SUCCESS,0.0316,6,6,,250.9899,2392 1478 10315,
117,1,n15,15,26,T1-3,848,4465,148.5583,dfs,4,SUCCESS,0.0188,15,15,1,250.9899,2392 1478 10315,
118,1,n15,15,26,T1-3,848,4465,148.5583,dfs,5,SUCCESS,0.0151,15,15,1,250.9899,2392 1478 10315,
119,1,n15,15,26,T1-3,848,4465,148.5583,astar,5,SUCCESS,0.0907,6,6,,250.9899,2392 1478 10315,
120,1,n15,15,26,T1-3,848,4465,148.5583,dijkstra,5,SUCCESS,0.0392,6,6,,250.9899,2392 1478 10315,
121,1,n15,15,26,T1-4,846,848,20.6097,astar,1,SUCCESS,0.0302,2,2,,20.6194,1477,
122,1,n15,15,26,T1-4,846,848,20.6097,dijkstra,1,SUCCESS,0.0274,2,2,,20.6194,1477,
123,1,n15,15,26,T1-4,846,848,20.6097,dfs,1,SUCCESS,0.0093,14,14,1,20.6194,1477,
124,1,n15,15,26,T1-4,846,848,20.6097,astar,2,SUCCESS,0.0288,2,2,,20.6194,1477,
125,1,n15,15,26,T1-4,846,848,20.6097,dfs,2,SUCCESS,0.0089,14,14,1,20.6194,1477,
126,1,n15,15,26,T1-4,846,848,20.6097,dijkstra,2,SUCCESS,0.0277,2,2,,20.6194,1477,
127,1,n15,15,26,T1-4,846,848,20.6097,dijkstra,3,SUCCESS,0.0576,2,2,,20.6194,1477,
128,1,n15,15,26,T1-4,846,848,20.6097,astar,3,SUCCESS,0.0561,2,2,,20.6194,1477,
129,1,n15,15,26,T1-4,846,848,20.6097,dfs,3,SUCCESS,0.0129,14,14,1,20.6194,1477,
130,1,n15,15,26,T1-4,846,848,20.6097,dfs,4,SUCCESS,0.0099,14,14,1,20.6194,1477,
131,1,n15,15,26,T1-4,846,848,20.6097,dijkstra,4,SUCCESS,0.0316,2,2,,20.6194,1477,
132,1,n15,15,26,T1-4,846,848,20.6097,astar,4,SUCCESS,0.0792,2,2,,20.6194,1477,
133,1,n15,15,26,T1-4,846,848,20.6097,astar,5,SUCCESS,0.0494,2,2,,20.6194,1477,
134,1,n15,15,26,T1-4,846,848,20.6097,dijkstra,5,SUCCESS,0.0287,2,2,,20.6194,1477,
135,1,n15,15,26,T1-4,846,848,20.6097,dfs,5,SUCCESS,0.0095,14,14,1,20.6194,1477,
136,1,n15,15,26,T1-5,856,848,174.1771,dijkstra,1,SUCCESS,0.0344,13,13,,283.2407,4295 4956 10312 10316 1477,
137,1,n15,15,26,T1-5,856,848,174.1771,dfs,1,SUCCESS,0.0097,14,14,1,283.2407,4295 4956 10312 10316 1477,
138,1,n15,15,26,T1-5,856,848,174.1771,astar,1,SUCCESS,0.0394,9,9,,283.2407,4295 4956 10312 10316 1477,
139,1,n15,15,26,T1-5,856,848,174.1771,dfs,2,SUCCESS,0.0184,14,14,1,283.2407,4295 4956 10312 10316 1477,
140,1,n15,15,26,T1-5,856,848,174.1771,dijkstra,2,SUCCESS,0.0625,13,13,,283.2407,4295 4956 10312 10316 1477,
141,1,n15,15,26,T1-5,856,848,174.1771,astar,2,SUCCESS,0.0558,9,9,,283.2407,4295 4956 10312 10316 1477,
142,1,n15,15,26,T1-5,856,848,174.1771,astar,3,SUCCESS,0.0362,9,9,,283.2407,4295 4956 10312 10316 1477,
143,1,n15,15,26,T1-5,856,848,174.1771,dijkstra,3,SUCCESS,0.0352,13,13,,283.2407,4295 4956 10312 10316 1477,
144,1,n15,15,26,T1-5,856,848,174.1771,dfs,3,SUCCESS,0.0137,14,14,1,283.2407,4295 4956 10312 10316 1477,
145,1,n15,15,26,T1-5,856,848,174.1771,dfs,4,SUCCESS,0.0105,14,14,1,283.2407,4295 4956 10312 10316 1477,
146,1,n15,15,26,T1-5,856,848,174.1771,astar,4,SUCCESS,0.0382,9,9,,283.2407,4295 4956 10312 10316 1477,
147,1,n15,15,26,T1-5,856,848,174.1771,dijkstra,4,SUCCESS,0.0546,13,13,,283.2407,4295 4956 10312 10316 1477,
148,1,n15,15,26,T1-5,856,848,174.1771,dfs,5,SUCCESS,0.01,14,14,1,283.2407,4295 4956 10312 10316 1477,
149,1,n15,15,26,T1-5,856,848,174.1771,dijkstra,5,SUCCESS,0.0421,13,13,,283.2407,4295 4956 10312 10316 1477,
150,1,n15,15,26,T1-5,856,848,174.1771,astar,5,SUCCESS,0.0615,9,9,,283.2407,4295 4956 10312 10316 1477,
151,1,n20,20,38,T1-1,4466,2275,174.1157,dijkstra,1,SUCCESS,0.0455,7,7,,264.99,10321 10314 10313 1489 4295,
152,1,n20,20,38,T1-1,4466,2275,174.1157,dfs,1,SUCCESS,0.0152,21,20,2,264.99,10321 10314 10313 1489 4295,
153,1,n20,20,38,T1-1,4466,2275,174.1157,astar,1,SUCCESS,0.0422,6,6,,264.99,10321 10314 10313 1489 4295,
154,1,n20,20,38,T1-1,4466,2275,174.1157,astar,2,SUCCESS,0.0338,6,6,,264.99,10321 10314 10313 1489 4295,
155,1,n20,20,38,T1-1,4466,2275,174.1157,dijkstra,2,SUCCESS,0.0323,7,7,,264.99,10321 10314 10313 1489 4295,
156,1,n20,20,38,T1-1,4466,2275,174.1157,dfs,2,SUCCESS,0.0108,21,20,2,264.99,10321 10314 10313 1489 4295,
157,1,n20,20,38,T1-1,4466,2275,174.1157,dijkstra,3,SUCCESS,0.032,7,7,,264.99,10321 10314 10313 1489 4295,
158,1,n20,20,38,T1-1,4466,2275,174.1157,dfs,3,SUCCESS,0.0102,21,20,2,264.99,10321 10314 10313 1489 4295,
159,1,n20,20,38,T1-1,4466,2275,174.1157,astar,3,SUCCESS,0.0332,6,6,,264.99,10321 10314 10313 1489 4295,
160,1,n20,20,38,T1-1,4466,2275,174.1157,dfs,4,SUCCESS,0.0213,21,20,2,264.99,10321 10314 10313 1489 4295,
161,1,n20,20,38,T1-1,4466,2275,174.1157,dijkstra,4,SUCCESS,0.048,7,7,,264.99,10321 10314 10313 1489 4295,
162,1,n20,20,38,T1-1,4466,2275,174.1157,astar,4,SUCCESS,0.0366,6,6,,264.99,10321 10314 10313 1489 4295,
163,1,n20,20,38,T1-1,4466,2275,174.1157,dfs,5,SUCCESS,0.0113,21,20,2,264.99,10321 10314 10313 1489 4295,
164,1,n20,20,38,T1-1,4466,2275,174.1157,astar,5,SUCCESS,0.0352,6,6,,264.99,10321 10314 10313 1489 4295,
165,1,n20,20,38,T1-1,4466,2275,174.1157,dijkstra,5,SUCCESS,0.0336,7,7,,264.99,10321 10314 10313 1489 4295,
166,1,n20,20,38,T1-2,4465,4466,170.3618,astar,1,SUCCESS,0.0313,3,3,,221.081,10603 10317,
167,1,n20,20,38,T1-2,4465,4466,170.3618,dijkstra,1,SUCCESS,0.0317,6,6,,221.081,10603 10317,
168,1,n20,20,38,T1-2,4465,4466,170.3618,dfs,1,SUCCESS,0.0108,37,20,1,221.081,10603 10317,
169,1,n20,20,38,T1-2,4465,4466,170.3618,astar,2,SUCCESS,0.0473,3,3,,221.081,10603 10317,
170,1,n20,20,38,T1-2,4465,4466,170.3618,dijkstra,2,SUCCESS,0.0211,6,6,,221.081,10603 10317,
171,1,n20,20,38,T1-2,4465,4466,170.3618,dfs,2,SUCCESS,0.041,37,20,1,221.081,10603 10317,
172,1,n20,20,38,T1-2,4465,4466,170.3618,astar,3,SUCCESS,0.0571,3,3,,221.081,10603 10317,
173,1,n20,20,38,T1-2,4465,4466,170.3618,dijkstra,3,SUCCESS,0.0393,6,6,,221.081,10603 10317,
174,1,n20,20,38,T1-2,4465,4466,170.3618,dfs,3,SUCCESS,0.0145,37,20,1,221.081,10603 10317,
175,1,n20,20,38,T1-2,4465,4466,170.3618,astar,4,SUCCESS,0.0329,3,3,,221.081,10603 10317,
176,1,n20,20,38,T1-2,4465,4466,170.3618,dijkstra,4,SUCCESS,0.0353,6,6,,221.081,10603 10317,
177,1,n20,20,38,T1-2,4465,4466,170.3618,dfs,4,SUCCESS,0.0117,37,20,1,221.081,10603 10317,
178,1,n20,20,38,T1-2,4465,4466,170.3618,astar,5,SUCCESS,0.0293,3,3,,221.081,10603 10317,
179,1,n20,20,38,T1-2,4465,4466,170.3618,dijkstra,5,SUCCESS,0.032,6,6,,221.081,10603 10317,
180,1,n20,20,38,T1-2,4465,4466,170.3618,dfs,5,SUCCESS,0.0108,37,20,1,221.081,10603 10317,
181,1,n20,20,38,T1-3,848,4465,148.5583,dfs,1,SUCCESS,0.0127,38,20,2,250.9899,2392 1478 10315,
182,1,n20,20,38,T1-3,848,4465,148.5583,astar,1,SUCCESS,0.0589,6,6,,250.9899,2392 1478 10315,
183,1,n20,20,38,T1-3,848,4465,148.5583,dijkstra,1,SUCCESS,0.0811,14,14,,250.9899,2392 1478 10315,
184,1,n20,20,38,T1-3,848,4465,148.5583,dijkstra,2,SUCCESS,0.0446,14,14,,250.9899,2392 1478 10315,
185,1,n20,20,38,T1-3,848,4465,148.5583,dfs,2,SUCCESS,0.0152,38,20,2,250.9899,2392 1478 10315,
186,1,n20,20,38,T1-3,848,4465,148.5583,astar,2,SUCCESS,0.0345,6,6,,250.9899,2392 1478 10315,
187,1,n20,20,38,T1-3,848,4465,148.5583,dfs,3,SUCCESS,0.0111,38,20,2,250.9899,2392 1478 10315,
188,1,n20,20,38,T1-3,848,4465,148.5583,astar,3,SUCCESS,0.0327,6,6,,250.9899,2392 1478 10315,
189,1,n20,20,38,T1-3,848,4465,148.5583,dijkstra,3,SUCCESS,0.0376,14,14,,250.9899,2392 1478 10315,
190,1,n20,20,38,T1-3,848,4465,148.5583,astar,4,SUCCESS,0.0317,6,6,,250.9899,2392 1478 10315,
191,1,n20,20,38,T1-3,848,4465,148.5583,dfs,4,SUCCESS,0.0133,38,20,2,250.9899,2392 1478 10315,
192,1,n20,20,38,T1-3,848,4465,148.5583,dijkstra,4,SUCCESS,0.0468,14,14,,250.9899,2392 1478 10315,
193,1,n20,20,38,T1-3,848,4465,148.5583,dfs,5,SUCCESS,0.0148,38,20,2,250.9899,2392 1478 10315,
194,1,n20,20,38,T1-3,848,4465,148.5583,astar,5,SUCCESS,0.0506,6,6,,250.9899,2392 1478 10315,
195,1,n20,20,38,T1-3,848,4465,148.5583,dijkstra,5,SUCCESS,0.0424,14,14,,250.9899,2392 1478 10315,
196,1,n20,20,38,T1-4,846,848,20.6097,dfs,1,SUCCESS,0.0128,20,19,2,20.6194,1477,
197,1,n20,20,38,T1-4,846,848,20.6097,astar,1,SUCCESS,0.0312,2,2,,20.6194,1477,
198,1,n20,20,38,T1-4,846,848,20.6097,dijkstra,1,SUCCESS,0.0318,2,2,,20.6194,1477,
199,1,n20,20,38,T1-4,846,848,20.6097,dijkstra,2,SUCCESS,0.0293,2,2,,20.6194,1477,
200,1,n20,20,38,T1-4,846,848,20.6097,dfs,2,SUCCESS,0.0116,20,19,2,20.6194,1477,
201,1,n20,20,38,T1-4,846,848,20.6097,astar,2,SUCCESS,0.0346,2,2,,20.6194,1477,
202,1,n20,20,38,T1-4,846,848,20.6097,astar,3,SUCCESS,0.0522,2,2,,20.6194,1477,
203,1,n20,20,38,T1-4,846,848,20.6097,dfs,3,SUCCESS,0.0133,20,19,2,20.6194,1477,
204,1,n20,20,38,T1-4,846,848,20.6097,dijkstra,3,SUCCESS,0.0228,2,2,,20.6194,1477,
205,1,n20,20,38,T1-4,846,848,20.6097,astar,4,SUCCESS,0.0522,2,2,,20.6194,1477,
206,1,n20,20,38,T1-4,846,848,20.6097,dfs,4,SUCCESS,0.0152,20,19,2,20.6194,1477,
207,1,n20,20,38,T1-4,846,848,20.6097,dijkstra,4,SUCCESS,0.0398,2,2,,20.6194,1477,
208,1,n20,20,38,T1-4,846,848,20.6097,astar,5,SUCCESS,0.0305,2,2,,20.6194,1477,
209,1,n20,20,38,T1-4,846,848,20.6097,dfs,5,SUCCESS,0.0101,20,19,2,20.6194,1477,
210,1,n20,20,38,T1-4,846,848,20.6097,dijkstra,5,SUCCESS,0.029,2,2,,20.6194,1477,
211,1,n20,20,38,T1-5,856,848,174.1771,dfs,1,SUCCESS,0.0105,20,19,2,209.9249,4295 4955 4958 4960 2395,
212,1,n20,20,38,T1-5,856,848,174.1771,astar,1,SUCCESS,0.0413,8,8,,209.9249,4295 4955 4958 4960 2395,
213,1,n20,20,38,T1-5,856,848,174.1771,dijkstra,1,SUCCESS,0.0455,12,12,,209.9249,4295 4955 4958 4960 2395,
214,1,n20,20,38,T1-5,856,848,174.1771,dijkstra,2,SUCCESS,0.0589,12,12,,209.9249,4295 4955 4958 4960 2395,
215,1,n20,20,38,T1-5,856,848,174.1771,dfs,2,SUCCESS,0.0257,20,19,2,209.9249,4295 4955 4958 4960 2395,
216,1,n20,20,38,T1-5,856,848,174.1771,astar,2,SUCCESS,0.0552,8,8,,209.9249,4295 4955 4958 4960 2395,
217,1,n20,20,38,T1-5,856,848,174.1771,dfs,3,SUCCESS,0.012,20,19,2,209.9249,4295 4955 4958 4960 2395,
218,1,n20,20,38,T1-5,856,848,174.1771,dijkstra,3,SUCCESS,0.042,12,12,,209.9249,4295 4955 4958 4960 2395,
219,1,n20,20,38,T1-5,856,848,174.1771,astar,3,SUCCESS,0.0372,8,8,,209.9249,4295 4955 4958 4960 2395,
220,1,n20,20,38,T1-5,856,848,174.1771,dijkstra,4,SUCCESS,0.0375,12,12,,209.9249,4295 4955 4958 4960 2395,
221,1,n20,20,38,T1-5,856,848,174.1771,astar,4,SUCCESS,0.0373,8,8,,209.9249,4295 4955 4958 4960 2395,
222,1,n20,20,38,T1-5,856,848,174.1771,dfs,4,SUCCESS,0.0193,20,19,2,209.9249,4295 4955 4958 4960 2395,
223,1,n20,20,38,T1-5,856,848,174.1771,dfs,5,SUCCESS,0.0118,20,19,2,209.9249,4295 4955 4958 4960 2395,
224,1,n20,20,38,T1-5,856,848,174.1771,dijkstra,5,SUCCESS,0.0509,12,12,,209.9249,4295 4955 4958 4960 2395,
225,1,n20,20,38,T1-5,856,848,174.1771,astar,5,SUCCESS,0.0581,8,8,,209.9249,4295 4955 4958 4960 2395,
226,1,n25,25,48,T1-1,4466,2275,174.1157,dijkstra,1,SUCCESS,0.0352,7,7,,264.99,10321 10314 10313 1489 4295,
227,1,n25,25,48,T1-1,4466,2275,174.1157,astar,1,SUCCESS,0.0338,6,6,,264.99,10321 10314 10313 1489 4295,
228,1,n25,25,48,T1-1,4466,2275,174.1157,dfs,1,SUCCESS,0.0113,26,25,2,264.99,10321 10314 10313 1489 4295,
229,1,n25,25,48,T1-1,4466,2275,174.1157,astar,2,SUCCESS,0.0334,6,6,,264.99,10321 10314 10313 1489 4295,
230,1,n25,25,48,T1-1,4466,2275,174.1157,dijkstra,2,SUCCESS,0.0314,7,7,,264.99,10321 10314 10313 1489 4295,
231,1,n25,25,48,T1-1,4466,2275,174.1157,dfs,2,SUCCESS,0.0111,26,25,2,264.99,10321 10314 10313 1489 4295,
232,1,n25,25,48,T1-1,4466,2275,174.1157,dijkstra,3,SUCCESS,0.0384,7,7,,264.99,10321 10314 10313 1489 4295,
233,1,n25,25,48,T1-1,4466,2275,174.1157,astar,3,SUCCESS,0.0334,6,6,,264.99,10321 10314 10313 1489 4295,
234,1,n25,25,48,T1-1,4466,2275,174.1157,dfs,3,SUCCESS,0.012,26,25,2,264.99,10321 10314 10313 1489 4295,
235,1,n25,25,48,T1-1,4466,2275,174.1157,astar,4,SUCCESS,0.0354,6,6,,264.99,10321 10314 10313 1489 4295,
236,1,n25,25,48,T1-1,4466,2275,174.1157,dijkstra,4,SUCCESS,0.0658,7,7,,264.99,10321 10314 10313 1489 4295,
237,1,n25,25,48,T1-1,4466,2275,174.1157,dfs,4,SUCCESS,0.017,26,25,2,264.99,10321 10314 10313 1489 4295,
238,1,n25,25,48,T1-1,4466,2275,174.1157,dijkstra,5,SUCCESS,0.0379,7,7,,264.99,10321 10314 10313 1489 4295,
239,1,n25,25,48,T1-1,4466,2275,174.1157,astar,5,SUCCESS,0.0348,6,6,,264.99,10321 10314 10313 1489 4295,
240,1,n25,25,48,T1-1,4466,2275,174.1157,dfs,5,SUCCESS,0.0106,26,25,2,264.99,10321 10314 10313 1489 4295,
241,1,n25,25,48,T1-2,4465,4466,170.3618,dfs,1,SUCCESS,0.0112,47,25,1,221.081,10603 10317,
242,1,n25,25,48,T1-2,4465,4466,170.3618,astar,1,SUCCESS,0.0344,3,3,,221.081,10603 10317,
243,1,n25,25,48,T1-2,4465,4466,170.3618,dijkstra,1,SUCCESS,0.0413,6,6,,221.081,10603 10317,
244,1,n25,25,48,T1-2,4465,4466,170.3618,dfs,2,SUCCESS,0.0146,47,25,1,221.081,10603 10317,
245,1,n25,25,48,T1-2,4465,4466,170.3618,astar,2,SUCCESS,0.0344,3,3,,221.081,10603 10317,
246,1,n25,25,48,T1-2,4465,4466,170.3618,dijkstra,2,SUCCESS,0.1086,6,6,,221.081,10603 10317,
247,1,n25,25,48,T1-2,4465,4466,170.3618,dijkstra,3,SUCCESS,0.1076,6,6,,221.081,10603 10317,
248,1,n25,25,48,T1-2,4465,4466,170.3618,astar,3,SUCCESS,0.0395,3,3,,221.081,10603 10317,
249,1,n25,25,48,T1-2,4465,4466,170.3618,dfs,3,SUCCESS,0.0146,47,25,1,221.081,10603 10317,
250,1,n25,25,48,T1-2,4465,4466,170.3618,dfs,4,SUCCESS,0.0116,47,25,1,221.081,10603 10317,
251,1,n25,25,48,T1-2,4465,4466,170.3618,dijkstra,4,SUCCESS,0.0327,6,6,,221.081,10603 10317,
252,1,n25,25,48,T1-2,4465,4466,170.3618,astar,4,SUCCESS,0.0621,3,3,,221.081,10603 10317,
253,1,n25,25,48,T1-2,4465,4466,170.3618,astar,5,SUCCESS,0.0376,3,3,,221.081,10603 10317,
254,1,n25,25,48,T1-2,4465,4466,170.3618,dijkstra,5,SUCCESS,0.036,6,6,,221.081,10603 10317,
255,1,n25,25,48,T1-2,4465,4466,170.3618,dfs,5,SUCCESS,0.0127,47,25,1,221.081,10603 10317,
256,1,n25,25,48,T1-3,848,4465,148.5583,dfs,1,SUCCESS,0.0155,48,25,2,250.9899,2392 1478 10315,
257,1,n25,25,48,T1-3,848,4465,148.5583,astar,1,SUCCESS,0.0539,6,6,,250.9899,2392 1478 10315,
258,1,n25,25,48,T1-3,848,4465,148.5583,dijkstra,1,SUCCESS,0.0461,14,14,,250.9899,2392 1478 10315,
259,1,n25,25,48,T1-3,848,4465,148.5583,dijkstra,2,SUCCESS,0.0549,14,14,,250.9899,2392 1478 10315,
260,1,n25,25,48,T1-3,848,4465,148.5583,dfs,2,SUCCESS,0.0153,48,25,2,250.9899,2392 1478 10315,
261,1,n25,25,48,T1-3,848,4465,148.5583,astar,2,SUCCESS,0.0604,6,6,,250.9899,2392 1478 10315,
262,1,n25,25,48,T1-3,848,4465,148.5583,astar,3,SUCCESS,0.0372,6,6,,250.9899,2392 1478 10315,
263,1,n25,25,48,T1-3,848,4465,148.5583,dfs,3,SUCCESS,0.0142,48,25,2,250.9899,2392 1478 10315,
264,1,n25,25,48,T1-3,848,4465,148.5583,dijkstra,3,SUCCESS,0.0423,14,14,,250.9899,2392 1478 10315,
265,1,n25,25,48,T1-3,848,4465,148.5583,dfs,4,SUCCESS,0.0313,48,25,2,250.9899,2392 1478 10315,
266,1,n25,25,48,T1-3,848,4465,148.5583,dijkstra,4,SUCCESS,0.0512,14,14,,250.9899,2392 1478 10315,
267,1,n25,25,48,T1-3,848,4465,148.5583,astar,4,SUCCESS,0.0575,6,6,,250.9899,2392 1478 10315,
268,1,n25,25,48,T1-3,848,4465,148.5583,astar,5,SUCCESS,0.0423,6,6,,250.9899,2392 1478 10315,
269,1,n25,25,48,T1-3,848,4465,148.5583,dfs,5,SUCCESS,0.0152,48,25,2,250.9899,2392 1478 10315,
270,1,n25,25,48,T1-3,848,4465,148.5583,dijkstra,5,SUCCESS,0.0504,14,14,,250.9899,2392 1478 10315,
271,1,n25,25,48,T1-4,846,848,20.6097,dfs,1,SUCCESS,0.0118,25,24,2,20.6194,1477,
272,1,n25,25,48,T1-4,846,848,20.6097,astar,1,SUCCESS,0.0345,2,2,,20.6194,1477,
273,1,n25,25,48,T1-4,846,848,20.6097,dijkstra,1,SUCCESS,0.0302,2,2,,20.6194,1477,
274,1,n25,25,48,T1-4,846,848,20.6097,astar,2,SUCCESS,0.0308,2,2,,20.6194,1477,
275,1,n25,25,48,T1-4,846,848,20.6097,dfs,2,SUCCESS,0.011,25,24,2,20.6194,1477,
276,1,n25,25,48,T1-4,846,848,20.6097,dijkstra,2,SUCCESS,0.0298,2,2,,20.6194,1477,
277,1,n25,25,48,T1-4,846,848,20.6097,dfs,3,SUCCESS,0.0102,25,24,2,20.6194,1477,
278,1,n25,25,48,T1-4,846,848,20.6097,astar,3,SUCCESS,0.0469,2,2,,20.6194,1477,
279,1,n25,25,48,T1-4,846,848,20.6097,dijkstra,3,SUCCESS,0.0305,2,2,,20.6194,1477,
280,1,n25,25,48,T1-4,846,848,20.6097,astar,4,SUCCESS,0.029,2,2,,20.6194,1477,
281,1,n25,25,48,T1-4,846,848,20.6097,dfs,4,SUCCESS,0.0146,25,24,2,20.6194,1477,
282,1,n25,25,48,T1-4,846,848,20.6097,dijkstra,4,SUCCESS,0.0387,2,2,,20.6194,1477,
283,1,n25,25,48,T1-4,846,848,20.6097,astar,5,SUCCESS,0.0314,2,2,,20.6194,1477,
284,1,n25,25,48,T1-4,846,848,20.6097,dfs,5,SUCCESS,0.0119,25,24,2,20.6194,1477,
285,1,n25,25,48,T1-4,846,848,20.6097,dijkstra,5,SUCCESS,0.0318,2,2,,20.6194,1477,
286,1,n25,25,48,T1-5,856,848,174.1771,dijkstra,1,SUCCESS,0.0422,12,12,,209.9249,4295 4955 4958 4960 2395,
287,1,n25,25,48,T1-5,856,848,174.1771,dfs,1,SUCCESS,0.0123,25,24,2,209.9249,4295 4955 4958 4960 2395,
288,1,n25,25,48,T1-5,856,848,174.1771,astar,1,SUCCESS,0.0506,8,8,,209.9249,4295 4955 4958 4960 2395,
289,1,n25,25,48,T1-5,856,848,174.1771,dijkstra,2,SUCCESS,0.0574,12,12,,209.9249,4295 4955 4958 4960 2395,
290,1,n25,25,48,T1-5,856,848,174.1771,astar,2,SUCCESS,0.057,8,8,,209.9249,4295 4955 4958 4960 2395,
291,1,n25,25,48,T1-5,856,848,174.1771,dfs,2,SUCCESS,0.0177,25,24,2,209.9249,4295 4955 4958 4960 2395,
292,1,n25,25,48,T1-5,856,848,174.1771,dfs,3,SUCCESS,0.012,25,24,2,209.9249,4295 4955 4958 4960 2395,
293,1,n25,25,48,T1-5,856,848,174.1771,dijkstra,3,SUCCESS,0.0415,12,12,,209.9249,4295 4955 4958 4960 2395,
294,1,n25,25,48,T1-5,856,848,174.1771,astar,3,SUCCESS,0.0392,8,8,,209.9249,4295 4955 4958 4960 2395,
295,1,n25,25,48,T1-5,856,848,174.1771,dfs,4,SUCCESS,0.0112,25,24,2,209.9249,4295 4955 4958 4960 2395,
296,1,n25,25,48,T1-5,856,848,174.1771,astar,4,SUCCESS,0.0371,8,8,,209.9249,4295 4955 4958 4960 2395,
297,1,n25,25,48,T1-5,856,848,174.1771,dijkstra,4,SUCCESS,0.0375,12,12,,209.9249,4295 4955 4958 4960 2395,
298,1,n25,25,48,T1-5,856,848,174.1771,astar,5,SUCCESS,0.0362,8,8,,209.9249,4295 4955 4958 4960 2395,
299,1,n25,25,48,T1-5,856,848,174.1771,dfs,5,SUCCESS,0.0134,25,24,2,209.9249,4295 4955 4958 4960 2395,
300,1,n25,25,48,T1-5,856,848,174.1771,dijkstra,5,SUCCESS,0.0592,12,12,,209.9249,4295 4955 4958 4960 2395,
301,1,n30,30,60,T1-1,4466,2275,174.1157,astar,1,SUCCESS,0.0414,6,6,,264.99,10321 10314 10313 1489 4295,
302,1,n30,30,60,T1-1,4466,2275,174.1157,dijkstra,1,SUCCESS,0.0393,7,7,,264.99,10321 10314 10313 1489 4295,
303,1,n30,30,60,T1-1,4466,2275,174.1157,dfs,1,SUCCESS,0.0144,40,30,2,264.99,10321 10314 10313 1489 4295,
304,1,n30,30,60,T1-1,4466,2275,174.1157,dijkstra,2,SUCCESS,0.0348,7,7,,264.99,10321 10314 10313 1489 4295,
305,1,n30,30,60,T1-1,4466,2275,174.1157,dfs,2,SUCCESS,0.0118,40,30,2,264.99,10321 10314 10313 1489 4295,
306,1,n30,30,60,T1-1,4466,2275,174.1157,astar,2,SUCCESS,0.035,6,6,,264.99,10321 10314 10313 1489 4295,
307,1,n30,30,60,T1-1,4466,2275,174.1157,dijkstra,3,SUCCESS,0.0318,7,7,,264.99,10321 10314 10313 1489 4295,
308,1,n30,30,60,T1-1,4466,2275,174.1157,dfs,3,SUCCESS,0.0112,40,30,2,264.99,10321 10314 10313 1489 4295,
309,1,n30,30,60,T1-1,4466,2275,174.1157,astar,3,SUCCESS,0.0336,6,6,,264.99,10321 10314 10313 1489 4295,
310,1,n30,30,60,T1-1,4466,2275,174.1157,astar,4,SUCCESS,0.035,6,6,,264.99,10321 10314 10313 1489 4295,
311,1,n30,30,60,T1-1,4466,2275,174.1157,dijkstra,4,SUCCESS,0.0508,7,7,,264.99,10321 10314 10313 1489 4295,
312,1,n30,30,60,T1-1,4466,2275,174.1157,dfs,4,SUCCESS,0.0178,40,30,2,264.99,10321 10314 10313 1489 4295,
313,1,n30,30,60,T1-1,4466,2275,174.1157,dfs,5,SUCCESS,0.0124,40,30,2,264.99,10321 10314 10313 1489 4295,
314,1,n30,30,60,T1-1,4466,2275,174.1157,astar,5,SUCCESS,0.0419,6,6,,264.99,10321 10314 10313 1489 4295,
315,1,n30,30,60,T1-1,4466,2275,174.1157,dijkstra,5,SUCCESS,0.0352,7,7,,264.99,10321 10314 10313 1489 4295,
316,1,n30,30,60,T1-2,4465,4466,170.3618,dijkstra,1,SUCCESS,0.0394,6,6,,221.081,10603 10317,
317,1,n30,30,60,T1-2,4465,4466,170.3618,astar,1,SUCCESS,0.0293,3,3,,221.081,10603 10317,
318,1,n30,30,60,T1-2,4465,4466,170.3618,dfs,1,SUCCESS,0.0132,75,30,1,221.081,10603 10317,
319,1,n30,30,60,T1-2,4465,4466,170.3618,dfs,2,SUCCESS,0.0119,75,30,1,221.081,10603 10317,
320,1,n30,30,60,T1-2,4465,4466,170.3618,dijkstra,2,SUCCESS,0.0349,6,6,,221.081,10603 10317,
321,1,n30,30,60,T1-2,4465,4466,170.3618,astar,2,SUCCESS,0.0329,3,3,,221.081,10603 10317,
322,1,n30,30,60,T1-2,4465,4466,170.3618,dfs,3,SUCCESS,0.0242,75,30,1,221.081,10603 10317,
323,1,n30,30,60,T1-2,4465,4466,170.3618,astar,3,SUCCESS,0.0465,3,3,,221.081,10603 10317,
324,1,n30,30,60,T1-2,4465,4466,170.3618,dijkstra,3,SUCCESS,0.0371,6,6,,221.081,10603 10317,
325,1,n30,30,60,T1-2,4465,4466,170.3618,astar,4,SUCCESS,0.029,3,3,,221.081,10603 10317,
326,1,n30,30,60,T1-2,4465,4466,170.3618,dfs,4,SUCCESS,0.0132,75,30,1,221.081,10603 10317,
327,1,n30,30,60,T1-2,4465,4466,170.3618,dijkstra,4,SUCCESS,0.0343,6,6,,221.081,10603 10317,
328,1,n30,30,60,T1-2,4465,4466,170.3618,dfs,5,SUCCESS,0.0124,75,30,1,221.081,10603 10317,
329,1,n30,30,60,T1-2,4465,4466,170.3618,astar,5,SUCCESS,0.0286,3,3,,221.081,10603 10317,
330,1,n30,30,60,T1-2,4465,4466,170.3618,dijkstra,5,SUCCESS,0.0312,6,6,,221.081,10603 10317,
331,1,n30,30,60,T1-3,848,4465,148.5583,dijkstra,1,SUCCESS,0.0525,14,14,,250.9899,2392 1478 10315,
332,1,n30,30,60,T1-3,848,4465,148.5583,dfs,1,SUCCESS,0.0206,76,30,2,250.9899,2392 1478 10315,
333,1,n30,30,60,T1-3,848,4465,148.5583,astar,1,SUCCESS,0.0488,6,6,,250.9899,2392 1478 10315,
334,1,n30,30,60,T1-3,848,4465,148.5583,astar,2,SUCCESS,0.0464,6,6,,250.9899,2392 1478 10315,
335,1,n30,30,60,T1-3,848,4465,148.5583,dijkstra,2,SUCCESS,0.0395,14,14,,250.9899,2392 1478 10315,
336,1,n30,30,60,T1-3,848,4465,148.5583,dfs,2,SUCCESS,0.013,76,30,2,250.9899,2392 1478 10315,
337,1,n30,30,60,T1-3,848,4465,148.5583,dijkstra,3,SUCCESS,0.0377,14,14,,250.9899,2392 1478 10315,
338,1,n30,30,60,T1-3,848,4465,148.5583,astar,3,SUCCESS,0.0322,6,6,,250.9899,2392 1478 10315,
339,1,n30,30,60,T1-3,848,4465,148.5583,dfs,3,SUCCESS,0.0119,76,30,2,250.9899,2392 1478 10315,
340,1,n30,30,60,T1-3,848,4465,148.5583,dfs,4,SUCCESS,0.0116,76,30,2,250.9899,2392 1478 10315,
341,1,n30,30,60,T1-3,848,4465,148.5583,astar,4,SUCCESS,0.0463,6,6,,250.9899,2392 1478 10315,
342,1,n30,30,60,T1-3,848,4465,148.5583,dijkstra,4,SUCCESS,0.0675,14,14,,250.9899,2392 1478 10315,
343,1,n30,30,60,T1-3,848,4465,148.5583,dijkstra,5,SUCCESS,0.0456,14,14,,250.9899,2392 1478 10315,
344,1,n30,30,60,T1-3,848,4465,148.5583,dfs,5,SUCCESS,0.017,76,30,2,250.9899,2392 1478 10315,
345,1,n30,30,60,T1-3,848,4465,148.5583,astar,5,SUCCESS,0.037,6,6,,250.9899,2392 1478 10315,
346,1,n30,30,60,T1-4,846,848,20.6097,dijkstra,1,SUCCESS,0.0286,2,2,,20.6194,1477,
347,1,n30,30,60,T1-4,846,848,20.6097,dfs,1,SUCCESS,0.0106,39,29,2,20.6194,1477,
348,1,n30,30,60,T1-4,846,848,20.6097,astar,1,SUCCESS,0.0295,2,2,,20.6194,1477,
349,1,n30,30,60,T1-4,846,848,20.6097,dfs,2,SUCCESS,0.011,39,29,2,20.6194,1477,
350,1,n30,30,60,T1-4,846,848,20.6097,astar,2,SUCCESS,0.0346,2,2,,20.6194,1477,
351,1,n30,30,60,T1-4,846,848,20.6097,dijkstra,2,SUCCESS,0.0302,2,2,,20.6194,1477,
352,1,n30,30,60,T1-4,846,848,20.6097,dijkstra,3,SUCCESS,0.0489,2,2,,20.6194,1477,
353,1,n30,30,60,T1-4,846,848,20.6097,astar,3,SUCCESS,0.0339,2,2,,20.6194,1477,
354,1,n30,30,60,T1-4,846,848,20.6097,dfs,3,SUCCESS,0.014,39,29,2,20.6194,1477,
355,1,n30,30,60,T1-4,846,848,20.6097,dfs,4,SUCCESS,0.0107,39,29,2,20.6194,1477,
356,1,n30,30,60,T1-4,846,848,20.6097,dijkstra,4,SUCCESS,0.0277,2,2,,20.6194,1477,
357,1,n30,30,60,T1-4,846,848,20.6097,astar,4,SUCCESS,0.028,2,2,,20.6194,1477,
358,1,n30,30,60,T1-4,846,848,20.6097,dfs,5,SUCCESS,0.0108,39,29,2,20.6194,1477,
359,1,n30,30,60,T1-4,846,848,20.6097,dijkstra,5,SUCCESS,0.0282,2,2,,20.6194,1477,
360,1,n30,30,60,T1-4,846,848,20.6097,astar,5,SUCCESS,0.0276,2,2,,20.6194,1477,
361,1,n30,30,60,T1-5,856,848,174.1771,astar,1,SUCCESS,0.0345,8,8,,209.9249,4295 4955 4958 4960 2395,
362,1,n30,30,60,T1-5,856,848,174.1771,dijkstra,1,SUCCESS,0.0396,12,12,,209.9249,4295 4955 4958 4960 2395,
363,1,n30,30,60,T1-5,856,848,174.1771,dfs,1,SUCCESS,0.02,39,29,2,209.9249,4295 4955 4958 4960 2395,
364,1,n30,30,60,T1-5,856,848,174.1771,dijkstra,2,SUCCESS,0.0464,12,12,,209.9249,4295 4955 4958 4960 2395,
365,1,n30,30,60,T1-5,856,848,174.1771,astar,2,SUCCESS,0.0351,8,8,,209.9249,4295 4955 4958 4960 2395,
366,1,n30,30,60,T1-5,856,848,174.1771,dfs,2,SUCCESS,0.0109,39,29,2,209.9249,4295 4955 4958 4960 2395,
367,1,n30,30,60,T1-5,856,848,174.1771,dfs,3,SUCCESS,0.011,39,29,2,209.9249,4295 4955 4958 4960 2395,
368,1,n30,30,60,T1-5,856,848,174.1771,astar,3,SUCCESS,0.0357,8,8,,209.9249,4295 4955 4958 4960 2395,
369,1,n30,30,60,T1-5,856,848,174.1771,dijkstra,3,SUCCESS,0.0394,12,12,,209.9249,4295 4955 4958 4960 2395,
370,1,n30,30,60,T1-5,856,848,174.1771,dfs,4,SUCCESS,0.0134,39,29,2,209.9249,4295 4955 4958 4960 2395,
371,1,n30,30,60,T1-5,856,848,174.1771,dijkstra,4,SUCCESS,0.0406,12,12,,209.9249,4295 4955 4958 4960 2395,
372,1,n30,30,60,T1-5,856,848,174.1771,astar,4,SUCCESS,0.0359,8,8,,209.9249,4295 4955 4958 4960 2395,
373,1,n30,30,60,T1-5,856,848,174.1771,dfs,5,SUCCESS,0.0107,39,29,2,209.9249,4295 4955 4958 4960 2395,
374,1,n30,30,60,T1-5,856,848,174.1771,dijkstra,5,SUCCESS,0.0627,12,12,,209.9249,4295 4955 4958 4960 2395,
375,1,n30,30,60,T1-5,856,848,174.1771,astar,5,SUCCESS,0.0539,8,8,,209.9249,4295 4955 4958 4960 2395,
376,1,n40,40,86,T1-1,4466,2275,174.1157,astar,1,SUCCESS,0.0365,6,6,,264.99,10321 10314 10313 1489 4295,
377,1,n40,40,86,T1-1,4466,2275,174.1157,dijkstra,1,SUCCESS,0.0344,7,7,,264.99,10321 10314 10313 1489 4295,
378,1,n40,40,86,T1-1,4466,2275,174.1157,dfs,1,SUCCESS,0.0158,144,40,2,264.99,10321 10314 10313 1489 4295,
379,1,n40,40,86,T1-1,4466,2275,174.1157,astar,2,SUCCESS,0.0377,6,6,,264.99,10321 10314 10313 1489 4295,
380,1,n40,40,86,T1-1,4466,2275,174.1157,dijkstra,2,SUCCESS,0.0341,7,7,,264.99,10321 10314 10313 1489 4295,
381,1,n40,40,86,T1-1,4466,2275,174.1157,dfs,2,SUCCESS,0.0159,144,40,2,264.99,10321 10314 10313 1489 4295,
382,1,n40,40,86,T1-1,4466,2275,174.1157,dfs,3,SUCCESS,0.0164,144,40,2,264.99,10321 10314 10313 1489 4295,
383,1,n40,40,86,T1-1,4466,2275,174.1157,dijkstra,3,SUCCESS,0.0339,7,7,,264.99,10321 10314 10313 1489 4295,
384,1,n40,40,86,T1-1,4466,2275,174.1157,astar,3,SUCCESS,0.0412,6,6,,264.99,10321 10314 10313 1489 4295,
385,1,n40,40,86,T1-1,4466,2275,174.1157,dfs,4,SUCCESS,0.0462,144,40,2,264.99,10321 10314 10313 1489 4295,
386,1,n40,40,86,T1-1,4466,2275,174.1157,astar,4,SUCCESS,0.0451,6,6,,264.99,10321 10314 10313 1489 4295,
387,1,n40,40,86,T1-1,4466,2275,174.1157,dijkstra,4,SUCCESS,0.0333,7,7,,264.99,10321 10314 10313 1489 4295,
388,1,n40,40,86,T1-1,4466,2275,174.1157,dfs,5,SUCCESS,0.0186,144,40,2,264.99,10321 10314 10313 1489 4295,
389,1,n40,40,86,T1-1,4466,2275,174.1157,astar,5,SUCCESS,0.0365,6,6,,264.99,10321 10314 10313 1489 4295,
390,1,n40,40,86,T1-1,4466,2275,174.1157,dijkstra,5,SUCCESS,0.0326,7,7,,264.99,10321 10314 10313 1489 4295,
391,1,n40,40,86,T1-2,4465,4466,170.3618,dijkstra,1,SUCCESS,0.0331,6,6,,221.081,10603 10317,
392,1,n40,40,86,T1-2,4465,4466,170.3618,astar,1,SUCCESS,0.0291,3,3,,221.081,10603 10317,
393,1,n40,40,86,T1-2,4465,4466,170.3618,dfs,1,SUCCESS,0.0192,283,40,1,221.081,10603 10317,
394,1,n40,40,86,T1-2,4465,4466,170.3618,dijkstra,2,SUCCESS,0.0321,6,6,,221.081,10603 10317,
395,1,n40,40,86,T1-2,4465,4466,170.3618,astar,2,SUCCESS,0.0308,3,3,,221.081,10603 10317,
396,1,n40,40,86,T1-2,4465,4466,170.3618,dfs,2,SUCCESS,0.0226,283,40,1,221.081,10603 10317,
397,1,n40,40,86,T1-2,4465,4466,170.3618,dfs,3,SUCCESS,0.0223,283,40,1,221.081,10603 10317,
398,1,n40,40,86,T1-2,4465,4466,170.3618,astar,3,SUCCESS,0.0362,3,3,,221.081,10603 10317,
399,1,n40,40,86,T1-2,4465,4466,170.3618,dijkstra,3,SUCCESS,0.0318,6,6,,221.081,10603 10317,
400,1,n40,40,86,T1-2,4465,4466,170.3618,dfs,4,SUCCESS,0.0179,283,40,1,221.081,10603 10317,
401,1,n40,40,86,T1-2,4465,4466,170.3618,dijkstra,4,SUCCESS,0.0399,6,6,,221.081,10603 10317,
402,1,n40,40,86,T1-2,4465,4466,170.3618,astar,4,SUCCESS,0.0311,3,3,,221.081,10603 10317,
403,1,n40,40,86,T1-2,4465,4466,170.3618,dfs,5,SUCCESS,0.0199,283,40,1,221.081,10603 10317,
404,1,n40,40,86,T1-2,4465,4466,170.3618,astar,5,SUCCESS,0.032,3,3,,221.081,10603 10317,
405,1,n40,40,86,T1-2,4465,4466,170.3618,dijkstra,5,SUCCESS,0.0363,6,6,,221.081,10603 10317,
406,1,n40,40,86,T1-3,848,4465,148.5583,dijkstra,1,SUCCESS,0.0416,14,14,,250.9899,2392 1478 10315,
407,1,n40,40,86,T1-3,848,4465,148.5583,dfs,1,SUCCESS,0.0238,284,40,2,250.9899,2392 1478 10315,
408,1,n40,40,86,T1-3,848,4465,148.5583,astar,1,SUCCESS,0.0495,6,6,,250.9899,2392 1478 10315,
409,1,n40,40,86,T1-3,848,4465,148.5583,dfs,2,SUCCESS,0.0208,284,40,2,250.9899,2392 1478 10315,
410,1,n40,40,86,T1-3,848,4465,148.5583,dijkstra,2,SUCCESS,0.0392,14,14,,250.9899,2392 1478 10315,
411,1,n40,40,86,T1-3,848,4465,148.5583,astar,2,SUCCESS,0.0395,6,6,,250.9899,2392 1478 10315,
412,1,n40,40,86,T1-3,848,4465,148.5583,dijkstra,3,SUCCESS,0.0544,14,14,,250.9899,2392 1478 10315,
413,1,n40,40,86,T1-3,848,4465,148.5583,dfs,3,SUCCESS,0.0208,284,40,2,250.9899,2392 1478 10315,
414,1,n40,40,86,T1-3,848,4465,148.5583,astar,3,SUCCESS,0.0341,6,6,,250.9899,2392 1478 10315,
415,1,n40,40,86,T1-3,848,4465,148.5583,dijkstra,4,SUCCESS,0.0389,14,14,,250.9899,2392 1478 10315,
416,1,n40,40,86,T1-3,848,4465,148.5583,astar,4,SUCCESS,0.034,6,6,,250.9899,2392 1478 10315,
417,1,n40,40,86,T1-3,848,4465,148.5583,dfs,4,SUCCESS,0.0187,284,40,2,250.9899,2392 1478 10315,
418,1,n40,40,86,T1-3,848,4465,148.5583,dfs,5,SUCCESS,0.0219,284,40,2,250.9899,2392 1478 10315,
419,1,n40,40,86,T1-3,848,4465,148.5583,dijkstra,5,SUCCESS,0.1002,14,14,,250.9899,2392 1478 10315,
420,1,n40,40,86,T1-3,848,4465,148.5583,astar,5,SUCCESS,0.0433,6,6,,250.9899,2392 1478 10315,
421,1,n40,40,86,T1-4,846,848,20.6097,astar,1,SUCCESS,0.0303,2,2,,20.6194,1477,
422,1,n40,40,86,T1-4,846,848,20.6097,dfs,1,SUCCESS,0.0149,143,39,2,20.6194,1477,
423,1,n40,40,86,T1-4,846,848,20.6097,dijkstra,1,SUCCESS,0.0285,2,2,,20.6194,1477,
424,1,n40,40,86,T1-4,846,848,20.6097,dfs,2,SUCCESS,0.0142,143,39,2,20.6194,1477,
425,1,n40,40,86,T1-4,846,848,20.6097,dijkstra,2,SUCCESS,0.0286,2,2,,20.6194,1477,
426,1,n40,40,86,T1-4,846,848,20.6097,astar,2,SUCCESS,0.0293,2,2,,20.6194,1477,
427,1,n40,40,86,T1-4,846,848,20.6097,dijkstra,3,SUCCESS,0.0279,2,2,,20.6194,1477,
428,1,n40,40,86,T1-4,846,848,20.6097,astar,3,SUCCESS,0.0283,2,2,,20.6194,1477,
429,1,n40,40,86,T1-4,846,848,20.6097,dfs,3,SUCCESS,0.0148,143,39,2,20.6194,1477,
430,1,n40,40,86,T1-4,846,848,20.6097,dfs,4,SUCCESS,0.0185,143,39,2,20.6194,1477,
431,1,n40,40,86,T1-4,846,848,20.6097,dijkstra,4,SUCCESS,0.0448,2,2,,20.6194,1477,
432,1,n40,40,86,T1-4,846,848,20.6097,astar,4,SUCCESS,0.0299,2,2,,20.6194,1477,
433,1,n40,40,86,T1-4,846,848,20.6097,dfs,5,SUCCESS,0.0171,143,39,2,20.6194,1477,
434,1,n40,40,86,T1-4,846,848,20.6097,astar,5,SUCCESS,0.054,2,2,,20.6194,1477,
435,1,n40,40,86,T1-4,846,848,20.6097,dijkstra,5,SUCCESS,0.029,2,2,,20.6194,1477,
436,1,n40,40,86,T1-5,856,848,174.1771,dfs,1,SUCCESS,0.0152,143,39,2,209.9249,4295 4955 4958 4960 2395,
437,1,n40,40,86,T1-5,856,848,174.1771,dijkstra,1,SUCCESS,0.0391,12,12,,209.9249,4295 4955 4958 4960 2395,
438,1,n40,40,86,T1-5,856,848,174.1771,astar,1,SUCCESS,0.0378,8,8,,209.9249,4295 4955 4958 4960 2395,
439,1,n40,40,86,T1-5,856,848,174.1771,astar,2,SUCCESS,0.0339,8,8,,209.9249,4295 4955 4958 4960 2395,
440,1,n40,40,86,T1-5,856,848,174.1771,dijkstra,2,SUCCESS,0.0473,12,12,,209.9249,4295 4955 4958 4960 2395,
441,1,n40,40,86,T1-5,856,848,174.1771,dfs,2,SUCCESS,0.0228,143,39,2,209.9249,4295 4955 4958 4960 2395,
442,1,n40,40,86,T1-5,856,848,174.1771,astar,3,SUCCESS,0.0437,8,8,,209.9249,4295 4955 4958 4960 2395,
443,1,n40,40,86,T1-5,856,848,174.1771,dfs,3,SUCCESS,0.0188,143,39,2,209.9249,4295 4955 4958 4960 2395,
444,1,n40,40,86,T1-5,856,848,174.1771,dijkstra,3,SUCCESS,0.0397,12,12,,209.9249,4295 4955 4958 4960 2395,
445,1,n40,40,86,T1-5,856,848,174.1771,astar,4,SUCCESS,0.036,8,8,,209.9249,4295 4955 4958 4960 2395,
446,1,n40,40,86,T1-5,856,848,174.1771,dijkstra,4,SUCCESS,0.0355,12,12,,209.9249,4295 4955 4958 4960 2395,
447,1,n40,40,86,T1-5,856,848,174.1771,dfs,4,SUCCESS,0.0149,143,39,2,209.9249,4295 4955 4958 4960 2395,
448,1,n40,40,86,T1-5,856,848,174.1771,astar,5,SUCCESS,0.0368,8,8,,209.9249,4295 4955 4958 4960 2395,
449,1,n40,40,86,T1-5,856,848,174.1771,dijkstra,5,SUCCESS,0.0371,12,12,,209.9249,4295 4955 4958 4960 2395,
450,1,n40,40,86,T1-5,856,848,174.1771,dfs,5,SUCCESS,0.0174,143,39,2,209.9249,4295 4955 4958 4960 2395,
451,1,n50,50,114,T1-1,4466,2275,174.1157,dijkstra,1,SUCCESS,0.037,7,7,,264.99,10321 10314 10313 1489 4295,
452,1,n50,50,114,T1-1,4466,2275,174.1157,dfs,1,SUCCESS,0.2514,1078,50,2,264.99,10321 10314 10313 1489 4295,
453,1,n50,50,114,T1-1,4466,2275,174.1157,astar,1,SUCCESS,0.0753,6,6,,264.99,10321 10314 10313 1489 4295,
454,1,n50,50,114,T1-1,4466,2275,174.1157,astar,2,SUCCESS,0.0382,6,6,,264.99,10321 10314 10313 1489 4295,
455,1,n50,50,114,T1-1,4466,2275,174.1157,dijkstra,2,SUCCESS,0.0323,7,7,,264.99,10321 10314 10313 1489 4295,
456,1,n50,50,114,T1-1,4466,2275,174.1157,dfs,2,SUCCESS,0.2169,1078,50,2,264.99,10321 10314 10313 1489 4295,
457,1,n50,50,114,T1-1,4466,2275,174.1157,astar,3,SUCCESS,0.0362,6,6,,264.99,10321 10314 10313 1489 4295,
458,1,n50,50,114,T1-1,4466,2275,174.1157,dfs,3,SUCCESS,0.0471,1078,50,2,264.99,10321 10314 10313 1489 4295,
459,1,n50,50,114,T1-1,4466,2275,174.1157,dijkstra,3,SUCCESS,0.0336,7,7,,264.99,10321 10314 10313 1489 4295,
460,1,n50,50,114,T1-1,4466,2275,174.1157,dijkstra,4,SUCCESS,0.053,7,7,,264.99,10321 10314 10313 1489 4295,
461,1,n50,50,114,T1-1,4466,2275,174.1157,dfs,4,SUCCESS,0.2108,1078,50,2,264.99,10321 10314 10313 1489 4295,
462,1,n50,50,114,T1-1,4466,2275,174.1157,astar,4,SUCCESS,0.0462,6,6,,264.99,10321 10314 10313 1489 4295,
463,1,n50,50,114,T1-1,4466,2275,174.1157,dijkstra,5,SUCCESS,0.0347,7,7,,264.99,10321 10314 10313 1489 4295,
464,1,n50,50,114,T1-1,4466,2275,174.1157,astar,5,SUCCESS,0.0352,6,6,,264.99,10321 10314 10313 1489 4295,
465,1,n50,50,114,T1-1,4466,2275,174.1157,dfs,5,SUCCESS,0.0498,1078,50,2,264.99,10321 10314 10313 1489 4295,
466,1,n50,50,114,T1-2,4465,4466,170.3618,dijkstra,1,SUCCESS,0.0336,6,6,,221.081,10603 10317,
467,1,n50,50,114,T1-2,4465,4466,170.3618,dfs,1,SUCCESS,0.0631,2151,50,1,221.081,10603 10317,
468,1,n50,50,114,T1-2,4465,4466,170.3618,astar,1,SUCCESS,0.0306,3,3,,221.081,10603 10317,
469,1,n50,50,114,T1-2,4465,4466,170.3618,astar,2,SUCCESS,0.029,3,3,,221.081,10603 10317,
470,1,n50,50,114,T1-2,4465,4466,170.3618,dijkstra,2,SUCCESS,0.1407,6,6,,221.081,10603 10317,
471,1,n50,50,114,T1-2,4465,4466,170.3618,dfs,2,SUCCESS,0.0652,2151,50,1,221.081,10603 10317,
472,1,n50,50,114,T1-2,4465,4466,170.3618,dijkstra,3,SUCCESS,0.0448,6,6,,221.081,10603 10317,
473,1,n50,50,114,T1-2,4465,4466,170.3618,dfs,3,SUCCESS,0.0615,2151,50,1,221.081,10603 10317,
474,1,n50,50,114,T1-2,4465,4466,170.3618,astar,3,SUCCESS,0.0304,3,3,,221.081,10603 10317,
475,1,n50,50,114,T1-2,4465,4466,170.3618,dijkstra,4,SUCCESS,0.0319,6,6,,221.081,10603 10317,
476,1,n50,50,114,T1-2,4465,4466,170.3618,dfs,4,SUCCESS,0.0671,2151,50,1,221.081,10603 10317,
477,1,n50,50,114,T1-2,4465,4466,170.3618,astar,4,SUCCESS,0.0317,3,3,,221.081,10603 10317,
478,1,n50,50,114,T1-2,4465,4466,170.3618,dfs,5,SUCCESS,0.0614,2151,50,1,221.081,10603 10317,
479,1,n50,50,114,T1-2,4465,4466,170.3618,astar,5,SUCCESS,0.031,3,3,,221.081,10603 10317,
480,1,n50,50,114,T1-2,4465,4466,170.3618,dijkstra,5,SUCCESS,0.0314,6,6,,221.081,10603 10317,
481,1,n50,50,114,T1-3,848,4465,148.5583,dijkstra,1,SUCCESS,0.0691,14,14,,250.9899,2392 1478 10315,
482,1,n50,50,114,T1-3,848,4465,148.5583,astar,1,SUCCESS,0.1354,6,6,,250.9899,2392 1478 10315,
483,1,n50,50,114,T1-3,848,4465,148.5583,dfs,1,SUCCESS,0.067,2152,50,2,250.9899,2392 1478 10315,
484,1,n50,50,114,T1-3,848,4465,148.5583,dijkstra,2,SUCCESS,0.0455,14,14,,250.9899,2392 1478 10315,
485,1,n50,50,114,T1-3,848,4465,148.5583,dfs,2,SUCCESS,0.0718,2152,50,2,250.9899,2392 1478 10315,
486,1,n50,50,114,T1-3,848,4465,148.5583,astar,2,SUCCESS,0.0351,6,6,,250.9899,2392 1478 10315,
487,1,n50,50,114,T1-3,848,4465,148.5583,astar,3,SUCCESS,0.0419,6,6,,250.9899,2392 1478 10315,
488,1,n50,50,114,T1-3,848,4465,148.5583,dijkstra,3,SUCCESS,0.0376,14,14,,250.9899,2392 1478 10315,
489,1,n50,50,114,T1-3,848,4465,148.5583,dfs,3,SUCCESS,0.0622,2152,50,2,250.9899,2392 1478 10315,
490,1,n50,50,114,T1-3,848,4465,148.5583,astar,4,SUCCESS,0.0335,6,6,,250.9899,2392 1478 10315,
491,1,n50,50,114,T1-3,848,4465,148.5583,dijkstra,4,SUCCESS,0.0387,14,14,,250.9899,2392 1478 10315,
492,1,n50,50,114,T1-3,848,4465,148.5583,dfs,4,SUCCESS,0.0849,2152,50,2,250.9899,2392 1478 10315,
493,1,n50,50,114,T1-3,848,4465,148.5583,astar,5,SUCCESS,0.0552,6,6,,250.9899,2392 1478 10315,
494,1,n50,50,114,T1-3,848,4465,148.5583,dijkstra,5,SUCCESS,0.0424,14,14,,250.9899,2392 1478 10315,
495,1,n50,50,114,T1-3,848,4465,148.5583,dfs,5,SUCCESS,0.0633,2152,50,2,250.9899,2392 1478 10315,
496,1,n50,50,114,T1-4,846,848,20.6097,dfs,1,SUCCESS,0.0362,1077,49,2,20.6194,1477,
497,1,n50,50,114,T1-4,846,848,20.6097,astar,1,SUCCESS,0.0293,2,2,,20.6194,1477,
498,1,n50,50,114,T1-4,846,848,20.6097,dijkstra,1,SUCCESS,0.029,2,2,,20.6194,1477,
499,1,n50,50,114,T1-4,846,848,20.6097,dijkstra,2,SUCCESS,0.0288,2,2,,20.6194,1477,
500,1,n50,50,114,T1-4,846,848,20.6097,astar,2,SUCCESS,0.0273,2,2,,20.6194,1477,
501,1,n50,50,114,T1-4,846,848,20.6097,dfs,2,SUCCESS,0.0359,1077,49,2,20.6194,1477,
502,1,n50,50,114,T1-4,846,848,20.6097,dfs,3,SUCCESS,0.0375,1077,49,2,20.6194,1477,
503,1,n50,50,114,T1-4,846,848,20.6097,astar,3,SUCCESS,0.1549,2,2,,20.6194,1477,
504,1,n50,50,114,T1-4,846,848,20.6097,dijkstra,3,SUCCESS,0.0444,2,2,,20.6194,1477,
505,1,n50,50,114,T1-4,846,848,20.6097,dijkstra,4,SUCCESS,0.0284,2,2,,20.6194,1477,
506,1,n50,50,114,T1-4,846,848,20.6097,astar,4,SUCCESS,0.0294,2,2,,20.6194,1477,
507,1,n50,50,114,T1-4,846,848,20.6097,dfs,4,SUCCESS,0.0405,1077,49,2,20.6194,1477,
508,1,n50,50,114,T1-4,846,848,20.6097,dfs,5,SUCCESS,0.037,1077,49,2,20.6194,1477,
509,1,n50,50,114,T1-4,846,848,20.6097,dijkstra,5,SUCCESS,0.0298,2,2,,20.6194,1477,
510,1,n50,50,114,T1-4,846,848,20.6097,astar,5,SUCCESS,0.0282,2,2,,20.6194,1477,
511,1,n50,50,114,T1-5,856,848,174.1771,dijkstra,1,SUCCESS,0.035,12,12,,209.9249,4295 4955 4958 4960 2395,
512,1,n50,50,114,T1-5,856,848,174.1771,astar,1,SUCCESS,0.0332,8,8,,209.9249,4295 4955 4958 4960 2395,
513,1,n50,50,114,T1-5,856,848,174.1771,dfs,1,SUCCESS,0.0392,1077,49,2,209.9249,4295 4955 4958 4960 2395,
514,1,n50,50,114,T1-5,856,848,174.1771,astar,2,SUCCESS,0.0637,8,8,,209.9249,4295 4955 4958 4960 2395,
515,1,n50,50,114,T1-5,856,848,174.1771,dijkstra,2,SUCCESS,0.0455,12,12,,209.9249,4295 4955 4958 4960 2395,
516,1,n50,50,114,T1-5,856,848,174.1771,dfs,2,SUCCESS,0.0434,1077,49,2,209.9249,4295 4955 4958 4960 2395,
517,1,n50,50,114,T1-5,856,848,174.1771,astar,3,SUCCESS,0.0368,8,8,,209.9249,4295 4955 4958 4960 2395,
518,1,n50,50,114,T1-5,856,848,174.1771,dijkstra,3,SUCCESS,0.0372,12,12,,209.9249,4295 4955 4958 4960 2395,
519,1,n50,50,114,T1-5,856,848,174.1771,dfs,3,SUCCESS,0.0394,1077,49,2,209.9249,4295 4955 4958 4960 2395,
520,1,n50,50,114,T1-5,856,848,174.1771,dfs,4,SUCCESS,0.0365,1077,49,2,209.9249,4295 4955 4958 4960 2395,
521,1,n50,50,114,T1-5,856,848,174.1771,dijkstra,4,SUCCESS,0.0375,12,12,,209.9249,4295 4955 4958 4960 2395,
522,1,n50,50,114,T1-5,856,848,174.1771,astar,4,SUCCESS,0.0371,8,8,,209.9249,4295 4955 4958 4960 2395,
523,1,n50,50,114,T1-5,856,848,174.1771,dfs,5,SUCCESS,0.0399,1077,49,2,209.9249,4295 4955 4958 4960 2395,
524,1,n50,50,114,T1-5,856,848,174.1771,astar,5,SUCCESS,0.0833,8,8,,209.9249,4295 4955 4958 4960 2395,
525,1,n50,50,114,T1-5,856,848,174.1771,dijkstra,5,SUCCESS,0.0471,12,12,,209.9249,4295 4955 4958 4960 2395,
526,1,n75,73,174,T1-1,4466,2275,174.1157,dijkstra,1,SUCCESS,0.0667,7,7,,264.99,10321 10314 10313 1489 4295,
527,1,n75,73,174,T1-1,4466,2275,174.1157,astar,1,SUCCESS,0.0527,6,6,,264.99,10321 10314 10313 1489 4295,
528,1,n75,73,174,T1-1,4466,2275,174.1157,dfs,1,SUCCESS,11.8075,475175,73,2,264.99,10321 10314 10313 1489 4295,
529,1,n75,73,174,T1-1,4466,2275,174.1157,dfs,2,SUCCESS,10.6671,475175,73,2,264.99,10321 10314 10313 1489 4295,
530,1,n75,73,174,T1-1,4466,2275,174.1157,astar,2,SUCCESS,0.0586,6,6,,264.99,10321 10314 10313 1489 4295,
531,1,n75,73,174,T1-1,4466,2275,174.1157,dijkstra,2,SUCCESS,0.0366,7,7,,264.99,10321 10314 10313 1489 4295,
532,1,n75,73,174,T1-1,4466,2275,174.1157,dijkstra,3,SUCCESS,0.0339,7,7,,264.99,10321 10314 10313 1489 4295,
533,1,n75,73,174,T1-1,4466,2275,174.1157,dfs,3,SUCCESS,11.0465,475175,73,2,264.99,10321 10314 10313 1489 4295,
534,1,n75,73,174,T1-1,4466,2275,174.1157,astar,3,SUCCESS,0.0666,6,6,,264.99,10321 10314 10313 1489 4295,
535,1,n75,73,174,T1-1,4466,2275,174.1157,dijkstra,4,SUCCESS,0.0756,7,7,,264.99,10321 10314 10313 1489 4295,
536,1,n75,73,174,T1-1,4466,2275,174.1157,astar,4,SUCCESS,0.0343,6,6,,264.99,10321 10314 10313 1489 4295,
537,1,n75,73,174,T1-1,4466,2275,174.1157,dfs,4,SUCCESS,11.0101,475175,73,2,264.99,10321 10314 10313 1489 4295,
538,1,n75,73,174,T1-1,4466,2275,174.1157,dijkstra,5,SUCCESS,0.0473,7,7,,264.99,10321 10314 10313 1489 4295,
539,1,n75,73,174,T1-1,4466,2275,174.1157,dfs,5,SUCCESS,10.5213,475175,73,2,264.99,10321 10314 10313 1489 4295,
540,1,n75,73,174,T1-1,4466,2275,174.1157,astar,5,SUCCESS,0.0456,6,6,,264.99,10321 10314 10313 1489 4295,
541,1,n75,73,174,T1-2,4465,4466,170.3618,dfs,1,SUCCESS,21.6526,950345,73,1,221.081,10603 10317,
542,1,n75,73,174,T1-2,4465,4466,170.3618,dijkstra,1,SUCCESS,0.0748,6,6,,221.081,10603 10317,
543,1,n75,73,174,T1-2,4465,4466,170.3618,astar,1,SUCCESS,0.0316,3,3,,221.081,10603 10317,
544,1,n75,73,174,T1-2,4465,4466,170.3618,dijkstra,2,SUCCESS,0.0338,6,6,,221.081,10603 10317,
545,1,n75,73,174,T1-2,4465,4466,170.3618,dfs,2,SUCCESS,21.6435,950345,73,1,221.081,10603 10317,
546,1,n75,73,174,T1-2,4465,4466,170.3618,astar,2,SUCCESS,0.0658,3,3,,221.081,10603 10317,
547,1,n75,73,174,T1-2,4465,4466,170.3618,dijkstra,3,SUCCESS,0.0331,6,6,,221.081,10603 10317,
548,1,n75,73,174,T1-2,4465,4466,170.3618,dfs,3,SUCCESS,21.7839,950345,73,1,221.081,10603 10317,
549,1,n75,73,174,T1-2,4465,4466,170.3618,astar,3,SUCCESS,0.0428,3,3,,221.081,10603 10317,
550,1,n75,73,174,T1-2,4465,4466,170.3618,astar,4,SUCCESS,0.0313,3,3,,221.081,10603 10317,
551,1,n75,73,174,T1-2,4465,4466,170.3618,dfs,4,SUCCESS,21.6122,950345,73,1,221.081,10603 10317,
552,1,n75,73,174,T1-2,4465,4466,170.3618,dijkstra,4,SUCCESS,0.0599,6,6,,221.081,10603 10317,
553,1,n75,73,174,T1-2,4465,4466,170.3618,dijkstra,5,SUCCESS,0.037,6,6,,221.081,10603 10317,
554,1,n75,73,174,T1-2,4465,4466,170.3618,astar,5,SUCCESS,0.0309,3,3,,221.081,10603 10317,
555,1,n75,73,174,T1-2,4465,4466,170.3618,dfs,5,SUCCESS,23.0885,950345,73,1,221.081,10603 10317,
556,1,n75,73,174,T1-3,848,4465,148.5583,astar,1,SUCCESS,0.0384,6,6,,250.9899,2392 1478 10315,
557,1,n75,73,174,T1-3,848,4465,148.5583,dijkstra,1,SUCCESS,0.0406,14,14,,250.9899,2392 1478 10315,
558,1,n75,73,174,T1-3,848,4465,148.5583,dfs,1,SUCCESS,23.9788,950346,73,2,250.9899,2392 1478 10315,
559,1,n75,73,174,T1-3,848,4465,148.5583,dijkstra,2,SUCCESS,0.0612,14,14,,250.9899,2392 1478 10315,
560,1,n75,73,174,T1-3,848,4465,148.5583,astar,2,SUCCESS,0.0359,6,6,,250.9899,2392 1478 10315,
561,1,n75,73,174,T1-3,848,4465,148.5583,dfs,2,SUCCESS,20.5581,950346,73,2,250.9899,2392 1478 10315,
562,1,n75,73,174,T1-3,848,4465,148.5583,dijkstra,3,SUCCESS,0.0608,14,14,,250.9899,2392 1478 10315,
563,1,n75,73,174,T1-3,848,4465,148.5583,dfs,3,SUCCESS,21.5586,950346,73,2,250.9899,2392 1478 10315,
564,1,n75,73,174,T1-3,848,4465,148.5583,astar,3,SUCCESS,0.058,6,6,,250.9899,2392 1478 10315,
565,1,n75,73,174,T1-3,848,4465,148.5583,dijkstra,4,SUCCESS,0.0445,14,14,,250.9899,2392 1478 10315,
566,1,n75,73,174,T1-3,848,4465,148.5583,dfs,4,SUCCESS,21.3347,950346,73,2,250.9899,2392 1478 10315,
567,1,n75,73,174,T1-3,848,4465,148.5583,astar,4,SUCCESS,0.0671,6,6,,250.9899,2392 1478 10315,
568,1,n75,73,174,T1-3,848,4465,148.5583,astar,5,SUCCESS,0.0334,6,6,,250.9899,2392 1478 10315,
569,1,n75,73,174,T1-3,848,4465,148.5583,dijkstra,5,SUCCESS,0.038,14,14,,250.9899,2392 1478 10315,
570,1,n75,73,174,T1-3,848,4465,148.5583,dfs,5,SUCCESS,22.1419,950346,73,2,250.9899,2392 1478 10315,
571,1,n75,73,174,T1-4,846,848,20.6097,astar,1,SUCCESS,0.0388,2,2,,20.6194,1477,
572,1,n75,73,174,T1-4,846,848,20.6097,dfs,1,SUCCESS,11.1813,475174,72,2,20.6194,1477,
573,1,n75,73,174,T1-4,846,848,20.6097,dijkstra,1,SUCCESS,0.1782,2,2,,20.6194,1477,
574,1,n75,73,174,T1-4,846,848,20.6097,astar,2,SUCCESS,0.0319,2,2,,20.6194,1477,
575,1,n75,73,174,T1-4,846,848,20.6097,dijkstra,2,SUCCESS,0.0294,2,2,,20.6194,1477,
576,1,n75,73,174,T1-4,846,848,20.6097,dfs,2,SUCCESS,10.7094,475174,72,2,20.6194,1477,
577,1,n75,73,174,T1-4,846,848,20.6097,dfs,3,SUCCESS,10.7695,475174,72,2,20.6194,1477,
578,1,n75,73,174,T1-4,846,848,20.6097,astar,3,SUCCESS,0.0563,2,2,,20.6194,1477,
579,1,n75,73,174,T1-4,846,848,20.6097,dijkstra,3,SUCCESS,0.0312,2,2,,20.6194,1477,
580,1,n75,73,174,T1-4,846,848,20.6097,astar,4,SUCCESS,0.0317,2,2,,20.6194,1477,
581,1,n75,73,174,T1-4,846,848,20.6097,dfs,4,SUCCESS,10.572,475174,72,2,20.6194,1477,
582,1,n75,73,174,T1-4,846,848,20.6097,dijkstra,4,SUCCESS,0.0517,2,2,,20.6194,1477,
583,1,n75,73,174,T1-4,846,848,20.6097,dfs,5,SUCCESS,11.3947,475174,72,2,20.6194,1477,
584,1,n75,73,174,T1-4,846,848,20.6097,astar,5,SUCCESS,0.0446,2,2,,20.6194,1477,
585,1,n75,73,174,T1-4,846,848,20.6097,dijkstra,5,SUCCESS,0.0281,2,2,,20.6194,1477,
586,1,n75,73,174,T1-5,856,848,174.1771,astar,1,SUCCESS,0.0615,8,8,,209.9249,4295 4955 4958 4960 2395,
587,1,n75,73,174,T1-5,856,848,174.1771,dfs,1,SUCCESS,11.5632,475174,72,2,209.9249,4295 4955 4958 4960 2395,
588,1,n75,73,174,T1-5,856,848,174.1771,dijkstra,1,SUCCESS,0.0674,12,12,,209.9249,4295 4955 4958 4960 2395,
589,1,n75,73,174,T1-5,856,848,174.1771,dijkstra,2,SUCCESS,0.0469,12,12,,209.9249,4295 4955 4958 4960 2395,
590,1,n75,73,174,T1-5,856,848,174.1771,astar,2,SUCCESS,0.0366,8,8,,209.9249,4295 4955 4958 4960 2395,
591,1,n75,73,174,T1-5,856,848,174.1771,dfs,2,SUCCESS,11.4026,475174,72,2,209.9249,4295 4955 4958 4960 2395,
592,1,n75,73,174,T1-5,856,848,174.1771,dfs,3,SUCCESS,10.7851,475174,72,2,209.9249,4295 4955 4958 4960 2395,
593,1,n75,73,174,T1-5,856,848,174.1771,dijkstra,3,SUCCESS,0.0587,12,12,,209.9249,4295 4955 4958 4960 2395,
594,1,n75,73,174,T1-5,856,848,174.1771,astar,3,SUCCESS,0.0365,8,8,,209.9249,4295 4955 4958 4960 2395,
595,1,n75,73,174,T1-5,856,848,174.1771,astar,4,SUCCESS,0.0352,8,8,,209.9249,4295 4955 4958 4960 2395,
596,1,n75,73,174,T1-5,856,848,174.1771,dijkstra,4,SUCCESS,0.0391,12,12,,209.9249,4295 4955 4958 4960 2395,
597,1,n75,73,174,T1-5,856,848,174.1771,dfs,4,SUCCESS,10.4047,475174,72,2,209.9249,4295 4955 4958 4960 2395,
598,1,n75,73,174,T1-5,856,848,174.1771,dijkstra,5,SUCCESS,0.0498,12,12,,209.9249,4295 4955 4958 4960 2395,
599,1,n75,73,174,T1-5,856,848,174.1771,astar,5,SUCCESS,0.0365,8,8,,209.9249,4295 4955 4958 4960 2395,
600,1,n75,73,174,T1-5,856,848,174.1771,dfs,5,SUCCESS,12.2557,475174,72,2,209.9249,4295 4955 4958 4960 2395,
601,1,n100,96,224,T1-1,4466,2275,174.1157,dfs,1,SUCCESS,410.7077,18271064,96,2,264.99,10321 10314 10313 1489 4295,
602,1,n100,96,224,T1-1,4466,2275,174.1157,dijkstra,1,SUCCESS,0.0836,7,7,,264.99,10321 10314 10313 1489 4295,
603,1,n100,96,224,T1-1,4466,2275,174.1157,astar,1,SUCCESS,0.0407,6,6,,264.99,10321 10314 10313 1489 4295,
604,1,n100,96,224,T1-1,4466,2275,174.1157,astar,2,SUCCESS,0.0346,6,6,,264.99,10321 10314 10313 1489 4295,
605,1,n100,96,224,T1-1,4466,2275,174.1157,dijkstra,2,SUCCESS,0.0354,7,7,,264.99,10321 10314 10313 1489 4295,
606,1,n100,96,224,T1-1,4466,2275,174.1157,dfs,2,SUCCESS,436.6725,18271064,96,2,264.99,10321 10314 10313 1489 4295,
607,1,n100,96,224,T1-1,4466,2275,174.1157,astar,3,SUCCESS,0.0756,6,6,,264.99,10321 10314 10313 1489 4295,
608,1,n100,96,224,T1-1,4466,2275,174.1157,dfs,3,SUCCESS,421.3586,18271064,96,2,264.99,10321 10314 10313 1489 4295,
609,1,n100,96,224,T1-1,4466,2275,174.1157,dijkstra,3,SUCCESS,0.0596,7,7,,264.99,10321 10314 10313 1489 4295,
610,1,n100,96,224,T1-1,4466,2275,174.1157,dfs,4,SUCCESS,426.5491,18271064,96,2,264.99,10321 10314 10313 1489 4295,
611,1,n100,96,224,T1-1,4466,2275,174.1157,astar,4,SUCCESS,0.1019,6,6,,264.99,10321 10314 10313 1489 4295,
612,1,n100,96,224,T1-1,4466,2275,174.1157,dijkstra,4,SUCCESS,0.0586,7,7,,264.99,10321 10314 10313 1489 4295,
613,1,n100,96,224,T1-1,4466,2275,174.1157,astar,5,SUCCESS,0.0329,6,6,,264.99,10321 10314 10313 1489 4295,
614,1,n100,96,224,T1-1,4466,2275,174.1157,dfs,5,SUCCESS,414.4804,18271064,96,2,264.99,10321 10314 10313 1489 4295,
615,1,n100,96,224,T1-1,4466,2275,174.1157,dijkstra,5,SUCCESS,0.1923,7,7,,264.99,10321 10314 10313 1489 4295,
616,1,n100,96,224,T1-2,4465,4466,170.3618,dfs,1,SUCCESS,836.3797,36542123,96,1,221.081,10603 10317,
617,1,n100,96,224,T1-2,4465,4466,170.3618,dijkstra,1,SUCCESS,0.062,6,6,,221.081,10603 10317,
618,1,n100,96,224,T1-2,4465,4466,170.3618,astar,1,SUCCESS,0.0396,3,3,,221.081,10603 10317,
619,1,n100,96,224,T1-2,4465,4466,170.3618,dijkstra,2,SUCCESS,0.0382,6,6,,221.081,10603 10317,
620,1,n100,96,224,T1-2,4465,4466,170.3618,dfs,2,SUCCESS,832.155,36542123,96,1,221.081,10603 10317,
621,1,n100,96,224,T1-2,4465,4466,170.3618,astar,2,SUCCESS,0.0603,3,3,,221.081,10603 10317,
622,1,n100,96,224,T1-2,4465,4466,170.3618,dfs,3,SUCCESS,860.9412,36542123,96,1,221.081,10603 10317,
623,1,n100,96,224,T1-2,4465,4466,170.3618,astar,3,SUCCESS,0.0625,3,3,,221.081,10603 10317,
624,1,n100,96,224,T1-2,4465,4466,170.3618,dijkstra,3,SUCCESS,0.0475,6,6,,221.081,10603 10317,
625,1,n100,96,224,T1-2,4465,4466,170.3618,astar,4,SUCCESS,0.0515,3,3,,221.081,10603 10317,
626,1,n100,96,224,T1-2,4465,4466,170.3618,dijkstra,4,SUCCESS,0.0342,6,6,,221.081,10603 10317,
627,1,n100,96,224,T1-2,4465,4466,170.3618,dfs,4,SUCCESS,825.6675,36542123,96,1,221.081,10603 10317,
628,1,n100,96,224,T1-2,4465,4466,170.3618,dfs,5,SUCCESS,826.8238,36542123,96,1,221.081,10603 10317,
629,1,n100,96,224,T1-2,4465,4466,170.3618,astar,5,SUCCESS,0.1127,3,3,,221.081,10603 10317,
630,1,n100,96,224,T1-2,4465,4466,170.3618,dijkstra,5,SUCCESS,0.0343,6,6,,221.081,10603 10317,
631,1,n100,96,224,T1-3,848,4465,148.5583,dijkstra,1,SUCCESS,0.1028,14,14,,250.9899,2392 1478 10315,
632,1,n100,96,224,T1-3,848,4465,148.5583,astar,1,SUCCESS,0.0803,6,6,,250.9899,2392 1478 10315,
633,1,n100,96,224,T1-3,848,4465,148.5583,dfs,1,SUCCESS,823.3043,36542124,96,2,250.9899,2392 1478 10315,
634,1,n100,96,224,T1-3,848,4465,148.5583,astar,2,SUCCESS,0.0623,6,6,,250.9899,2392 1478 10315,
635,1,n100,96,224,T1-3,848,4465,148.5583,dijkstra,2,SUCCESS,0.1987,14,14,,250.9899,2392 1478 10315,
636,1,n100,96,224,T1-3,848,4465,148.5583,dfs,2,SUCCESS,844.0029,36542124,96,2,250.9899,2392 1478 10315,
637,1,n100,96,224,T1-3,848,4465,148.5583,astar,3,SUCCESS,0.0599,6,6,,250.9899,2392 1478 10315,
638,1,n100,96,224,T1-3,848,4465,148.5583,dijkstra,3,SUCCESS,0.0539,14,14,,250.9899,2392 1478 10315,
639,1,n100,96,224,T1-3,848,4465,148.5583,dfs,3,SUCCESS,854.1015,36542124,96,2,250.9899,2392 1478 10315,
640,1,n100,96,224,T1-3,848,4465,148.5583,dfs,4,SUCCESS,872.8558,36542124,96,2,250.9899,2392 1478 10315,
641,1,n100,96,224,T1-3,848,4465,148.5583,dijkstra,4,SUCCESS,0.0719,14,14,,250.9899,2392 1478 10315,
642,1,n100,96,224,T1-3,848,4465,148.5583,astar,4,SUCCESS,0.0788,6,6,,250.9899,2392 1478 10315,
643,1,n100,96,224,T1-3,848,4465,148.5583,dfs,5,SUCCESS,852.9478,36542124,96,2,250.9899,2392 1478 10315,
644,1,n100,96,224,T1-3,848,4465,148.5583,dijkstra,5,SUCCESS,0.0744,14,14,,250.9899,2392 1478 10315,
645,1,n100,96,224,T1-3,848,4465,148.5583,astar,5,SUCCESS,0.0376,6,6,,250.9899,2392 1478 10315,
646,1,n100,96,224,T1-4,846,848,20.6097,astar,1,SUCCESS,0.0904,2,2,,20.6194,1477,
647,1,n100,96,224,T1-4,846,848,20.6097,dfs,1,SUCCESS,406.4806,18271063,95,2,20.6194,1477,
648,1,n100,96,224,T1-4,846,848,20.6097,dijkstra,1,SUCCESS,0.0798,2,2,,20.6194,1477,
649,1,n100,96,224,T1-4,846,848,20.6097,astar,2,SUCCESS,0.0789,2,2,,20.6194,1477,
650,1,n100,96,224,T1-4,846,848,20.6097,dfs,2,SUCCESS,407.8658,18271063,95,2,20.6194,1477,
651,1,n100,96,224,T1-4,846,848,20.6097,dijkstra,2,SUCCESS,0.0833,2,2,,20.6194,1477,
652,1,n100,96,224,T1-4,846,848,20.6097,dijkstra,3,SUCCESS,0.0701,2,2,,20.6194,1477,
653,1,n100,96,224,T1-4,846,848,20.6097,astar,3,SUCCESS,0.0301,2,2,,20.6194,1477,
654,1,n100,96,224,T1-4,846,848,20.6097,dfs,3,SUCCESS,401.2543,18271063,95,2,20.6194,1477,
655,1,n100,96,224,T1-4,846,848,20.6097,dfs,4,SUCCESS,412.44,18271063,95,2,20.6194,1477,
656,1,n100,96,224,T1-4,846,848,20.6097,dijkstra,4,SUCCESS,0.0568,2,2,,20.6194,1477,
657,1,n100,96,224,T1-4,846,848,20.6097,astar,4,SUCCESS,0.0316,2,2,,20.6194,1477,
658,1,n100,96,224,T1-4,846,848,20.6097,dijkstra,5,SUCCESS,0.0308,2,2,,20.6194,1477,
659,1,n100,96,224,T1-4,846,848,20.6097,dfs,5,SUCCESS,405.443,18271063,95,2,20.6194,1477,
660,1,n100,96,224,T1-4,846,848,20.6097,astar,5,SUCCESS,0.0564,2,2,,20.6194,1477,
661,1,n100,96,224,T1-5,856,848,174.1771,dfs,1,SUCCESS,402.8638,18271063,95,2,209.9249,4295 4955 4958 4960 2395,
662,1,n100,96,224,T1-5,856,848,174.1771,astar,1,SUCCESS,0.0627,8,8,,209.9249,4295 4955 4958 4960 2395,
663,1,n100,96,224,T1-5,856,848,174.1771,dijkstra,1,SUCCESS,0.0435,12,12,,209.9249,4295 4955 4958 4960 2395,
664,1,n100,96,224,T1-5,856,848,174.1771,astar,2,SUCCESS,0.0329,8,8,,209.9249,4295 4955 4958 4960 2395,
665,1,n100,96,224,T1-5,856,848,174.1771,dijkstra,2,SUCCESS,0.0359,12,12,,209.9249,4295 4955 4958 4960 2395,
666,1,n100,96,224,T1-5,856,848,174.1771,dfs,2,SUCCESS,403.1334,18271063,95,2,209.9249,4295 4955 4958 4960 2395,
667,1,n100,96,224,T1-5,856,848,174.1771,dfs,3,SUCCESS,398.642,18271063,95,2,209.9249,4295 4955 4958 4960 2395,
668,1,n100,96,224,T1-5,856,848,174.1771,astar,3,SUCCESS,0.0612,8,8,,209.9249,4295 4955 4958 4960 2395,
669,1,n100,96,224,T1-5,856,848,174.1771,dijkstra,3,SUCCESS,0.0358,12,12,,209.9249,4295 4955 4958 4960 2395,
670,1,n100,96,224,T1-5,856,848,174.1771,astar,4,SUCCESS,0.0343,8,8,,209.9249,4295 4955 4958 4960 2395,
671,1,n100,96,224,T1-5,856,848,174.1771,dijkstra,4,SUCCESS,0.0364,12,12,,209.9249,4295 4955 4958 4960 2395,
672,1,n100,96,224,T1-5,856,848,174.1771,dfs,4,SUCCESS,401.8977,18271063,95,2,209.9249,4295 4955 4958 4960 2395,
673,1,n100,96,224,T1-5,856,848,174.1771,dijkstra,5,SUCCESS,0.0612,12,12,,209.9249,4295 4955 4958 4960 2395,
674,1,n100,96,224,T1-5,856,848,174.1771,astar,5,SUCCESS,0.0349,8,8,,209.9249,4295 4955 4958 4960 2395,
675,1,n100,96,224,T1-5,856,848,174.1771,dfs,5,SUCCESS,406.2572,18271063,95,2,209.9249,4295 4955 4958 4960 2395,
676,1,n200,192,458,T1-1,4466,2275,174.1157,dfs,1,TIMEOUT,2000.0188,85030000,158,2,,,
677,1,n200,192,458,T1-1,4466,2275,174.1157,astar,1,SUCCESS,0.0864,6,6,,264.99,10321 10314 10313 1489 4295,
678,1,n200,192,458,T1-1,4466,2275,174.1157,dijkstra,1,SUCCESS,0.0334,7,7,,264.99,10321 10314 10313 1489 4295,
679,1,n200,192,458,T1-1,4466,2275,174.1157,dfs,2,TIMEOUT,2000.0147,84413000,158,2,,,
680,1,n200,192,458,T1-1,4466,2275,174.1157,astar,2,SUCCESS,0.0699,6,6,,264.99,10321 10314 10313 1489 4295,
681,1,n200,192,458,T1-1,4466,2275,174.1157,dijkstra,2,SUCCESS,0.0508,7,7,,264.99,10321 10314 10313 1489 4295,
682,1,n200,192,458,T1-1,4466,2275,174.1157,dfs,3,TIMEOUT,2000.015,85401000,158,2,,,
683,1,n200,192,458,T1-1,4466,2275,174.1157,dijkstra,3,SUCCESS,0.0703,7,7,,264.99,10321 10314 10313 1489 4295,
684,1,n200,192,458,T1-1,4466,2275,174.1157,astar,3,SUCCESS,0.0361,6,6,,264.99,10321 10314 10313 1489 4295,
685,1,n200,192,458,T1-1,4466,2275,174.1157,astar,4,SUCCESS,0.0339,6,6,,264.99,10321 10314 10313 1489 4295,
686,1,n200,192,458,T1-1,4466,2275,174.1157,dijkstra,4,SUCCESS,0.0337,7,7,,264.99,10321 10314 10313 1489 4295,
687,1,n200,192,458,T1-1,4466,2275,174.1157,dfs,4,TIMEOUT,2000.015,85600000,158,2,,,
688,1,n200,192,458,T1-1,4466,2275,174.1157,dfs,5,TIMEOUT,2000.0201,85364000,158,2,,,
689,1,n200,192,458,T1-1,4466,2275,174.1157,dijkstra,5,SUCCESS,0.0689,7,7,,264.99,10321 10314 10313 1489 4295,
690,1,n200,192,458,T1-1,4466,2275,174.1157,astar,5,SUCCESS,0.0872,6,6,,264.99,10321 10314 10313 1489 4295,
691,1,n200,192,458,T1-2,4465,4466,170.3618,dfs,1,TIMEOUT,2000.014,85500000,158,0,,,
692,1,n200,192,458,T1-2,4465,4466,170.3618,dijkstra,1,SUCCESS,0.0653,6,6,,221.081,10603 10317,
693,1,n200,192,458,T1-2,4465,4466,170.3618,astar,1,SUCCESS,0.0326,3,3,,221.081,10603 10317,
694,1,n200,192,458,T1-2,4465,4466,170.3618,astar,2,SUCCESS,0.0299,3,3,,221.081,10603 10317,
695,1,n200,192,458,T1-2,4465,4466,170.3618,dijkstra,2,SUCCESS,0.0335,6,6,,221.081,10603 10317,
696,1,n200,192,458,T1-2,4465,4466,170.3618,dfs,2,TIMEOUT,2000.0096,85782000,158,0,,,
697,1,n200,192,458,T1-2,4465,4466,170.3618,astar,3,SUCCESS,0.3704,3,3,,221.081,10603 10317,
698,1,n200,192,458,T1-2,4465,4466,170.3618,dijkstra,3,SUCCESS,0.0355,6,6,,221.081,10603 10317,
699,1,n200,192,458,T1-2,4465,4466,170.3618,dfs,3,TIMEOUT,2000.0232,84728000,158,0,,,
700,1,n200,192,458,T1-2,4465,4466,170.3618,dijkstra,4,SUCCESS,0.0645,6,6,,221.081,10603 10317,
701,1,n200,192,458,T1-2,4465,4466,170.3618,dfs,4,TIMEOUT,2000.0252,85380000,158,0,,,
702,1,n200,192,458,T1-2,4465,4466,170.3618,astar,4,SUCCESS,0.0935,3,3,,221.081,10603 10317,
703,1,n200,192,458,T1-2,4465,4466,170.3618,astar,5,SUCCESS,0.0305,3,3,,221.081,10603 10317,
704,1,n200,192,458,T1-2,4465,4466,170.3618,dfs,5,TIMEOUT,2000.0261,84410000,158,0,,,
705,1,n200,192,458,T1-2,4465,4466,170.3618,dijkstra,5,SUCCESS,0.0679,6,6,,221.081,10603 10317,
706,1,n200,192,458,T1-3,848,4465,148.5583,astar,1,SUCCESS,0.0556,6,6,,250.9899,2392 1478 10315,
707,1,n200,192,458,T1-3,848,4465,148.5583,dijkstra,1,SUCCESS,0.0403,14,14,,250.9899,2392 1478 10315,
708,1,n200,192,458,T1-3,848,4465,148.5583,dfs,1,TIMEOUT,2000.0242,85088000,156,0,,,
709,1,n200,192,458,T1-3,848,4465,148.5583,dijkstra,2,SUCCESS,0.0704,14,14,,250.9899,2392 1478 10315,
710,1,n200,192,458,T1-3,848,4465,148.5583,dfs,2,TIMEOUT,2000.0186,85132000,156,0,,,
711,1,n200,192,458,T1-3,848,4465,148.5583,astar,2,SUCCESS,0.0681,6,6,,250.9899,2392 1478 10315,
712,1,n200,192,458,T1-3,848,4465,148.5583,astar,3,SUCCESS,0.0356,6,6,,250.9899,2392 1478 10315,
713,1,n200,192,458,T1-3,848,4465,148.5583,dijkstra,3,SUCCESS,0.0389,14,14,,250.9899,2392 1478 10315,
714,1,n200,192,458,T1-3,848,4465,148.5583,dfs,3,TIMEOUT,2000.0122,84736000,156,0,,,
715,1,n200,192,458,T1-3,848,4465,148.5583,dfs,4,TIMEOUT,2000.0743,85070000,156,0,,,
716,1,n200,192,458,T1-3,848,4465,148.5583,dijkstra,4,SUCCESS,0.2001,14,14,,250.9899,2392 1478 10315,
717,1,n200,192,458,T1-3,848,4465,148.5583,astar,4,SUCCESS,0.0343,6,6,,250.9899,2392 1478 10315,
718,1,n200,192,458,T1-3,848,4465,148.5583,dfs,5,TIMEOUT,2000.0137,85495000,156,0,,,
719,1,n200,192,458,T1-3,848,4465,148.5583,dijkstra,5,SUCCESS,0.0698,14,14,,250.9899,2392 1478 10315,
720,1,n200,192,458,T1-3,848,4465,148.5583,astar,5,SUCCESS,0.0355,6,6,,250.9899,2392 1478 10315,
721,1,n200,192,458,T1-4,846,848,20.6097,dfs,1,TIMEOUT,2000.0227,85142000,156,2,,,
722,1,n200,192,458,T1-4,846,848,20.6097,dijkstra,1,SUCCESS,0.0608,2,2,,20.6194,1477,
723,1,n200,192,458,T1-4,846,848,20.6097,astar,1,SUCCESS,0.0299,2,2,,20.6194,1477,
724,1,n200,192,458,T1-4,846,848,20.6097,dijkstra,2,SUCCESS,0.0274,2,2,,20.6194,1477,
725,1,n200,192,458,T1-4,846,848,20.6097,astar,2,SUCCESS,0.0283,2,2,,20.6194,1477,
726,1,n200,192,458,T1-4,846,848,20.6097,dfs,2,TIMEOUT,2000.0148,84835000,156,2,,,
727,1,n200,192,458,T1-4,846,848,20.6097,astar,3,SUCCESS,0.0624,2,2,,20.6194,1477,
728,1,n200,192,458,T1-4,846,848,20.6097,dijkstra,3,SUCCESS,0.0311,2,2,,20.6194,1477,
729,1,n200,192,458,T1-4,846,848,20.6097,dfs,3,TIMEOUT,2000.0174,85005000,156,2,,,
730,1,n200,192,458,T1-4,846,848,20.6097,dijkstra,4,SUCCESS,0.06,2,2,,20.6194,1477,
731,1,n200,192,458,T1-4,846,848,20.6097,astar,4,SUCCESS,0.0296,2,2,,20.6194,1477,
732,1,n200,192,458,T1-4,846,848,20.6097,dfs,4,TIMEOUT,2000.0315,83971000,156,2,,,
733,1,n200,192,458,T1-4,846,848,20.6097,astar,5,SUCCESS,0.0611,2,2,,20.6194,1477,
734,1,n200,192,458,T1-4,846,848,20.6097,dfs,5,TIMEOUT,2000.0156,83954000,156,2,,,
735,1,n200,192,458,T1-4,846,848,20.6097,dijkstra,5,SUCCESS,0.0876,2,2,,20.6194,1477,
736,1,n200,192,458,T1-5,856,848,174.1771,dijkstra,1,SUCCESS,0.074,12,12,,209.9249,4295 4955 4958 4960 2395,
737,1,n200,192,458,T1-5,856,848,174.1771,astar,1,SUCCESS,0.0349,8,8,,209.9249,4295 4955 4958 4960 2395,
738,1,n200,192,458,T1-5,856,848,174.1771,dfs,1,TIMEOUT,2000.0158,84328000,146,1,,,
739,1,n200,192,458,T1-5,856,848,174.1771,dijkstra,2,SUCCESS,0.0661,12,12,,209.9249,4295 4955 4958 4960 2395,
740,1,n200,192,458,T1-5,856,848,174.1771,astar,2,SUCCESS,0.0401,8,8,,209.9249,4295 4955 4958 4960 2395,
741,1,n200,192,458,T1-5,856,848,174.1771,dfs,2,TIMEOUT,2000.0316,84467000,146,1,,,
742,1,n200,192,458,T1-5,856,848,174.1771,astar,3,SUCCESS,0.0679,8,8,,209.9249,4295 4955 4958 4960 2395,
743,1,n200,192,458,T1-5,856,848,174.1771,dijkstra,3,SUCCESS,0.0413,12,12,,209.9249,4295 4955 4958 4960 2395,
744,1,n200,192,458,T1-5,856,848,174.1771,dfs,3,TIMEOUT,2000.0239,83974000,146,1,,,
745,1,n200,192,458,T1-5,856,848,174.1771,dfs,4,TIMEOUT,2000.042,84794000,146,1,,,
746,1,n200,192,458,T1-5,856,848,174.1771,astar,4,SUCCESS,0.0696,8,8,,209.9249,4295 4955 4958 4960 2395,
747,1,n200,192,458,T1-5,856,848,174.1771,dijkstra,4,SUCCESS,0.0582,12,12,,209.9249,4295 4955 4958 4960 2395,
748,1,n200,192,458,T1-5,856,848,174.1771,astar,5,SUCCESS,0.0337,8,8,,209.9249,4295 4955 4958 4960 2395,
749,1,n200,192,458,T1-5,856,848,174.1771,dfs,5,TIMEOUT,2000.0282,85432000,146,1,,,
750,1,n200,192,458,T1-5,856,848,174.1771,dijkstra,5,SUCCESS,0.0978,12,12,,209.9249,4295 4955 4958 4960 2395,
751,1,r500,80,182,T1-1,4466,2275,174.1157,dijkstra,1,SUCCESS,0.0328,7,7,,264.99,10321 10314 10313 1489 4295,
752,1,r500,80,182,T1-1,4466,2275,174.1157,dfs,1,SUCCESS,0.1804,7871,80,2,264.99,10321 10314 10313 1489 4295,
753,1,r500,80,182,T1-1,4466,2275,174.1157,astar,1,SUCCESS,0.0329,6,6,,264.99,10321 10314 10313 1489 4295,
754,1,r500,80,182,T1-1,4466,2275,174.1157,astar,2,SUCCESS,0.1538,6,6,,264.99,10321 10314 10313 1489 4295,
755,1,r500,80,182,T1-1,4466,2275,174.1157,dfs,2,SUCCESS,0.191,7871,80,2,264.99,10321 10314 10313 1489 4295,
756,1,r500,80,182,T1-1,4466,2275,174.1157,dijkstra,2,SUCCESS,0.0465,7,7,,264.99,10321 10314 10313 1489 4295,
757,1,r500,80,182,T1-1,4466,2275,174.1157,dijkstra,3,SUCCESS,0.0344,7,7,,264.99,10321 10314 10313 1489 4295,
758,1,r500,80,182,T1-1,4466,2275,174.1157,astar,3,SUCCESS,0.0337,6,6,,264.99,10321 10314 10313 1489 4295,
759,1,r500,80,182,T1-1,4466,2275,174.1157,dfs,3,SUCCESS,0.1825,7871,80,2,264.99,10321 10314 10313 1489 4295,
760,1,r500,80,182,T1-1,4466,2275,174.1157,astar,4,SUCCESS,0.0352,6,6,,264.99,10321 10314 10313 1489 4295,
761,1,r500,80,182,T1-1,4466,2275,174.1157,dfs,4,SUCCESS,0.1823,7871,80,2,264.99,10321 10314 10313 1489 4295,
762,1,r500,80,182,T1-1,4466,2275,174.1157,dijkstra,4,SUCCESS,0.0355,7,7,,264.99,10321 10314 10313 1489 4295,
763,1,r500,80,182,T1-1,4466,2275,174.1157,astar,5,SUCCESS,0.033,6,6,,264.99,10321 10314 10313 1489 4295,
764,1,r500,80,182,T1-1,4466,2275,174.1157,dijkstra,5,SUCCESS,0.0415,7,7,,264.99,10321 10314 10313 1489 4295,
765,1,r500,80,182,T1-1,4466,2275,174.1157,dfs,5,SUCCESS,0.1932,7871,80,2,264.99,10321 10314 10313 1489 4295,
766,1,r500,80,182,T1-2,4465,4466,170.3618,dfs,1,SUCCESS,0.356,15737,80,1,221.081,10603 10317,
767,1,r500,80,182,T1-2,4465,4466,170.3618,dijkstra,1,SUCCESS,0.0313,6,6,,221.081,10603 10317,
768,1,r500,80,182,T1-2,4465,4466,170.3618,astar,1,SUCCESS,0.0288,3,3,,221.081,10603 10317,
769,1,r500,80,182,T1-2,4465,4466,170.3618,astar,2,SUCCESS,0.0277,3,3,,221.081,10603 10317,
770,1,r500,80,182,T1-2,4465,4466,170.3618,dfs,2,SUCCESS,0.3568,15737,80,1,221.081,10603 10317,
771,1,r500,80,182,T1-2,4465,4466,170.3618,dijkstra,2,SUCCESS,0.0356,6,6,,221.081,10603 10317,
772,1,r500,80,182,T1-2,4465,4466,170.3618,astar,3,SUCCESS,0.0288,3,3,,221.081,10603 10317,
773,1,r500,80,182,T1-2,4465,4466,170.3618,dijkstra,3,SUCCESS,0.0314,6,6,,221.081,10603 10317,
774,1,r500,80,182,T1-2,4465,4466,170.3618,dfs,3,SUCCESS,0.3573,15737,80,1,221.081,10603 10317,
775,1,r500,80,182,T1-2,4465,4466,170.3618,dfs,4,SUCCESS,0.358,15737,80,1,221.081,10603 10317,
776,1,r500,80,182,T1-2,4465,4466,170.3618,astar,4,SUCCESS,0.0281,3,3,,221.081,10603 10317,
777,1,r500,80,182,T1-2,4465,4466,170.3618,dijkstra,4,SUCCESS,0.0353,6,6,,221.081,10603 10317,
778,1,r500,80,182,T1-2,4465,4466,170.3618,dijkstra,5,SUCCESS,0.0324,6,6,,221.081,10603 10317,
779,1,r500,80,182,T1-2,4465,4466,170.3618,dfs,5,SUCCESS,0.3719,15737,80,1,221.081,10603 10317,
780,1,r500,80,182,T1-2,4465,4466,170.3618,astar,5,SUCCESS,0.0288,3,3,,221.081,10603 10317,
781,1,r500,80,182,T1-3,848,4465,148.5583,astar,1,SUCCESS,0.0521,6,6,,250.9899,2392 1478 10315,
782,1,r500,80,182,T1-3,848,4465,148.5583,dijkstra,1,SUCCESS,0.0381,14,14,,250.9899,2392 1478 10315,
783,1,r500,80,182,T1-3,848,4465,148.5583,dfs,1,SUCCESS,0.3616,15738,80,2,250.9899,2392 1478 10315,
784,1,r500,80,182,T1-3,848,4465,148.5583,astar,2,SUCCESS,0.0322,6,6,,250.9899,2392 1478 10315,
785,1,r500,80,182,T1-3,848,4465,148.5583,dijkstra,2,SUCCESS,0.0363,14,14,,250.9899,2392 1478 10315,
786,1,r500,80,182,T1-3,848,4465,148.5583,dfs,2,SUCCESS,0.387,15738,80,2,250.9899,2392 1478 10315,
787,1,r500,80,182,T1-3,848,4465,148.5583,dfs,3,SUCCESS,0.3571,15738,80,2,250.9899,2392 1478 10315,
788,1,r500,80,182,T1-3,848,4465,148.5583,astar,3,SUCCESS,0.0387,6,6,,250.9899,2392 1478 10315,
789,1,r500,80,182,T1-3,848,4465,148.5583,dijkstra,3,SUCCESS,0.0383,14,14,,250.9899,2392 1478 10315,
790,1,r500,80,182,T1-3,848,4465,148.5583,astar,4,SUCCESS,0.0353,6,6,,250.9899,2392 1478 10315,
791,1,r500,80,182,T1-3,848,4465,148.5583,dijkstra,4,SUCCESS,0.0516,14,14,,250.9899,2392 1478 10315,
792,1,r500,80,182,T1-3,848,4465,148.5583,dfs,4,SUCCESS,0.3655,15738,80,2,250.9899,2392 1478 10315,
793,1,r500,80,182,T1-3,848,4465,148.5583,astar,5,SUCCESS,0.0521,6,6,,250.9899,2392 1478 10315,
794,1,r500,80,182,T1-3,848,4465,148.5583,dfs,5,SUCCESS,0.3837,15738,80,2,250.9899,2392 1478 10315,
795,1,r500,80,182,T1-3,848,4465,148.5583,dijkstra,5,SUCCESS,0.0394,14,14,,250.9899,2392 1478 10315,
796,1,r500,80,182,T1-4,846,848,20.6097,dijkstra,1,SUCCESS,0.0287,2,2,,20.6194,1477,
797,1,r500,80,182,T1-4,846,848,20.6097,astar,1,SUCCESS,0.03,2,2,,20.6194,1477,
798,1,r500,80,182,T1-4,846,848,20.6097,dfs,1,SUCCESS,0.1861,7870,79,2,20.6194,1477,
799,1,r500,80,182,T1-4,846,848,20.6097,astar,2,SUCCESS,0.0284,2,2,,20.6194,1477,
800,1,r500,80,182,T1-4,846,848,20.6097,dfs,2,SUCCESS,0.2029,7870,79,2,20.6194,1477,
801,1,r500,80,182,T1-4,846,848,20.6097,dijkstra,2,SUCCESS,0.0528,2,2,,20.6194,1477,
802,1,r500,80,182,T1-4,846,848,20.6097,astar,3,SUCCESS,0.0278,2,2,,20.6194,1477,
803,1,r500,80,182,T1-4,846,848,20.6097,dijkstra,3,SUCCESS,0.0325,2,2,,20.6194,1477,
804,1,r500,80,182,T1-4,846,848,20.6097,dfs,3,SUCCESS,0.1904,7870,79,2,20.6194,1477,
805,1,r500,80,182,T1-4,846,848,20.6097,dijkstra,4,SUCCESS,0.0287,2,2,,20.6194,1477,
806,1,r500,80,182,T1-4,846,848,20.6097,dfs,4,SUCCESS,0.1843,7870,79,2,20.6194,1477,
807,1,r500,80,182,T1-4,846,848,20.6097,astar,4,SUCCESS,0.0279,2,2,,20.6194,1477,
808,1,r500,80,182,T1-4,846,848,20.6097,dijkstra,5,SUCCESS,0.029,2,2,,20.6194,1477,
809,1,r500,80,182,T1-4,846,848,20.6097,dfs,5,SUCCESS,0.1839,7870,79,2,20.6194,1477,
810,1,r500,80,182,T1-4,846,848,20.6097,astar,5,SUCCESS,0.0279,2,2,,20.6194,1477,
811,1,r500,80,182,T1-5,856,848,174.1771,dfs,1,SUCCESS,0.2424,7870,79,2,209.9249,4295 4955 4958 4960 2395,
812,1,r500,80,182,T1-5,856,848,174.1771,dijkstra,1,SUCCESS,0.048,12,12,,209.9249,4295 4955 4958 4960 2395,
813,1,r500,80,182,T1-5,856,848,174.1771,astar,1,SUCCESS,0.0332,8,8,,209.9249,4295 4955 4958 4960 2395,
814,1,r500,80,182,T1-5,856,848,174.1771,astar,2,SUCCESS,0.0339,8,8,,209.9249,4295 4955 4958 4960 2395,
815,1,r500,80,182,T1-5,856,848,174.1771,dijkstra,2,SUCCESS,0.0344,12,12,,209.9249,4295 4955 4958 4960 2395,
816,1,r500,80,182,T1-5,856,848,174.1771,dfs,2,SUCCESS,0.1975,7870,79,2,209.9249,4295 4955 4958 4960 2395,
817,1,r500,80,182,T1-5,856,848,174.1771,dijkstra,3,SUCCESS,0.0352,12,12,,209.9249,4295 4955 4958 4960 2395,
818,1,r500,80,182,T1-5,856,848,174.1771,astar,3,SUCCESS,0.0344,8,8,,209.9249,4295 4955 4958 4960 2395,
819,1,r500,80,182,T1-5,856,848,174.1771,dfs,3,SUCCESS,0.1963,7870,79,2,209.9249,4295 4955 4958 4960 2395,
820,1,r500,80,182,T1-5,856,848,174.1771,astar,4,SUCCESS,0.0345,8,8,,209.9249,4295 4955 4958 4960 2395,
821,1,r500,80,182,T1-5,856,848,174.1771,dfs,4,SUCCESS,0.2066,7870,79,2,209.9249,4295 4955 4958 4960 2395,
822,1,r500,80,182,T1-5,856,848,174.1771,dijkstra,4,SUCCESS,0.0498,12,12,,209.9249,4295 4955 4958 4960 2395,
823,1,r500,80,182,T1-5,856,848,174.1771,dfs,5,SUCCESS,0.1927,7870,79,2,209.9249,4295 4955 4958 4960 2395,
824,1,r500,80,182,T1-5,856,848,174.1771,astar,5,SUCCESS,0.0385,8,8,,209.9249,4295 4955 4958 4960 2395,
825,1,r500,80,182,T1-5,856,848,174.1771,dijkstra,5,SUCCESS,0.0346,12,12,,209.9249,4295 4955 4958 4960 2395,
826,1,r1000,552,1320,T1-1,4466,2275,174.1157,dijkstra,1,SUCCESS,0.0533,7,7,,264.99,10321 10314 10313 1489 4295,
827,1,r1000,552,1320,T1-1,4466,2275,174.1157,astar,1,SUCCESS,0.0355,6,6,,264.99,10321 10314 10313 1489 4295,
828,1,r1000,552,1320,T1-1,4466,2275,174.1157,dfs,1,TIMEOUT,2000.0152,91615000,327,2,,,
829,1,r1000,552,1320,T1-1,4466,2275,174.1157,astar,2,SUCCESS,0.0677,6,6,,264.99,10321 10314 10313 1489 4295,
830,1,r1000,552,1320,T1-1,4466,2275,174.1157,dfs,2,TIMEOUT,2000.0216,92863000,327,2,,,
831,1,r1000,552,1320,T1-1,4466,2275,174.1157,dijkstra,2,SUCCESS,0.1021,7,7,,264.99,10321 10314 10313 1489 4295,
832,1,r1000,552,1320,T1-1,4466,2275,174.1157,dijkstra,3,SUCCESS,0.0326,7,7,,264.99,10321 10314 10313 1489 4295,
833,1,r1000,552,1320,T1-1,4466,2275,174.1157,dfs,3,TIMEOUT,2000.0538,92380000,327,2,,,
834,1,r1000,552,1320,T1-1,4466,2275,174.1157,astar,3,SUCCESS,0.0675,6,6,,264.99,10321 10314 10313 1489 4295,
835,1,r1000,552,1320,T1-1,4466,2275,174.1157,astar,4,SUCCESS,0.0405,6,6,,264.99,10321 10314 10313 1489 4295,
836,1,r1000,552,1320,T1-1,4466,2275,174.1157,dfs,4,TIMEOUT,2000.0175,90447000,327,2,,,
837,1,r1000,552,1320,T1-1,4466,2275,174.1157,dijkstra,4,SUCCESS,0.1451,7,7,,264.99,10321 10314 10313 1489 4295,
838,1,r1000,552,1320,T1-1,4466,2275,174.1157,dijkstra,5,SUCCESS,0.0453,7,7,,264.99,10321 10314 10313 1489 4295,
839,1,r1000,552,1320,T1-1,4466,2275,174.1157,dfs,5,TIMEOUT,2000.0222,92371000,327,2,,,
840,1,r1000,552,1320,T1-1,4466,2275,174.1157,astar,5,SUCCESS,0.1128,6,6,,264.99,10321 10314 10313 1489 4295,
841,1,r1000,552,1320,T1-2,4465,4466,170.3618,dfs,1,TIMEOUT,2000.0373,90358000,327,0,,,
842,1,r1000,552,1320,T1-2,4465,4466,170.3618,dijkstra,1,SUCCESS,0.0811,6,6,,221.081,10603 10317,
843,1,r1000,552,1320,T1-2,4465,4466,170.3618,astar,1,SUCCESS,0.0302,3,3,,221.081,10603 10317,
844,1,r1000,552,1320,T1-2,4465,4466,170.3618,dijkstra,2,SUCCESS,0.0322,6,6,,221.081,10603 10317,
845,1,r1000,552,1320,T1-2,4465,4466,170.3618,dfs,2,TIMEOUT,2000.0313,91952000,327,0,,,
846,1,r1000,552,1320,T1-2,4465,4466,170.3618,astar,2,SUCCESS,0.0628,3,3,,221.081,10603 10317,
847,1,r1000,552,1320,T1-2,4465,4466,170.3618,dfs,3,TIMEOUT,2000.0202,91852000,327,0,,,
848,1,r1000,552,1320,T1-2,4465,4466,170.3618,astar,3,SUCCESS,0.0919,3,3,,221.081,10603 10317,
849,1,r1000,552,1320,T1-2,4465,4466,170.3618,dijkstra,3,SUCCESS,0.0471,6,6,,221.081,10603 10317,
850,1,r1000,552,1320,T1-2,4465,4466,170.3618,astar,4,SUCCESS,0.0297,3,3,,221.081,10603 10317,
851,1,r1000,552,1320,T1-2,4465,4466,170.3618,dijkstra,4,SUCCESS,0.0317,6,6,,221.081,10603 10317,
852,1,r1000,552,1320,T1-2,4465,4466,170.3618,dfs,4,TIMEOUT,2000.0156,93342000,327,0,,,
853,1,r1000,552,1320,T1-2,4465,4466,170.3618,astar,5,SUCCESS,0.0627,3,3,,221.081,10603 10317,
854,1,r1000,552,1320,T1-2,4465,4466,170.3618,dijkstra,5,SUCCESS,0.0353,6,6,,221.081,10603 10317,
855,1,r1000,552,1320,T1-2,4465,4466,170.3618,dfs,5,TIMEOUT,2000.0188,92206000,327,0,,,
856,1,r1000,552,1320,T1-3,848,4465,148.5583,dfs,1,TIMEOUT,2000.0143,92227000,325,0,,,
857,1,r1000,552,1320,T1-3,848,4465,148.5583,dijkstra,1,SUCCESS,0.0976,14,14,,250.9899,2392 1478 10315,
858,1,r1000,552,1320,T1-3,848,4465,148.5583,astar,1,SUCCESS,0.0364,6,6,,250.9899,2392 1478 10315,
859,1,r1000,552,1320,T1-3,848,4465,148.5583,dijkstra,2,SUCCESS,0.0397,14,14,,250.9899,2392 1478 10315,
860,1,r1000,552,1320,T1-3,848,4465,148.5583,astar,2,SUCCESS,0.0336,6,6,,250.9899,2392 1478 10315,
861,1,r1000,552,1320,T1-3,848,4465,148.5583,dfs,2,TIMEOUT,2000.0246,92576000,325,0,,,
862,1,r1000,552,1320,T1-3,848,4465,148.5583,dijkstra,3,SUCCESS,0.073,14,14,,250.9899,2392 1478 10315,
863,1,r1000,552,1320,T1-3,848,4465,148.5583,dfs,3,TIMEOUT,2000.0142,92802000,325,0,,,
864,1,r1000,552,1320,T1-3,848,4465,148.5583,astar,3,SUCCESS,0.071,6,6,,250.9899,2392 1478 10315,
865,1,r1000,552,1320,T1-3,848,4465,148.5583,astar,4,SUCCESS,0.0544,6,6,,250.9899,2392 1478 10315,
866,1,r1000,552,1320,T1-3,848,4465,148.5583,dfs,4,TIMEOUT,2000.028,91838000,325,0,,,
867,1,r1000,552,1320,T1-3,848,4465,148.5583,dijkstra,4,SUCCESS,0.1046,14,14,,250.9899,2392 1478 10315,
868,1,r1000,552,1320,T1-3,848,4465,148.5583,dijkstra,5,SUCCESS,0.0486,14,14,,250.9899,2392 1478 10315,
869,1,r1000,552,1320,T1-3,848,4465,148.5583,dfs,5,TIMEOUT,2000.0192,91793000,325,0,,,
870,1,r1000,552,1320,T1-3,848,4465,148.5583,astar,5,SUCCESS,0.078,6,6,,250.9899,2392 1478 10315,
871,1,r1000,552,1320,T1-4,846,848,20.6097,dijkstra,1,SUCCESS,0.058,2,2,,20.6194,1477,
872,1,r1000,552,1320,T1-4,846,848,20.6097,dfs,1,TIMEOUT,2000.0236,92238000,325,2,,,
873,1,r1000,552,1320,T1-4,846,848,20.6097,astar,1,SUCCESS,0.0646,2,2,,20.6194,1477,
874,1,r1000,552,1320,T1-4,846,848,20.6097,astar,2,SUCCESS,0.0359,2,2,,20.6194,1477,
875,1,r1000,552,1320,T1-4,846,848,20.6097,dijkstra,2,SUCCESS,0.0314,2,2,,20.6194,1477,
876,1,r1000,552,1320,T1-4,846,848,20.6097,dfs,2,TIMEOUT,2000.0129,91958000,325,2,,,
877,1,r1000,552,1320,T1-4,846,848,20.6097,astar,3,SUCCESS,0.0631,2,2,,20.6194,1477,
878,1,r1000,552,1320,T1-4,846,848,20.6097,dfs,3,TIMEOUT,2003.0678,91981000,325,2,,,
879,1,r1000,552,1320,T1-4,846,848,20.6097,dijkstra,3,SUCCESS,0.0742,2,2,,20.6194,1477,
880,1,r1000,552,1320,T1-4,846,848,20.6097,dijkstra,4,SUCCESS,0.1091,2,2,,20.6194,1477,
881,1,r1000,552,1320,T1-4,846,848,20.6097,dfs,4,TIMEOUT,2000.0274,93274000,325,2,,,
882,1,r1000,552,1320,T1-4,846,848,20.6097,astar,4,SUCCESS,0.1052,2,2,,20.6194,1477,
883,1,r1000,552,1320,T1-4,846,848,20.6097,dfs,5,TIMEOUT,2000.028,93041000,325,2,,,
884,1,r1000,552,1320,T1-4,846,848,20.6097,dijkstra,5,SUCCESS,0.0944,2,2,,20.6194,1477,
885,1,r1000,552,1320,T1-4,846,848,20.6097,astar,5,SUCCESS,0.0448,2,2,,20.6194,1477,
886,1,r1000,552,1320,T1-5,856,848,174.1771,dfs,1,TIMEOUT,2000.025,92418000,315,1,,,
887,1,r1000,552,1320,T1-5,856,848,174.1771,dijkstra,1,SUCCESS,0.0695,12,12,,209.9249,4295 4955 4958 4960 2395,
888,1,r1000,552,1320,T1-5,856,848,174.1771,astar,1,SUCCESS,0.0362,8,8,,209.9249,4295 4955 4958 4960 2395,
889,1,r1000,552,1320,T1-5,856,848,174.1771,astar,2,SUCCESS,0.0361,8,8,,209.9249,4295 4955 4958 4960 2395,
890,1,r1000,552,1320,T1-5,856,848,174.1771,dfs,2,TIMEOUT,2000.0281,92358000,315,1,,,
891,1,r1000,552,1320,T1-5,856,848,174.1771,dijkstra,2,SUCCESS,0.0794,12,12,,209.9249,4295 4955 4958 4960 2395,
892,1,r1000,552,1320,T1-5,856,848,174.1771,astar,3,SUCCESS,0.0402,8,8,,209.9249,4295 4955 4958 4960 2395,
893,1,r1000,552,1320,T1-5,856,848,174.1771,dijkstra,3,SUCCESS,0.0383,12,12,,209.9249,4295 4955 4958 4960 2395,
894,1,r1000,552,1320,T1-5,856,848,174.1771,dfs,3,TIMEOUT,2000.0307,93633000,315,1,,,
895,1,r1000,552,1320,T1-5,856,848,174.1771,astar,4,SUCCESS,0.0701,8,8,,209.9249,4295 4955 4958 4960 2395,
896,1,r1000,552,1320,T1-5,856,848,174.1771,dfs,4,TIMEOUT,2000.0216,92994000,315,1,,,
897,1,r1000,552,1320,T1-5,856,848,174.1771,dijkstra,4,SUCCESS,0.0704,12,12,,209.9249,4295 4955 4958 4960 2395,
898,1,r1000,552,1320,T1-5,856,848,174.1771,dijkstra,5,SUCCESS,0.0366,12,12,,209.9249,4295 4955 4958 4960 2395,
899,1,r1000,552,1320,T1-5,856,848,174.1771,dfs,5,TIMEOUT,2000.0151,92335000,315,1,,,
900,1,r1000,552,1320,T1-5,856,848,174.1771,astar,5,SUCCESS,0.1186,8,8,,209.9249,4295 4955 4958 4960 2395,
901,1,r2000,1573,3736,T1-1,4466,2275,174.1157,dijkstra,1,SUCCESS,0.2065,7,7,,264.99,10321 10314 10313 1489 4295,
902,1,r2000,1573,3736,T1-1,4466,2275,174.1157,astar,1,SUCCESS,0.0339,6,6,,264.99,10321 10314 10313 1489 4295,
903,1,r2000,1573,3736,T1-1,4466,2275,174.1157,dfs,1,TIMEOUT,2000.0295,81364000,1182,2,,,
904,1,r2000,1573,3736,T1-1,4466,2275,174.1157,dfs,2,TIMEOUT,2000.0469,83147000,1182,2,,,
905,1,r2000,1573,3736,T1-1,4466,2275,174.1157,astar,2,SUCCESS,0.07,6,6,,264.99,10321 10314 10313 1489 4295,
906,1,r2000,1573,3736,T1-1,4466,2275,174.1157,dijkstra,2,SUCCESS,0.0392,7,7,,264.99,10321 10314 10313 1489 4295,
907,1,r2000,1573,3736,T1-1,4466,2275,174.1157,dijkstra,3,SUCCESS,0.0338,7,7,,264.99,10321 10314 10313 1489 4295,
908,1,r2000,1573,3736,T1-1,4466,2275,174.1157,astar,3,SUCCESS,0.036,6,6,,264.99,10321 10314 10313 1489 4295,
909,1,r2000,1573,3736,T1-1,4466,2275,174.1157,dfs,3,TIMEOUT,2000.0314,81753000,1182,2,,,
910,1,r2000,1573,3736,T1-1,4466,2275,174.1157,dijkstra,4,SUCCESS,0.0676,7,7,,264.99,10321 10314 10313 1489 4295,
911,1,r2000,1573,3736,T1-1,4466,2275,174.1157,dfs,4,TIMEOUT,2000.0214,81977000,1182,2,,,
912,1,r2000,1573,3736,T1-1,4466,2275,174.1157,astar,4,SUCCESS,0.1032,6,6,,264.99,10321 10314 10313 1489 4295,
913,1,r2000,1573,3736,T1-1,4466,2275,174.1157,astar,5,SUCCESS,0.0346,6,6,,264.99,10321 10314 10313 1489 4295,
914,1,r2000,1573,3736,T1-1,4466,2275,174.1157,dfs,5,TIMEOUT,2000.0328,82057000,1182,2,,,
915,1,r2000,1573,3736,T1-1,4466,2275,174.1157,dijkstra,5,SUCCESS,0.0663,7,7,,264.99,10321 10314 10313 1489 4295,
916,1,r2000,1573,3736,T1-2,4465,4466,170.3618,dijkstra,1,SUCCESS,0.071,6,6,,221.081,10603 10317,
917,1,r2000,1573,3736,T1-2,4465,4466,170.3618,dfs,1,TIMEOUT,2000.0238,81335000,1182,0,,,
918,1,r2000,1573,3736,T1-2,4465,4466,170.3618,astar,1,SUCCESS,0.0923,3,3,,221.081,10603 10317,
919,1,r2000,1573,3736,T1-2,4465,4466,170.3618,dfs,2,TIMEOUT,2000.0314,82454000,1182,0,,,
920,1,r2000,1573,3736,T1-2,4465,4466,170.3618,astar,2,SUCCESS,0.0967,3,3,,221.081,10603 10317,
921,1,r2000,1573,3736,T1-2,4465,4466,170.3618,dijkstra,2,SUCCESS,0.0375,6,6,,221.081,10603 10317,
922,1,r2000,1573,3736,T1-2,4465,4466,170.3618,astar,3,SUCCESS,0.0326,3,3,,221.081,10603 10317,
923,1,r2000,1573,3736,T1-2,4465,4466,170.3618,dijkstra,3,SUCCESS,0.035,6,6,,221.081,10603 10317,
924,1,r2000,1573,3736,T1-2,4465,4466,170.3618,dfs,3,TIMEOUT,2000.0301,81783000,1182,0,,,
925,1,r2000,1573,3736,T1-2,4465,4466,170.3618,dijkstra,4,SUCCESS,0.0821,6,6,,221.081,10603 10317,
926,1,r2000,1573,3736,T1-2,4465,4466,170.3618,dfs,4,TIMEOUT,2000.0249,81482000,1182,0,,,
927,1,r2000,1573,3736,T1-2,4465,4466,170.3618,astar,4,SUCCESS,0.2493,3,3,,221.081,10603 10317,
928,1,r2000,1573,3736,T1-2,4465,4466,170.3618,astar,5,SUCCESS,0.0301,3,3,,221.081,10603 10317,
929,1,r2000,1573,3736,T1-2,4465,4466,170.3618,dijkstra,5,SUCCESS,0.0326,6,6,,221.081,10603 10317,
930,1,r2000,1573,3736,T1-2,4465,4466,170.3618,dfs,5,TIMEOUT,2000.0216,81809000,1182,0,,,
931,1,r2000,1573,3736,T1-3,848,4465,148.5583,dijkstra,1,SUCCESS,0.0476,14,14,,250.9899,2392 1478 10315,
932,1,r2000,1573,3736,T1-3,848,4465,148.5583,astar,1,SUCCESS,0.0455,6,6,,250.9899,2392 1478 10315,
933,1,r2000,1573,3736,T1-3,848,4465,148.5583,dfs,1,TIMEOUT,2000.0276,81361000,1180,0,,,
934,1,r2000,1573,3736,T1-3,848,4465,148.5583,dfs,2,TIMEOUT,2000.0215,81123000,1180,0,,,
935,1,r2000,1573,3736,T1-3,848,4465,148.5583,astar,2,SUCCESS,0.0714,6,6,,250.9899,2392 1478 10315,
936,1,r2000,1573,3736,T1-3,848,4465,148.5583,dijkstra,2,SUCCESS,0.0433,14,14,,250.9899,2392 1478 10315,
937,1,r2000,1573,3736,T1-3,848,4465,148.5583,astar,3,SUCCESS,0.037,6,6,,250.9899,2392 1478 10315,
938,1,r2000,1573,3736,T1-3,848,4465,148.5583,dijkstra,3,SUCCESS,0.0427,14,14,,250.9899,2392 1478 10315,
939,1,r2000,1573,3736,T1-3,848,4465,148.5583,dfs,3,TIMEOUT,2000.0233,82547000,1180,0,,,
940,1,r2000,1573,3736,T1-3,848,4465,148.5583,dijkstra,4,SUCCESS,0.1375,14,14,,250.9899,2392 1478 10315,
941,1,r2000,1573,3736,T1-3,848,4465,148.5583,dfs,4,TIMEOUT,2000.015,81990000,1180,0,,,
942,1,r2000,1573,3736,T1-3,848,4465,148.5583,astar,4,SUCCESS,0.0702,6,6,,250.9899,2392 1478 10315,
943,1,r2000,1573,3736,T1-3,848,4465,148.5583,dfs,5,TIMEOUT,2000.0256,82274000,1180,0,,,
944,1,r2000,1573,3736,T1-3,848,4465,148.5583,dijkstra,5,SUCCESS,0.0855,14,14,,250.9899,2392 1478 10315,
945,1,r2000,1573,3736,T1-3,848,4465,148.5583,astar,5,SUCCESS,0.0371,6,6,,250.9899,2392 1478 10315,
946,1,r2000,1573,3736,T1-4,846,848,20.6097,dfs,1,TIMEOUT,2000.0127,81781000,1180,2,,,
947,1,r2000,1573,3736,T1-4,846,848,20.6097,astar,1,SUCCESS,0.0657,2,2,,20.6194,1477,
948,1,r2000,1573,3736,T1-4,846,848,20.6097,dijkstra,1,SUCCESS,0.0318,2,2,,20.6194,1477,
949,1,r2000,1573,3736,T1-4,846,848,20.6097,dijkstra,2,SUCCESS,0.029,2,2,,20.6194,1477,
950,1,r2000,1573,3736,T1-4,846,848,20.6097,dfs,2,TIMEOUT,2000.0128,81869000,1180,2,,,
951,1,r2000,1573,3736,T1-4,846,848,20.6097,astar,2,SUCCESS,0.0658,2,2,,20.6194,1477,
952,1,r2000,1573,3736,T1-4,846,848,20.6097,dijkstra,3,SUCCESS,0.0392,2,2,,20.6194,1477,
953,1,r2000,1573,3736,T1-4,846,848,20.6097,dfs,3,TIMEOUT,2000.0289,81402000,1180,2,,,
954,1,r2000,1573,3736,T1-4,846,848,20.6097,astar,3,SUCCESS,0.0946,2,2,,20.6194,1477,
955,1,r2000,1573,3736,T1-4,846,848,20.6097,dijkstra,4,SUCCESS,0.0299,2,2,,20.6194,1477,
956,1,r2000,1573,3736,T1-4,846,848,20.6097,astar,4,SUCCESS,0.0289,2,2,,20.6194,1477,
957,1,r2000,1573,3736,T1-4,846,848,20.6097,dfs,4,TIMEOUT,2000.025,82459000,1180,2,,,
958,1,r2000,1573,3736,T1-4,846,848,20.6097,astar,5,SUCCESS,0.062,2,2,,20.6194,1477,
959,1,r2000,1573,3736,T1-4,846,848,20.6097,dijkstra,5,SUCCESS,0.0552,2,2,,20.6194,1477,
960,1,r2000,1573,3736,T1-4,846,848,20.6097,dfs,5,TIMEOUT,2000.0224,80331000,1180,2,,,
961,1,r2000,1573,3736,T1-5,856,848,174.1771,astar,1,SUCCESS,0.0591,8,8,,209.9249,4295 4955 4958 4960 2395,
962,1,r2000,1573,3736,T1-5,856,848,174.1771,dfs,1,TIMEOUT,2000.0204,81956000,1170,1,,,
963,1,r2000,1573,3736,T1-5,856,848,174.1771,dijkstra,1,SUCCESS,0.0728,12,12,,209.9249,4295 4955 4958 4960 2395,
964,1,r2000,1573,3736,T1-5,856,848,174.1771,astar,2,SUCCESS,0.0396,8,8,,209.9249,4295 4955 4958 4960 2395,
965,1,r2000,1573,3736,T1-5,856,848,174.1771,dijkstra,2,SUCCESS,0.0403,12,12,,209.9249,4295 4955 4958 4960 2395,
966,1,r2000,1573,3736,T1-5,856,848,174.1771,dfs,2,TIMEOUT,2000.0256,81172000,1170,1,,,
967,1,r2000,1573,3736,T1-5,856,848,174.1771,dijkstra,3,SUCCESS,0.07,12,12,,209.9249,4295 4955 4958 4960 2395,
968,1,r2000,1573,3736,T1-5,856,848,174.1771,dfs,3,TIMEOUT,2000.0171,81407000,1170,1,,,
969,1,r2000,1573,3736,T1-5,856,848,174.1771,astar,3,SUCCESS,0.0738,8,8,,209.9249,4295 4955 4958 4960 2395,
970,1,r2000,1573,3736,T1-5,856,848,174.1771,astar,4,SUCCESS,0.0402,8,8,,209.9249,4295 4955 4958 4960 2395,
971,1,r2000,1573,3736,T1-5,856,848,174.1771,dfs,4,TIMEOUT,2000.0125,81586000,1170,1,,,
972,1,r2000,1573,3736,T1-5,856,848,174.1771,dijkstra,4,SUCCESS,0.1632,12,12,,209.9249,4295 4955 4958 4960 2395,
973,1,r2000,1573,3736,T1-5,856,848,174.1771,dfs,5,TIMEOUT,2000.0158,81585000,1170,1,,,
974,1,r2000,1573,3736,T1-5,856,848,174.1771,dijkstra,5,SUCCESS,0.1064,12,12,,209.9249,4295 4955 4958 4960 2395,
975,1,r2000,1573,3736,T1-5,856,848,174.1771,astar,5,SUCCESS,0.0407,8,8,,209.9249,4295 4955 4958 4960 2395,
976,1,r3000,2455,5833,T1-1,4466,2275,174.1157,dfs,1,TIMEOUT,2000.0163,87246000,1110,2,,,
977,1,r3000,2455,5833,T1-1,4466,2275,174.1157,astar,1,SUCCESS,0.0836,6,6,,264.99,10321 10314 10313 1489 4295,
978,1,r3000,2455,5833,T1-1,4466,2275,174.1157,dijkstra,1,SUCCESS,0.035,7,7,,264.99,10321 10314 10313 1489 4295,
979,1,r3000,2455,5833,T1-1,4466,2275,174.1157,dfs,2,TIMEOUT,2000.0174,86552000,1110,2,,,
980,1,r3000,2455,5833,T1-1,4466,2275,174.1157,dijkstra,2,SUCCESS,0.069,7,7,,264.99,10321 10314 10313 1489 4295,
981,1,r3000,2455,5833,T1-1,4466,2275,174.1157,astar,2,SUCCESS,0.0405,6,6,,264.99,10321 10314 10313 1489 4295,
982,1,r3000,2455,5833,T1-1,4466,2275,174.1157,dfs,3,TIMEOUT,2000.0144,86373000,1110,2,,,
983,1,r3000,2455,5833,T1-1,4466,2275,174.1157,astar,3,SUCCESS,0.0989,6,6,,264.99,10321 10314 10313 1489 4295,
984,1,r3000,2455,5833,T1-1,4466,2275,174.1157,dijkstra,3,SUCCESS,0.043,7,7,,264.99,10321 10314 10313 1489 4295,
985,1,r3000,2455,5833,T1-1,4466,2275,174.1157,astar,4,SUCCESS,0.0368,6,6,,264.99,10321 10314 10313 1489 4295,
986,1,r3000,2455,5833,T1-1,4466,2275,174.1157,dijkstra,4,SUCCESS,0.0342,7,7,,264.99,10321 10314 10313 1489 4295,
987,1,r3000,2455,5833,T1-1,4466,2275,174.1157,dfs,4,TIMEOUT,2000.0271,87349000,1110,2,,,
988,1,r3000,2455,5833,T1-1,4466,2275,174.1157,dfs,5,TIMEOUT,2000.0195,87089000,1110,2,,,
989,1,r3000,2455,5833,T1-1,4466,2275,174.1157,astar,5,SUCCESS,0.0695,6,6,,264.99,10321 10314 10313 1489 4295,
990,1,r3000,2455,5833,T1-1,4466,2275,174.1157,dijkstra,5,SUCCESS,0.0361,7,7,,264.99,10321 10314 10313 1489 4295,
991,1,r3000,2455,5833,T1-2,4465,4466,170.3618,astar,1,SUCCESS,0.0578,3,3,,221.081,10603 10317,
992,1,r3000,2455,5833,T1-2,4465,4466,170.3618,dijkstra,1,SUCCESS,0.0383,6,6,,221.081,10603 10317,
993,1,r3000,2455,5833,T1-2,4465,4466,170.3618,dfs,1,TIMEOUT,2000.0191,86974000,1110,0,,,
994,1,r3000,2455,5833,T1-2,4465,4466,170.3618,astar,2,SUCCESS,0.0669,3,3,,221.081,10603 10317,
995,1,r3000,2455,5833,T1-2,4465,4466,170.3618,dijkstra,2,SUCCESS,0.0345,6,6,,221.081,10603 10317,
996,1,r3000,2455,5833,T1-2,4465,4466,170.3618,dfs,2,TIMEOUT,2000.0133,87373000,1110,0,,,
997,1,r3000,2455,5833,T1-2,4465,4466,170.3618,dfs,3,TIMEOUT,2000.0335,86935000,1110,0,,,
998,1,r3000,2455,5833,T1-2,4465,4466,170.3618,dijkstra,3,SUCCESS,0.0714,6,6,,221.081,10603 10317,
999,1,r3000,2455,5833,T1-2,4465,4466,170.3618,astar,3,SUCCESS,0.0353,3,3,,221.081,10603 10317,
1000,1,r3000,2455,5833,T1-2,4465,4466,170.3618,astar,4,SUCCESS,0.0308,3,3,,221.081,10603 10317,
1001,1,r3000,2455,5833,T1-2,4465,4466,170.3618,dfs,4,TIMEOUT,2000.0276,87095000,1110,0,,,
1002,1,r3000,2455,5833,T1-2,4465,4466,170.3618,dijkstra,4,SUCCESS,0.112,6,6,,221.081,10603 10317,
1003,1,r3000,2455,5833,T1-2,4465,4466,170.3618,astar,5,SUCCESS,0.0676,3,3,,221.081,10603 10317,
1004,1,r3000,2455,5833,T1-2,4465,4466,170.3618,dfs,5,TIMEOUT,2000.0595,86716000,1110,0,,,
1005,1,r3000,2455,5833,T1-2,4465,4466,170.3618,dijkstra,5,SUCCESS,0.0699,6,6,,221.081,10603 10317,
1006,1,r3000,2455,5833,T1-3,848,4465,148.5583,dfs,1,TIMEOUT,2000.0458,87156000,1108,0,,,
1007,1,r3000,2455,5833,T1-3,848,4465,148.5583,dijkstra,1,SUCCESS,0.0787,14,14,,250.9899,2392 1478 10315,
1008,1,r3000,2455,5833,T1-3,848,4465,148.5583,astar,1,SUCCESS,0.0409,6,6,,250.9899,2392 1478 10315,
1009,1,r3000,2455,5833,T1-3,848,4465,148.5583,dfs,2,TIMEOUT,2000.0233,87095000,1108,0,,,
1010,1,r3000,2455,5833,T1-3,848,4465,148.5583,dijkstra,2,SUCCESS,0.075,14,14,,250.9899,2392 1478 10315,
1011,1,r3000,2455,5833,T1-3,848,4465,148.5583,astar,2,SUCCESS,0.0521,6,6,,250.9899,2392 1478 10315,
1012,1,r3000,2455,5833,T1-3,848,4465,148.5583,astar,3,SUCCESS,0.0346,6,6,,250.9899,2392 1478 10315,
1013,1,r3000,2455,5833,T1-3,848,4465,148.5583,dijkstra,3,SUCCESS,0.0386,14,14,,250.9899,2392 1478 10315,
1014,1,r3000,2455,5833,T1-3,848,4465,148.5583,dfs,3,TIMEOUT,2000.016,87251000,1108,0,,,
1015,1,r3000,2455,5833,T1-3,848,4465,148.5583,astar,4,SUCCESS,0.068,6,6,,250.9899,2392 1478 10315,
1016,1,r3000,2455,5833,T1-3,848,4465,148.5583,dfs,4,TIMEOUT,2000.0234,86797000,1108,0,,,
1017,1,r3000,2455,5833,T1-3,848,4465,148.5583,dijkstra,4,SUCCESS,0.1292,14,14,,250.9899,2392 1478 10315,
1018,1,r3000,2455,5833,T1-3,848,4465,148.5583,dfs,5,TIMEOUT,2000.02,87605000,1108,0,,,
1019,1,r3000,2455,5833,T1-3,848,4465,148.5583,dijkstra,5,SUCCESS,0.0744,14,14,,250.9899,2392 1478 10315,
1020,1,r3000,2455,5833,T1-3,848,4465,148.5583,astar,5,SUCCESS,0.0403,6,6,,250.9899,2392 1478 10315,
1021,1,r3000,2455,5833,T1-4,846,848,20.6097,dijkstra,1,SUCCESS,0.0617,2,2,,20.6194,1477,
1022,1,r3000,2455,5833,T1-4,846,848,20.6097,astar,1,SUCCESS,0.0744,2,2,,20.6194,1477,
1023,1,r3000,2455,5833,T1-4,846,848,20.6097,dfs,1,TIMEOUT,2000.0202,87813000,1108,2,,,
1024,1,r3000,2455,5833,T1-4,846,848,20.6097,astar,2,SUCCESS,0.0929,2,2,,20.6194,1477,
1025,1,r3000,2455,5833,T1-4,846,848,20.6097,dijkstra,2,SUCCESS,0.0434,2,2,,20.6194,1477,
1026,1,r3000,2455,5833,T1-4,846,848,20.6097,dfs,2,TIMEOUT,2000.029,87005000,1108,2,,,
1027,1,r3000,2455,5833,T1-4,846,848,20.6097,dfs,3,TIMEOUT,2000.0204,86414000,1108,2,,,
1028,1,r3000,2455,5833,T1-4,846,848,20.6097,dijkstra,3,SUCCESS,0.063,2,2,,20.6194,1477,
1029,1,r3000,2455,5833,T1-4,846,848,20.6097,astar,3,SUCCESS,0.0363,2,2,,20.6194,1477,
1030,1,r3000,2455,5833,T1-4,846,848,20.6097,dfs,4,TIMEOUT,2000.0319,87319000,1108,2,,,
1031,1,r3000,2455,5833,T1-4,846,848,20.6097,astar,4,SUCCESS,0.0641,2,2,,20.6194,1477,
1032,1,r3000,2455,5833,T1-4,846,848,20.6097,dijkstra,4,SUCCESS,0.0309,2,2,,20.6194,1477,
1033,1,r3000,2455,5833,T1-4,846,848,20.6097,dfs,5,TIMEOUT,2000.039,86006000,1108,2,,,
1034,1,r3000,2455,5833,T1-4,846,848,20.6097,dijkstra,5,SUCCESS,0.0657,2,2,,20.6194,1477,
1035,1,r3000,2455,5833,T1-4,846,848,20.6097,astar,5,SUCCESS,0.0336,2,2,,20.6194,1477,
1036,1,r3000,2455,5833,T1-5,856,848,174.1771,dijkstra,1,SUCCESS,0.0509,12,12,,209.9249,4295 4955 4958 4960 2395,
1037,1,r3000,2455,5833,T1-5,856,848,174.1771,astar,1,SUCCESS,0.0387,8,8,,209.9249,4295 4955 4958 4960 2395,
1038,1,r3000,2455,5833,T1-5,856,848,174.1771,dfs,1,TIMEOUT,2000.0208,87509000,1098,1,,,
1039,1,r3000,2455,5833,T1-5,856,848,174.1771,astar,2,SUCCESS,0.071,8,8,,209.9249,4295 4955 4958 4960 2395,
1040,1,r3000,2455,5833,T1-5,856,848,174.1771,dijkstra,2,SUCCESS,0.0386,12,12,,209.9249,4295 4955 4958 4960 2395,
1041,1,r3000,2455,5833,T1-5,856,848,174.1771,dfs,2,TIMEOUT,2000.0344,86222000,1098,1,,,
1042,1,r3000,2455,5833,T1-5,856,848,174.1771,astar,3,SUCCESS,0.0716,8,8,,209.9249,4295 4955 4958 4960 2395,
1043,1,r3000,2455,5833,T1-5,856,848,174.1771,dijkstra,3,SUCCESS,0.0646,12,12,,209.9249,4295 4955 4958 4960 2395,
1044,1,r3000,2455,5833,T1-5,856,848,174.1771,dfs,3,TIMEOUT,2000.0188,85466000,1098,1,,,
1045,1,r3000,2455,5833,T1-5,856,848,174.1771,astar,4,SUCCESS,0.0755,8,8,,209.9249,4295 4955 4958 4960 2395,
1046,1,r3000,2455,5833,T1-5,856,848,174.1771,dijkstra,4,SUCCESS,0.0583,12,12,,209.9249,4295 4955 4958 4960 2395,
1047,1,r3000,2455,5833,T1-5,856,848,174.1771,dfs,4,TIMEOUT,2000.0311,87594000,1098,1,,,
1048,1,r3000,2455,5833,T1-5,856,848,174.1771,astar,5,SUCCESS,0.0815,8,8,,209.9249,4295 4955 4958 4960 2395,
1049,1,r3000,2455,5833,T1-5,856,848,174.1771,dfs,5,TIMEOUT,2000.0297,86901000,1098,1,,,
1050,1,r3000,2455,5833,T1-5,856,848,174.1771,dijkstra,5,SUCCESS,0.1186,12,12,,209.9249,4295 4955 4958 4960 2395,
1051,1,r5000,4006,9689,T1-1,4466,2275,174.1157,dijkstra,1,SUCCESS,0.0604,7,7,,264.99,10321 10314 10313 1489 4295,
1052,1,r5000,4006,9689,T1-1,4466,2275,174.1157,astar,1,SUCCESS,0.0383,6,6,,264.99,10321 10314 10313 1489 4295,
1053,1,r5000,4006,9689,T1-1,4466,2275,174.1157,dfs,1,TIMEOUT,2000.0338,83245000,1602,2,,,
1054,1,r5000,4006,9689,T1-1,4466,2275,174.1157,astar,2,SUCCESS,0.0686,6,6,,264.99,10321 10314 10313 1489 4295,
1055,1,r5000,4006,9689,T1-1,4466,2275,174.1157,dijkstra,2,SUCCESS,0.0633,7,7,,264.99,10321 10314 10313 1489 4295,
1056,1,r5000,4006,9689,T1-1,4466,2275,174.1157,dfs,2,TIMEOUT,2000.0179,84132000,1602,2,,,
1057,1,r5000,4006,9689,T1-1,4466,2275,174.1157,dijkstra,3,SUCCESS,0.0707,7,7,,264.99,10321 10314 10313 1489 4295,
1058,1,r5000,4006,9689,T1-1,4466,2275,174.1157,astar,3,SUCCESS,0.0435,6,6,,264.99,10321 10314 10313 1489 4295,
1059,1,r5000,4006,9689,T1-1,4466,2275,174.1157,dfs,3,TIMEOUT,2000.0193,84536000,1602,2,,,
1060,1,r5000,4006,9689,T1-1,4466,2275,174.1157,astar,4,SUCCESS,0.0712,6,6,,264.99,10321 10314 10313 1489 4295,
1061,1,r5000,4006,9689,T1-1,4466,2275,174.1157,dfs,4,TIMEOUT,2000.0288,82053000,1602,2,,,
1062,1,r5000,4006,9689,T1-1,4466,2275,174.1157,dijkstra,4,SUCCESS,0.0737,7,7,,264.99,10321 10314 10313 1489 4295,
1063,1,r5000,4006,9689,T1-1,4466,2275,174.1157,dfs,5,TIMEOUT,2000.0275,83082000,1602,2,,,
1064,1,r5000,4006,9689,T1-1,4466,2275,174.1157,astar,5,SUCCESS,0.09,6,6,,264.99,10321 10314 10313 1489 4295,
1065,1,r5000,4006,9689,T1-1,4466,2275,174.1157,dijkstra,5,SUCCESS,0.0407,7,7,,264.99,10321 10314 10313 1489 4295,
1066,1,r5000,4006,9689,T1-2,4465,4466,170.3618,astar,1,SUCCESS,0.0673,3,3,,221.081,10603 10317,
1067,1,r5000,4006,9689,T1-2,4465,4466,170.3618,dijkstra,1,SUCCESS,0.039,6,6,,221.081,10603 10317,
1068,1,r5000,4006,9689,T1-2,4465,4466,170.3618,dfs,1,TIMEOUT,2000.0209,83503000,1602,0,,,
1069,1,r5000,4006,9689,T1-2,4465,4466,170.3618,dijkstra,2,SUCCESS,0.0709,6,6,,221.081,10603 10317,
1070,1,r5000,4006,9689,T1-2,4465,4466,170.3618,dfs,2,TIMEOUT,2000.0513,83886000,1602,0,,,
1071,1,r5000,4006,9689,T1-2,4465,4466,170.3618,astar,2,SUCCESS,0.0713,3,3,,221.081,10603 10317,
1072,1,r5000,4006,9689,T1-2,4465,4466,170.3618,astar,3,SUCCESS,0.0376,3,3,,221.081,10603 10317,
1073,1,r5000,4006,9689,T1-2,4465,4466,170.3618,dfs,3,TIMEOUT,2000.0218,83924000,1602,0,,,
1074,1,r5000,4006,9689,T1-2,4465,4466,170.3618,dijkstra,3,SUCCESS,0.0709,6,6,,221.081,10603 10317,
1075,1,r5000,4006,9689,T1-2,4465,4466,170.3618,dfs,4,TIMEOUT,2000.0148,83866000,1602,0,,,
1076,1,r5000,4006,9689,T1-2,4465,4466,170.3618,astar,4,SUCCESS,0.0666,3,3,,221.081,10603 10317,
1077,1,r5000,4006,9689,T1-2,4465,4466,170.3618,dijkstra,4,SUCCESS,0.041,6,6,,221.081,10603 10317,
1078,1,r5000,4006,9689,T1-2,4465,4466,170.3618,dijkstra,5,SUCCESS,0.0362,6,6,,221.081,10603 10317,
1079,1,r5000,4006,9689,T1-2,4465,4466,170.3618,dfs,5,TIMEOUT,2000.0265,83673000,1602,0,,,
1080,1,r5000,4006,9689,T1-2,4465,4466,170.3618,astar,5,SUCCESS,0.0674,3,3,,221.081,10603 10317,
1081,1,r5000,4006,9689,T1-3,848,4465,148.5583,dfs,1,TIMEOUT,2000.0445,83665000,1600,0,,,
1082,1,r5000,4006,9689,T1-3,848,4465,148.5583,dijkstra,1,SUCCESS,0.0764,14,14,,250.9899,2392 1478 10315,
1083,1,r5000,4006,9689,T1-3,848,4465,148.5583,astar,1,SUCCESS,0.0434,6,6,,250.9899,2392 1478 10315,
1084,1,r5000,4006,9689,T1-3,848,4465,148.5583,dijkstra,2,SUCCESS,0.0932,14,14,,250.9899,2392 1478 10315,
1085,1,r5000,4006,9689,T1-3,848,4465,148.5583,dfs,2,TIMEOUT,2000.0123,81960000,1600,0,,,
1086,1,r5000,4006,9689,T1-3,848,4465,148.5583,astar,2,SUCCESS,0.075,6,6,,250.9899,2392 1478 10315,
1087,1,r5000,4006,9689,T1-3,848,4465,148.5583,astar,3,SUCCESS,0.0378,6,6,,250.9899,2392 1478 10315,
1088,1,r5000,4006,9689,T1-3,848,4465,148.5583,dfs,3,TIMEOUT,2000.0178,83080000,1600,0,,,
1089,1,r5000,4006,9689,T1-3,848,4465,148.5583,dijkstra,3,SUCCESS,0.0779,14,14,,250.9899,2392 1478 10315,
1090,1,r5000,4006,9689,T1-3,848,4465,148.5583,dijkstra,4,SUCCESS,0.0497,14,14,,250.9899,2392 1478 10315,
1091,1,r5000,4006,9689,T1-3,848,4465,148.5583,astar,4,SUCCESS,0.0387,6,6,,250.9899,2392 1478 10315,
1092,1,r5000,4006,9689,T1-3,848,4465,148.5583,dfs,4,TIMEOUT,2000.0235,83560000,1600,0,,,
1093,1,r5000,4006,9689,T1-3,848,4465,148.5583,dijkstra,5,SUCCESS,0.0739,14,14,,250.9899,2392 1478 10315,
1094,1,r5000,4006,9689,T1-3,848,4465,148.5583,astar,5,SUCCESS,0.0421,6,6,,250.9899,2392 1478 10315,
1095,1,r5000,4006,9689,T1-3,848,4465,148.5583,dfs,5,TIMEOUT,2000.0264,83952000,1600,0,,,
1096,1,r5000,4006,9689,T1-4,846,848,20.6097,dfs,1,TIMEOUT,2000.114,32736000,1600,2,,,
1097,1,r5000,4006,9689,T1-4,846,848,20.6097,astar,1,SUCCESS,0.1852,2,2,,20.6194,1477,
1098,1,r5000,4006,9689,T1-4,846,848,20.6097,dijkstra,1,SUCCESS,0.1087,2,2,,20.6194,1477,
1099,1,r5000,4006,9689,T1-4,846,848,20.6097,dfs,2,TIMEOUT,2000.0285,30184000,1600,2,,,
1100,1,r5000,4006,9689,T1-4,846,848,20.6097,dijkstra,2,SUCCESS,0.1789,2,2,,20.6194,1477,
1101,1,r5000,4006,9689,T1-4,846,848,20.6097,astar,2,SUCCESS,0.1073,2,2,,20.6194,1477,
1102,1,r5000,4006,9689,T1-4,846,848,20.6097,dfs,3,TIMEOUT,2000.0575,30378000,1600,2,,,
1103,1,r5000,4006,9689,T1-4,846,848,20.6097,dijkstra,3,SUCCESS,0.1721,2,2,,20.6194,1477,
1104,1,r5000,4006,9689,T1-4,846,848,20.6097,astar,3,SUCCESS,0.103,2,2,,20.6194,1477,
1105,1,r5000,4006,9689,T1-4,846,848,20.6097,dijkstra,4,SUCCESS,0.0889,2,2,,20.6194,1477,
1106,1,r5000,4006,9689,T1-4,846,848,20.6097,astar,4,SUCCESS,0.0816,2,2,,20.6194,1477,
1107,1,r5000,4006,9689,T1-4,846,848,20.6097,dfs,4,TIMEOUT,2000.0597,29810000,1600,2,,,
1108,1,r5000,4006,9689,T1-4,846,848,20.6097,dfs,5,TIMEOUT,2000.0666,30266000,1600,2,,,
1109,1,r5000,4006,9689,T1-4,846,848,20.6097,astar,5,SUCCESS,0.1773,2,2,,20.6194,1477,
1110,1,r5000,4006,9689,T1-4,846,848,20.6097,dijkstra,5,SUCCESS,0.1181,2,2,,20.6194,1477,
1111,1,r5000,4006,9689,T1-5,856,848,174.1771,dijkstra,1,SUCCESS,0.1337,12,12,,209.9249,4295 4955 4958 4960 2395,
1112,1,r5000,4006,9689,T1-5,856,848,174.1771,astar,1,SUCCESS,0.0921,8,8,,209.9249,4295 4955 4958 4960 2395,
1113,1,r5000,4006,9689,T1-5,856,848,174.1771,dfs,1,TIMEOUT,2000.0267,27921000,1590,1,,,
1114,1,r5000,4006,9689,T1-5,856,848,174.1771,astar,2,SUCCESS,0.2018,8,8,,209.9249,4295 4955 4958 4960 2395,
1115,1,r5000,4006,9689,T1-5,856,848,174.1771,dfs,2,TIMEOUT,2000.0503,28438000,1590,1,,,
1116,1,r5000,4006,9689,T1-5,856,848,174.1771,dijkstra,2,SUCCESS,0.1947,12,12,,209.9249,4295 4955 4958 4960 2395,
1117,1,r5000,4006,9689,T1-5,856,848,174.1771,astar,3,SUCCESS,0.1766,8,8,,209.9249,4295 4955 4958 4960 2395,
1118,1,r5000,4006,9689,T1-5,856,848,174.1771,dijkstra,3,SUCCESS,0.1513,12,12,,209.9249,4295 4955 4958 4960 2395,
1119,1,r5000,4006,9689,T1-5,856,848,174.1771,dfs,3,TIMEOUT,2000.046,28094000,1590,1,,,
1120,1,r5000,4006,9689,T1-5,856,848,174.1771,dijkstra,4,SUCCESS,0.1759,12,12,,209.9249,4295 4955 4958 4960 2395,
1121,1,r5000,4006,9689,T1-5,856,848,174.1771,dfs,4,TIMEOUT,2000.0517,29158000,1590,1,,,
1122,1,r5000,4006,9689,T1-5,856,848,174.1771,astar,4,SUCCESS,0.2036,8,8,,209.9249,4295 4955 4958 4960 2395,
1123,1,r5000,4006,9689,T1-5,856,848,174.1771,dfs,5,TIMEOUT,2000.0747,32979000,1590,1,,,
1124,1,r5000,4006,9689,T1-5,856,848,174.1771,astar,5,SUCCESS,0.1457,8,8,,209.9249,4295 4955 4958 4960 2395,
1125,1,r5000,4006,9689,T1-5,856,848,174.1771,dijkstra,5,SUCCESS,0.0992,12,12,,209.9249,4295 4955 4958 4960 2395,
1126,2,n10,10,16,T2-n10-1,848,4465,148.5583,dijkstra,1,SUCCESS,0.064,4,4,,250.9899,2392 1478 10315,
1127,2,n10,10,16,T2-n10-1,848,4465,148.5583,astar,1,SUCCESS,0.0642,4,4,,250.9899,2392 1478 10315,
1128,2,n10,10,16,T2-n10-1,848,4465,148.5583,dfs,1,SUCCESS,0.0197,10,10,1,250.9899,2392 1478 10315,
1129,2,n10,10,16,T2-n10-1,848,4465,148.5583,astar,2,SUCCESS,0.0805,4,4,,250.9899,2392 1478 10315,
1130,2,n10,10,16,T2-n10-1,848,4465,148.5583,dfs,2,SUCCESS,0.0824,10,10,1,250.9899,2392 1478 10315,
1131,2,n10,10,16,T2-n10-1,848,4465,148.5583,dijkstra,2,SUCCESS,0.1019,4,4,,250.9899,2392 1478 10315,
1132,2,n10,10,16,T2-n10-1,848,4465,148.5583,dfs,3,SUCCESS,0.0279,10,10,1,250.9899,2392 1478 10315,
1133,2,n10,10,16,T2-n10-1,848,4465,148.5583,astar,3,SUCCESS,0.0982,4,4,,250.9899,2392 1478 10315,
1134,2,n10,10,16,T2-n10-1,848,4465,148.5583,dijkstra,3,SUCCESS,0.0693,4,4,,250.9899,2392 1478 10315,
1135,2,n10,10,16,T2-n10-1,848,4465,148.5583,dijkstra,4,SUCCESS,0.0646,4,4,,250.9899,2392 1478 10315,
1136,2,n10,10,16,T2-n10-1,848,4465,148.5583,dfs,4,SUCCESS,0.0215,10,10,1,250.9899,2392 1478 10315,
1137,2,n10,10,16,T2-n10-1,848,4465,148.5583,astar,4,SUCCESS,0.0808,4,4,,250.9899,2392 1478 10315,
1138,2,n10,10,16,T2-n10-1,848,4465,148.5583,dijkstra,5,SUCCESS,0.0651,4,4,,250.9899,2392 1478 10315,
1139,2,n10,10,16,T2-n10-1,848,4465,148.5583,astar,5,SUCCESS,0.0653,4,4,,250.9899,2392 1478 10315,
1140,2,n10,10,16,T2-n10-1,848,4465,148.5583,dfs,5,SUCCESS,0.0227,10,10,1,250.9899,2392 1478 10315,
1141,2,n10,10,16,T2-n10-2,846,856,180.8024,astar,1,SUCCESS,0.069,6,6,,263.7534,1478 10314 10313 1489,
1142,2,n10,10,16,T2-n10-2,846,856,180.8024,dijkstra,1,SUCCESS,0.0677,7,7,,263.7534,1478 10314 10313 1489,
1143,2,n10,10,16,T2-n10-2,846,856,180.8024,dfs,1,SUCCESS,0.0179,8,8,1,263.7534,1478 10314 10313 1489,
1144,2,n10,10,16,T2-n10-2,846,856,180.8024,dijkstra,2,SUCCESS,0.085,7,7,,263.7534,1478 10314 10313 1489,
1145,2,n10,10,16,T2-n10-2,846,856,180.8024,dfs,2,SUCCESS,0.0282,8,8,1,263.7534,1478 10314 10313 1489,
1146,2,n10,10,16,T2-n10-2,846,856,180.8024,astar,2,SUCCESS,0.086,6,6,,263.7534,1478 10314 10313 1489,
1147,2,n10,10,16,T2-n10-2,846,856,180.8024,astar,3,SUCCESS,0.0728,6,6,,263.7534,1478 10314 10313 1489,
1148,2,n10,10,16,T2-n10-2,846,856,180.8024,dijkstra,3,SUCCESS,0.0716,7,7,,263.7534,1478 10314 10313 1489,
1149,2,n10,10,16,T2-n10-2,846,856,180.8024,dfs,3,SUCCESS,0.0294,8,8,1,263.7534,1478 10314 10313 1489,
1150,2,n10,10,16,T2-n10-2,846,856,180.8024,dfs,4,SUCCESS,0.0247,8,8,1,263.7534,1478 10314 10313 1489,
1151,2,n10,10,16,T2-n10-2,846,856,180.8024,astar,4,SUCCESS,0.0976,6,6,,263.7534,1478 10314 10313 1489,
1152,2,n10,10,16,T2-n10-2,846,856,180.8024,dijkstra,4,SUCCESS,0.0789,7,7,,263.7534,1478 10314 10313 1489,
1153,2,n10,10,16,T2-n10-2,846,856,180.8024,dfs,5,SUCCESS,0.0371,8,8,1,263.7534,1478 10314 10313 1489,
1154,2,n10,10,16,T2-n10-2,846,856,180.8024,astar,5,SUCCESS,0.0898,6,6,,263.7534,1478 10314 10313 1489,
1155,2,n10,10,16,T2-n10-2,846,856,180.8024,dijkstra,5,SUCCESS,0.1251,7,7,,263.7534,1478 10314 10313 1489,
1156,2,n10,10,16,T2-n10-3,849,2584,118.0303,dijkstra,1,SUCCESS,0.0962,10,10,,176.6349,10314 10313 1489 4295 4955,
1157,2,n10,10,16,T2-n10-3,849,2584,118.0303,dfs,1,SUCCESS,0.021,10,10,1,176.6349,10314 10313 1489 4295 4955,
1158,2,n10,10,16,T2-n10-3,849,2584,118.0303,astar,1,SUCCESS,0.0963,6,6,,176.6349,10314 10313 1489 4295 4955,
1159,2,n10,10,16,T2-n10-3,849,2584,118.0303,dfs,2,SUCCESS,0.0237,10,10,1,176.6349,10314 10313 1489 4295 4955,
1160,2,n10,10,16,T2-n10-3,849,2584,118.0303,dijkstra,2,SUCCESS,0.1307,10,10,,176.6349,10314 10313 1489 4295 4955,
1161,2,n10,10,16,T2-n10-3,849,2584,118.0303,astar,2,SUCCESS,0.0795,6,6,,176.6349,10314 10313 1489 4295 4955,
1162,2,n10,10,16,T2-n10-3,849,2584,118.0303,dfs,3,SUCCESS,0.0221,10,10,1,176.6349,10314 10313 1489 4295 4955,
1163,2,n10,10,16,T2-n10-3,849,2584,118.0303,dijkstra,3,SUCCESS,0.0745,10,10,,176.6349,10314 10313 1489 4295 4955,
1164,2,n10,10,16,T2-n10-3,849,2584,118.0303,astar,3,SUCCESS,0.1102,6,6,,176.6349,10314 10313 1489 4295 4955,
1165,2,n10,10,16,T2-n10-3,849,2584,118.0303,dfs,4,SUCCESS,0.0252,10,10,1,176.6349,10314 10313 1489 4295 4955,
1166,2,n10,10,16,T2-n10-3,849,2584,118.0303,astar,4,SUCCESS,0.0795,6,6,,176.6349,10314 10313 1489 4295 4955,
1167,2,n10,10,16,T2-n10-3,849,2584,118.0303,dijkstra,4,SUCCESS,0.0602,10,10,,176.6349,10314 10313 1489 4295 4955,
1168,2,n10,10,16,T2-n10-3,849,2584,118.0303,astar,5,SUCCESS,0.0829,6,6,,176.6349,10314 10313 1489 4295 4955,
1169,2,n10,10,16,T2-n10-3,849,2584,118.0303,dfs,5,SUCCESS,0.0223,10,10,1,176.6349,10314 10313 1489 4295 4955,
1170,2,n10,10,16,T2-n10-3,849,2584,118.0303,dijkstra,5,SUCCESS,0.1025,10,10,,176.6349,10314 10313 1489 4295 4955,
1171,2,n10,10,16,T2-n10-4,2585,4466,164.5544,astar,1,SUCCESS,0.0769,6,6,,232.2804,10312 10317,
1172,2,n10,10,16,T2-n10-4,2585,4466,164.5544,dijkstra,1,SUCCESS,0.0846,8,8,,232.2804,10312 10317,
1173,2,n10,10,16,T2-n10-4,2585,4466,164.5544,dfs,1,SUCCESS,0.0212,10,10,1,232.2804,10312 10317,
1174,2,n10,10,16,T2-n10-4,2585,4466,164.5544,astar,2,SUCCESS,0.0998,6,6,,232.2804,10312 10317,
1175,2,n10,10,16,T2-n10-4,2585,4466,164.5544,dfs,2,SUCCESS,0.0187,10,10,1,232.2804,10312 10317,
1176,2,n10,10,16,T2-n10-4,2585,4466,164.5544,dijkstra,2,SUCCESS,0.1145,8,8,,232.2804,10312 10317,
1177,2,n10,10,16,T2-n10-4,2585,4466,164.5544,dijkstra,3,SUCCESS,0.0951,8,8,,232.2804,10312 10317,
1178,2,n10,10,16,T2-n10-4,2585,4466,164.5544,dfs,3,SUCCESS,0.0264,10,10,1,232.2804,10312 10317,
1179,2,n10,10,16,T2-n10-4,2585,4466,164.5544,astar,3,SUCCESS,0.0826,6,6,,232.2804,10312 10317,
1180,2,n10,10,16,T2-n10-4,2585,4466,164.5544,dijkstra,4,SUCCESS,0.0844,8,8,,232.2804,10312 10317,
1181,2,n10,10,16,T2-n10-4,2585,4466,164.5544,dfs,4,SUCCESS,0.0235,10,10,1,232.2804,10312 10317,
1182,2,n10,10,16,T2-n10-4,2585,4466,164.5544,astar,4,SUCCESS,0.0928,6,6,,232.2804,10312 10317,
1183,2,n10,10,16,T2-n10-4,2585,4466,164.5544,dijkstra,5,SUCCESS,0.0727,8,8,,232.2804,10312 10317,
1184,2,n10,10,16,T2-n10-4,2585,4466,164.5544,dfs,5,SUCCESS,0.0215,10,10,1,232.2804,10312 10317,
1185,2,n10,10,16,T2-n10-4,2585,4466,164.5544,astar,5,SUCCESS,0.0805,6,6,,232.2804,10312 10317,
1186,2,n10,10,16,T2-n10-5,4466,849,129.1162,astar,1,SUCCESS,0.056,2,2,,129.1158,10321,
1187,2,n10,10,16,T2-n10-5,4466,849,129.1162,dfs,1,SUCCESS,0.0189,2,2,1,129.1158,10321,
1188,2,n10,10,16,T2-n10-5,4466,849,129.1162,dijkstra,1,SUCCESS,0.0543,2,2,,129.1158,10321,
1189,2,n10,10,16,T2-n10-5,4466,849,129.1162,dijkstra,2,SUCCESS,0.0568,2,2,,129.1158,10321,
1190,2,n10,10,16,T2-n10-5,4466,849,129.1162,dfs,2,SUCCESS,0.0188,2,2,1,129.1158,10321,
1191,2,n10,10,16,T2-n10-5,4466,849,129.1162,astar,2,SUCCESS,0.0634,2,2,,129.1158,10321,
1192,2,n10,10,16,T2-n10-5,4466,849,129.1162,astar,3,SUCCESS,0.059,2,2,,129.1158,10321,
1193,2,n10,10,16,T2-n10-5,4466,849,129.1162,dijkstra,3,SUCCESS,0.0558,2,2,,129.1158,10321,
1194,2,n10,10,16,T2-n10-5,4466,849,129.1162,dfs,3,SUCCESS,0.0202,2,2,1,129.1158,10321,
1195,2,n10,10,16,T2-n10-5,4466,849,129.1162,dijkstra,4,SUCCESS,0.0774,2,2,,129.1158,10321,
1196,2,n10,10,16,T2-n10-5,4466,849,129.1162,dfs,4,SUCCESS,0.0197,2,2,1,129.1158,10321,
1197,2,n10,10,16,T2-n10-5,4466,849,129.1162,astar,4,SUCCESS,0.0573,2,2,,129.1158,10321,
1198,2,n10,10,16,T2-n10-5,4466,849,129.1162,astar,5,SUCCESS,0.0565,2,2,,129.1158,10321,
1199,2,n10,10,16,T2-n10-5,4466,849,129.1162,dfs,5,SUCCESS,0.0197,2,2,1,129.1158,10321,
1200,2,n10,10,16,T2-n10-5,4466,849,129.1162,dijkstra,5,SUCCESS,0.0671,2,2,,129.1158,10321,
1201,2,n10,10,16,T2-n10-6,4465,856,188.509,dfs,1,SUCCESS,0.0184,8,8,1,217.3132,10603 10314 10313 1489,
1202,2,n10,10,16,T2-n10-6,4465,856,188.509,dijkstra,1,SUCCESS,0.0657,5,5,,217.3132,10603 10314 10313 1489,
1203,2,n10,10,16,T2-n10-6,4465,856,188.509,astar,1,SUCCESS,0.0696,5,5,,217.3132,10603 10314 10313 1489,
1204,2,n10,10,16,T2-n10-6,4465,856,188.509,dijkstra,2,SUCCESS,0.0727,5,5,,217.3132,10603 10314 10313 1489,
1205,2,n10,10,16,T2-n10-6,4465,856,188.509,astar,2,SUCCESS,0.0788,5,5,,217.3132,10603 10314 10313 1489,
1206,2,n10,10,16,T2-n10-6,4465,856,188.509,dfs,2,SUCCESS,0.0217,8,8,1,217.3132,10603 10314 10313 1489,
1207,2,n10,10,16,T2-n10-6,4465,856,188.509,dfs,3,SUCCESS,0.0197,8,8,1,217.3132,10603 10314 10313 1489,
1208,2,n10,10,16,T2-n10-6,4465,856,188.509,dijkstra,3,SUCCESS,0.097,5,5,,217.3132,10603 10314 10313 1489,
1209,2,n10,10,16,T2-n10-6,4465,856,188.509,astar,3,SUCCESS,0.0711,5,5,,217.3132,10603 10314 10313 1489,
1210,2,n10,10,16,T2-n10-6,4465,856,188.509,astar,4,SUCCESS,0.0679,5,5,,217.3132,10603 10314 10313 1489,
1211,2,n10,10,16,T2-n10-6,4465,856,188.509,dfs,4,SUCCESS,0.0217,8,8,1,217.3132,10603 10314 10313 1489,
1212,2,n10,10,16,T2-n10-6,4465,856,188.509,dijkstra,4,SUCCESS,0.0672,5,5,,217.3132,10603 10314 10313 1489,
1213,2,n10,10,16,T2-n10-6,4465,856,188.509,astar,5,SUCCESS,0.0709,5,5,,217.3132,10603 10314 10313 1489,
1214,2,n10,10,16,T2-n10-6,4465,856,188.509,dijkstra,5,SUCCESS,0.0649,5,5,,217.3132,10603 10314 10313 1489,
1215,2,n10,10,16,T2-n10-6,4465,856,188.509,dfs,5,SUCCESS,0.0185,8,8,1,217.3132,10603 10314 10313 1489,
1216,2,n10,10,16,T2-n10-7,4465,846,132.1125,astar,1,SUCCESS,0.066,3,3,,230.3705,10603 10316,
1217,2,n10,10,16,T2-n10-7,4465,846,132.1125,dfs,1,SUCCESS,0.0189,9,9,1,230.3705,10603 10316,
1218,2,n10,10,16,T2-n10-7,4465,846,132.1125,dijkstra,1,SUCCESS,0.0697,8,8,,230.3705,10603 10316,
1219,2,n10,10,16,T2-n10-7,4465,846,132.1125,dfs,2,SUCCESS,0.0186,9,9,1,230.3705,10603 10316,
1220,2,n10,10,16,T2-n10-7,4465,846,132.1125,astar,2,SUCCESS,0.076,3,3,,230.3705,10603 10316,
1221,2,n10,10,16,T2-n10-7,4465,846,132.1125,dijkstra,2,SUCCESS,0.0935,8,8,,230.3705,10603 10316,
1222,2,n10,10,16,T2-n10-7,4465,846,132.1125,astar,3,SUCCESS,0.0966,3,3,,230.3705,10603 10316,
1223,2,n10,10,16,T2-n10-7,4465,846,132.1125,dijkstra,3,SUCCESS,0.0718,8,8,,230.3705,10603 10316,
1224,2,n10,10,16,T2-n10-7,4465,846,132.1125,dfs,3,SUCCESS,0.0229,9,9,1,230.3705,10603 10316,
1225,2,n10,10,16,T2-n10-7,4465,846,132.1125,astar,4,SUCCESS,0.0679,3,3,,230.3705,10603 10316,
1226,2,n10,10,16,T2-n10-7,4465,846,132.1125,dijkstra,4,SUCCESS,0.0725,8,8,,230.3705,10603 10316,
1227,2,n10,10,16,T2-n10-7,4465,846,132.1125,dfs,4,SUCCESS,0.0231,9,9,1,230.3705,10603 10316,
1228,2,n10,10,16,T2-n10-7,4465,846,132.1125,dfs,5,SUCCESS,0.019,9,9,1,230.3705,10603 10316,
1229,2,n10,10,16,T2-n10-7,4465,846,132.1125,dijkstra,5,SUCCESS,0.0764,8,8,,230.3705,10603 10316,
1230,2,n10,10,16,T2-n10-7,4465,846,132.1125,astar,5,SUCCESS,0.088,3,3,,230.3705,10603 10316,
1231,2,n10,10,16,T2-n10-8,846,849,138.4059,dfs,1,SUCCESS,0.0184,3,3,1,138.4054,1478,
1232,2,n10,10,16,T2-n10-8,846,849,138.4059,dijkstra,1,SUCCESS,0.0597,3,3,,138.4054,1478,
1233,2,n10,10,16,T2-n10-8,846,849,138.4059,astar,1,SUCCESS,0.0603,2,2,,138.4054,1478,
1234,2,n10,10,16,T2-n10-8,846,849,138.4059,astar,2,SUCCESS,0.0597,2,2,,138.4054,1478,
1235,2,n10,10,16,T2-n10-8,846,849,138.4059,dfs,2,SUCCESS,0.0172,3,3,1,138.4054,1478,
1236,2,n10,10,16,T2-n10-8,846,849,138.4059,dijkstra,2,SUCCESS,0.0774,3,3,,138.4054,1478,
1237,2,n10,10,16,T2-n10-8,846,849,138.4059,astar,3,SUCCESS,0.0677,2,2,,138.4054,1478,
1238,2,n10,10,16,T2-n10-8,846,849,138.4059,dijkstra,3,SUCCESS,0.0577,3,3,,138.4054,1478,
1239,2,n10,10,16,T2-n10-8,846,849,138.4059,dfs,3,SUCCESS,0.0197,3,3,1,138.4054,1478,
1240,2,n10,10,16,T2-n10-8,846,849,138.4059,astar,4,SUCCESS,0.064,2,2,,138.4054,1478,
1241,2,n10,10,16,T2-n10-8,846,849,138.4059,dfs,4,SUCCESS,0.0193,3,3,1,138.4054,1478,
1242,2,n10,10,16,T2-n10-8,846,849,138.4059,dijkstra,4,SUCCESS,0.0802,3,3,,138.4054,1478,
1243,2,n10,10,16,T2-n10-8,846,849,138.4059,dfs,5,SUCCESS,0.024,3,3,1,138.4054,1478,
1244,2,n10,10,16,T2-n10-8,846,849,138.4059,astar,5,SUCCESS,0.0702,2,2,,138.4054,1478,
1245,2,n10,10,16,T2-n10-8,846,849,138.4059,dijkstra,5,SUCCESS,0.0591,3,3,,138.4054,1478,
1246,2,n10,10,16,T2-n10-9,4466,2585,164.5544,dijkstra,1,SUCCESS,0.0867,4,4,,232.2804,10321 10314,
1247,2,n10,10,16,T2-n10-9,4466,2585,164.5544,astar,1,SUCCESS,0.065,3,3,,232.2804,10321 10314,
1248,2,n10,10,16,T2-n10-9,4466,2585,164.5544,dfs,1,SUCCESS,0.0193,6,6,1,232.2804,10321 10314,
1249,2,n10,10,16,T2-n10-9,4466,2585,164.5544,dfs,2,SUCCESS,0.0192,6,6,1,232.2804,10321 10314,
1250,2,n10,10,16,T2-n10-9,4466,2585,164.5544,astar,2,SUCCESS,0.086,3,3,,232.2804,10321 10314,
1251,2,n10,10,16,T2-n10-9,4466,2585,164.5544,dijkstra,2,SUCCESS,0.0827,4,4,,232.2804,10321 10314,
1252,2,n10,10,16,T2-n10-9,4466,2585,164.5544,dfs,3,SUCCESS,0.022,6,6,1,232.2804,10321 10314,
1253,2,n10,10,16,T2-n10-9,4466,2585,164.5544,dijkstra,3,SUCCESS,0.0681,4,4,,232.2804,10321 10314,
1254,2,n10,10,16,T2-n10-9,4466,2585,164.5544,astar,3,SUCCESS,0.0647,3,3,,232.2804,10321 10314,
1255,2,n10,10,16,T2-n10-9,4466,2585,164.5544,dijkstra,4,SUCCESS,0.075,4,4,,232.2804,10321 10314,
1256,2,n10,10,16,T2-n10-9,4466,2585,164.5544,astar,4,SUCCESS,0.0566,3,3,,232.2804,10321 10314,
1257,2,n10,10,16,T2-n10-9,4466,2585,164.5544,dfs,4,SUCCESS,0.0211,6,6,1,232.2804,10321 10314,
1258,2,n10,10,16,T2-n10-9,4466,2585,164.5544,dfs,5,SUCCESS,0.0179,6,6,1,232.2804,10321 10314,
1259,2,n10,10,16,T2-n10-9,4466,2585,164.5544,dijkstra,5,SUCCESS,0.0651,4,4,,232.2804,10321 10314,
1260,2,n10,10,16,T2-n10-9,4466,2585,164.5544,astar,5,SUCCESS,0.0653,3,3,,232.2804,10321 10314,
1261,2,n10,10,16,T2-n10-10,2584,4465,179.2805,astar,1,SUCCESS,0.0736,6,6,,246.4157,4957 4956 10312 10315,
1262,2,n10,10,16,T2-n10-10,2584,4465,179.2805,dfs,1,SUCCESS,0.0181,10,10,1,246.4157,4957 4956 10312 10315,
1263,2,n10,10,16,T2-n10-10,2584,4465,179.2805,dijkstra,1,SUCCESS,0.0671,7,7,,246.4157,4957 4956 10312 10315,
1264,2,n10,10,16,T2-n10-10,2584,4465,179.2805,dijkstra,2,SUCCESS,0.0674,7,7,,246.4157,4957 4956 10312 10315,
1265,2,n10,10,16,T2-n10-10,2584,4465,179.2805,dfs,2,SUCCESS,0.0197,10,10,1,246.4157,4957 4956 10312 10315,
1266,2,n10,10,16,T2-n10-10,2584,4465,179.2805,astar,2,SUCCESS,0.0831,6,6,,246.4157,4957 4956 10312 10315,
1267,2,n10,10,16,T2-n10-10,2584,4465,179.2805,astar,3,SUCCESS,0.0763,6,6,,246.4157,4957 4956 10312 10315,
1268,2,n10,10,16,T2-n10-10,2584,4465,179.2805,dijkstra,3,SUCCESS,0.0674,7,7,,246.4157,4957 4956 10312 10315,
1269,2,n10,10,16,T2-n10-10,2584,4465,179.2805,dfs,3,SUCCESS,0.0213,10,10,1,246.4157,4957 4956 10312 10315,
1270,2,n10,10,16,T2-n10-10,2584,4465,179.2805,dfs,4,SUCCESS,0.0383,10,10,1,246.4157,4957 4956 10312 10315,
1271,2,n10,10,16,T2-n10-10,2584,4465,179.2805,astar,4,SUCCESS,0.0911,6,6,,246.4157,4957 4956 10312 10315,
1272,2,n10,10,16,T2-n10-10,2584,4465,179.2805,dijkstra,4,SUCCESS,0.0693,7,7,,246.4157,4957 4956 10312 10315,
1273,2,n10,10,16,T2-n10-10,2584,4465,179.2805,dijkstra,5,SUCCESS,0.0696,7,7,,246.4157,4957 4956 10312 10315,
1274,2,n10,10,16,T2-n10-10,2584,4465,179.2805,dfs,5,SUCCESS,0.021,10,10,1,246.4157,4957 4956 10312 10315,
1275,2,n10,10,16,T2-n10-10,2584,4465,179.2805,astar,5,SUCCESS,0.0879,6,6,,246.4157,4957 4956 10312 10315,
1276,2,n15,15,26,T2-n15-1,4465,846,132.1125,dfs,1,SUCCESS,0.0189,12,12,1,230.3705,10603 10316,
1277,2,n15,15,26,T2-n15-1,4465,846,132.1125,dijkstra,1,SUCCESS,0.0786,8,8,,230.3705,10603 10316,
1278,2,n15,15,26,T2-n15-1,4465,846,132.1125,astar,1,SUCCESS,0.1144,3,3,,230.3705,10603 10316,
1279,2,n15,15,26,T2-n15-1,4465,846,132.1125,dfs,2,SUCCESS,0.0306,12,12,1,230.3705,10603 10316,
1280,2,n15,15,26,T2-n15-1,4465,846,132.1125,dijkstra,2,SUCCESS,0.0923,8,8,,230.3705,10603 10316,
1281,2,n15,15,26,T2-n15-1,4465,846,132.1125,astar,2,SUCCESS,0.0727,3,3,,230.3705,10603 10316,
1282,2,n15,15,26,T2-n15-1,4465,846,132.1125,dijkstra,3,SUCCESS,0.0864,8,8,,230.3705,10603 10316,
1283,2,n15,15,26,T2-n15-1,4465,846,132.1125,dfs,3,SUCCESS,0.0396,12,12,1,230.3705,10603 10316,
1284,2,n15,15,26,T2-n15-1,4465,846,132.1125,astar,3,SUCCESS,0.0898,3,3,,230.3705,10603 10316,
1285,2,n15,15,26,T2-n15-1,4465,846,132.1125,dfs,4,SUCCESS,0.025,12,12,1,230.3705,10603 10316,
1286,2,n15,15,26,T2-n15-1,4465,846,132.1125,dijkstra,4,SUCCESS,0.0845,8,8,,230.3705,10603 10316,
1287,2,n15,15,26,T2-n15-1,4465,846,132.1125,astar,4,SUCCESS,0.0684,3,3,,230.3705,10603 10316,
1288,2,n15,15,26,T2-n15-1,4465,846,132.1125,astar,5,SUCCESS,0.069,3,3,,230.3705,10603 10316,
1289,2,n15,15,26,T2-n15-1,4465,846,132.1125,dijkstra,5,SUCCESS,0.0826,8,8,,230.3705,10603 10316,
1290,2,n15,15,26,T2-n15-1,4465,846,132.1125,dfs,5,SUCCESS,0.0201,12,12,1,230.3705,10603 10316,
1291,2,n15,15,26,T2-n15-2,849,4466,129.1162,dijkstra,1,SUCCESS,0.0782,6,6,,129.1158,10317,
1292,2,n15,15,26,T2-n15-2,849,4466,129.1162,dfs,1,SUCCESS,0.0208,15,15,1,129.1158,10317,
1293,2,n15,15,26,T2-n15-2,849,4466,129.1162,astar,1,SUCCESS,0.0429,2,2,,129.1158,10317,
1294,2,n15,15,26,T2-n15-2,849,4466,129.1162,dijkstra,2,SUCCESS,0.0375,6,6,,129.1158,10317,
1295,2,n15,15,26,T2-n15-2,849,4466,129.1162,astar,2,SUCCESS,0.0341,2,2,,129.1158,10317,
1296,2,n15,15,26,T2-n15-2,849,4466,129.1162,dfs,2,SUCCESS,0.0216,15,15,1,129.1158,10317,
1297,2,n15,15,26,T2-n15-2,849,4466,129.1162,dfs,3,SUCCESS,0.0245,15,15,1,129.1158,10317,
1298,2,n15,15,26,T2-n15-2,849,4466,129.1162,dijkstra,3,SUCCESS,0.0979,6,6,,129.1158,10317,
1299,2,n15,15,26,T2-n15-2,849,4466,129.1162,astar,3,SUCCESS,0.0693,2,2,,129.1158,10317,
1300,2,n15,15,26,T2-n15-2,849,4466,129.1162,astar,4,SUCCESS,0.0674,2,2,,129.1158,10317,
1301,2,n15,15,26,T2-n15-2,849,4466,129.1162,dfs,4,SUCCESS,0.0337,15,15,1,129.1158,10317,
1302,2,n15,15,26,T2-n15-2,849,4466,129.1162,dijkstra,4,SUCCESS,0.0856,6,6,,129.1158,10317,
1303,2,n15,15,26,T2-n15-2,849,4466,129.1162,dijkstra,5,SUCCESS,0.0731,6,6,,129.1158,10317,
1304,2,n15,15,26,T2-n15-2,849,4466,129.1162,astar,5,SUCCESS,0.0677,2,2,,129.1158,10317,
1305,2,n15,15,26,T2-n15-2,849,4466,129.1162,dfs,5,SUCCESS,0.0183,15,15,1,129.1158,10317,
1306,2,n15,15,26,T2-n15-3,4466,849,129.1162,dijkstra,1,SUCCESS,0.0545,2,2,,129.1158,10321,
1307,2,n15,15,26,T2-n15-3,4466,849,129.1162,dfs,1,SUCCESS,0.0187,2,2,1,129.1158,10321,
1308,2,n15,15,26,T2-n15-3,4466,849,129.1162,astar,1,SUCCESS,0.0623,2,2,,129.1158,10321,
1309,2,n15,15,26,T2-n15-3,4466,849,129.1162,dfs,2,SUCCESS,0.0183,2,2,1,129.1158,10321,
1310,2,n15,15,26,T2-n15-3,4466,849,129.1162,dijkstra,2,SUCCESS,0.0718,2,2,,129.1158,10321,
1311,2,n15,15,26,T2-n15-3,4466,849,129.1162,astar,2,SUCCESS,0.0882,2,2,,129.1158,10321,
1312,2,n15,15,26,T2-n15-3,4466,849,129.1162,dijkstra,3,SUCCESS,0.062,2,2,,129.1158,10321,
1313,2,n15,15,26,T2-n15-3,4466,849,129.1162,dfs,3,SUCCESS,0.0232,2,2,1,129.1158,10321,
1314,2,n15,15,26,T2-n15-3,4466,849,129.1162,astar,3,SUCCESS,0.1896,2,2,,129.1158,10321,
1315,2,n15,15,26,T2-n15-3,4466,849,129.1162,astar,4,SUCCESS,0.0646,2,2,,129.1158,10321,
1316,2,n15,15,26,T2-n15-3,4466,849,129.1162,dfs,4,SUCCESS,0.0192,2,2,1,129.1158,10321,
1317,2,n15,15,26,T2-n15-3,4466,849,129.1162,dijkstra,4,SUCCESS,0.0546,2,2,,129.1158,10321,
1318,2,n15,15,26,T2-n15-3,4466,849,129.1162,dijkstra,5,SUCCESS,0.0554,2,2,,129.1158,10321,
1319,2,n15,15,26,T2-n15-3,4466,849,129.1162,astar,5,SUCCESS,0.1052,2,2,,129.1158,10321,
1320,2,n15,15,26,T2-n15-3,4466,849,129.1162,dfs,5,SUCCESS,0.0189,2,2,1,129.1158,10321,
1321,2,n15,15,26,T2-n15-4,846,855,182.2313,dfs,1,SUCCESS,0.0184,9,9,1,251.2732,1478 10314 10313,
1322,2,n15,15,26,T2-n15-4,846,855,182.2313,astar,1,SUCCESS,0.1054,6,6,,251.2732,1478 10314 10313,
1323,2,n15,15,26,T2-n15-4,846,855,182.2313,dijkstra,1,SUCCESS,0.139,8,8,,251.2732,1478 10314 10313,
1324,2,n15,15,26,T2-n15-4,846,855,182.2313,dijkstra,2,SUCCESS,0.2262,8,8,,251.2732,1478 10314 10313,
1325,2,n15,15,26,T2-n15-4,846,855,182.2313,astar,2,SUCCESS,0.1114,6,6,,251.2732,1478 10314 10313,
1326,2,n15,15,26,T2-n15-4,846,855,182.2313,dfs,2,SUCCESS,0.0248,9,9,1,251.2732,1478 10314 10313,
1327,2,n15,15,26,T2-n15-4,846,855,182.2313,dfs,3,SUCCESS,0.0187,9,9,1,251.2732,1478 10314 10313,
1328,2,n15,15,26,T2-n15-4,846,855,182.2313,dijkstra,3,SUCCESS,0.4988,8,8,,251.2732,1478 10314 10313,
1329,2,n15,15,26,T2-n15-4,846,855,182.2313,astar,3,SUCCESS,0.0704,6,6,,251.2732,1478 10314 10313,
1330,2,n15,15,26,T2-n15-4,846,855,182.2313,dfs,4,SUCCESS,0.0193,9,9,1,251.2732,1478 10314 10313,
1331,2,n15,15,26,T2-n15-4,846,855,182.2313,astar,4,SUCCESS,0.0753,6,6,,251.2732,1478 10314 10313,
1332,2,n15,15,26,T2-n15-4,846,855,182.2313,dijkstra,4,SUCCESS,0.0703,8,8,,251.2732,1478 10314 10313,
1333,2,n15,15,26,T2-n15-4,846,855,182.2313,dfs,5,SUCCESS,0.0193,9,9,1,251.2732,1478 10314 10313,
1334,2,n15,15,26,T2-n15-4,846,855,182.2313,astar,5,SUCCESS,0.0839,6,6,,251.2732,1478 10314 10313,
1335,2,n15,15,26,T2-n15-4,846,855,182.2313,dijkstra,5,SUCCESS,0.0711,8,8,,251.2732,1478 10314 10313,
1336,2,n15,15,26,T2-n15-5,848,2274,202.591,dfs,1,SUCCESS,0.0207,15,15,1,373.1301,2392 1478 10314 10313 1489 4294,
1337,2,n15,15,26,T2-n15-5,848,2274,202.591,astar,1,SUCCESS,0.0839,9,9,,373.1301,2392 1478 10314 10313 1489 4294,
1338,2,n15,15,26,T2-n15-5,848,2274,202.591,dijkstra,1,SUCCESS,0.2,14,14,,373.1301,2392 1478 10314 10313 1489 4294,
1339,2,n15,15,26,T2-n15-5,848,2274,202.591,astar,2,SUCCESS,0.0876,9,9,,373.1301,2392 1478 10314 10313 1489 4294,
1340,2,n15,15,26,T2-n15-5,848,2274,202.591,dijkstra,2,SUCCESS,0.0787,14,14,,373.1301,2392 1478 10314 10313 1489 4294,
1341,2,n15,15,26,T2-n15-5,848,2274,202.591,dfs,2,SUCCESS,0.0215,15,15,1,373.1301,2392 1478 10314 10313 1489 4294,
1342,2,n15,15,26,T2-n15-5,848,2274,202.591,astar,3,SUCCESS,0.0701,9,9,,373.1301,2392 1478 10314 10313 1489 4294,
1343,2,n15,15,26,T2-n15-5,848,2274,202.591,dijkstra,3,SUCCESS,0.08,14,14,,373.1301,2392 1478 10314 10313 1489 4294,
1344,2,n15,15,26,T2-n15-5,848,2274,202.591,dfs,3,SUCCESS,0.0265,15,15,1,373.1301,2392 1478 10314 10313 1489 4294,
1345,2,n15,15,26,T2-n15-5,848,2274,202.591,astar,4,SUCCESS,0.0945,9,9,,373.1301,2392 1478 10314 10313 1489 4294,
1346,2,n15,15,26,T2-n15-5,848,2274,202.591,dijkstra,4,SUCCESS,0.0808,14,14,,373.1301,2392 1478 10314 10313 1489 4294,
1347,2,n15,15,26,T2-n15-5,848,2274,202.591,dfs,4,SUCCESS,0.0201,15,15,1,373.1301,2392 1478 10314 10313 1489 4294,
1348,2,n15,15,26,T2-n15-5,848,2274,202.591,dijkstra,5,SUCCESS,0.0796,14,14,,373.1301,2392 1478 10314 10313 1489 4294,
1349,2,n15,15,26,T2-n15-5,848,2274,202.591,astar,5,SUCCESS,0.0994,9,9,,373.1301,2392 1478 10314 10313 1489 4294,
1350,2,n15,15,26,T2-n15-5,848,2274,202.591,dfs,5,SUCCESS,0.0215,15,15,1,373.1301,2392 1478 10314 10313 1489 4294,
1351,2,n15,15,26,T2-n15-6,2585,848,168.087,dijkstra,1,SUCCESS,0.7889,13,13,,262.1893,10312 10316 1477,
1352,2,n15,15,26,T2-n15-6,2585,848,168.087,dfs,1,SUCCESS,0.0255,14,14,1,262.1893,10312 10316 1477,
1353,2,n15,15,26,T2-n15-6,2585,848,168.087,astar,1,SUCCESS,0.1048,9,9,,262.1893,10312 10316 1477,
1354,2,n15,15,26,T2-n15-6,2585,848,168.087,astar,2,SUCCESS,0.0857,9,9,,262.1893,10312 10316 1477,
1355,2,n15,15,26,T2-n15-6,2585,848,168.087,dijkstra,2,SUCCESS,0.084,13,13,,262.1893,10312 10316 1477,
1356,2,n15,15,26,T2-n15-6,2585,848,168.087,dfs,2,SUCCESS,0.0257,14,14,1,262.1893,10312 10316 1477,
1357,2,n15,15,26,T2-n15-6,2585,848,168.087,dfs,3,SUCCESS,0.0227,14,14,1,262.1893,10312 10316 1477,
1358,2,n15,15,26,T2-n15-6,2585,848,168.087,astar,3,SUCCESS,0.4091,9,9,,262.1893,10312 10316 1477,
1359,2,n15,15,26,T2-n15-6,2585,848,168.087,dijkstra,3,SUCCESS,0.1075,13,13,,262.1893,10312 10316 1477,
1360,2,n15,15,26,T2-n15-6,2585,848,168.087,dfs,4,SUCCESS,0.0289,14,14,1,262.1893,10312 10316 1477,
1361,2,n15,15,26,T2-n15-6,2585,848,168.087,astar,4,SUCCESS,0.0948,9,9,,262.1893,10312 10316 1477,
1362,2,n15,15,26,T2-n15-6,2585,848,168.087,dijkstra,4,SUCCESS,0.154,13,13,,262.1893,10312 10316 1477,
1363,2,n15,15,26,T2-n15-6,2585,848,168.087,dfs,5,SUCCESS,0.0349,14,14,1,262.1893,10312 10316 1477,
1364,2,n15,15,26,T2-n15-6,2585,848,168.087,dijkstra,5,SUCCESS,0.1007,13,13,,262.1893,10312 10316 1477,
1365,2,n15,15,26,T2-n15-6,2585,848,168.087,astar,5,SUCCESS,0.1138,9,9,,262.1893,10312 10316 1477,
1366,2,n15,15,26,T2-n15-7,848,2585,168.087,dfs,1,SUCCESS,0.0476,8,8,1,262.1893,2392 1478 10314,
1367,2,n15,15,26,T2-n15-7,848,2585,168.087,dijkstra,1,SUCCESS,0.1025,7,7,,262.1893,2392 1478 10314,
1368,2,n15,15,26,T2-n15-7,848,2585,168.087,astar,1,SUCCESS,0.0993,5,5,,262.1893,2392 1478 10314,
1369,2,n15,15,26,T2-n15-7,848,2585,168.087,dfs,2,SUCCESS,0.0192,8,8,1,262.1893,2392 1478 10314,
1370,2,n15,15,26,T2-n15-7,848,2585,168.087,astar,2,SUCCESS,0.0818,5,5,,262.1893,2392 1478 10314,
1371,2,n15,15,26,T2-n15-7,848,2585,168.087,dijkstra,2,SUCCESS,0.0644,7,7,,262.1893,2392 1478 10314,
1372,2,n15,15,26,T2-n15-7,848,2585,168.087,dijkstra,3,SUCCESS,0.1489,7,7,,262.1893,2392 1478 10314,
1373,2,n15,15,26,T2-n15-7,848,2585,168.087,astar,3,SUCCESS,0.0662,5,5,,262.1893,2392 1478 10314,
1374,2,n15,15,26,T2-n15-7,848,2585,168.087,dfs,3,SUCCESS,0.1307,8,8,1,262.1893,2392 1478 10314,
1375,2,n15,15,26,T2-n15-7,848,2585,168.087,dfs,4,SUCCESS,0.0176,8,8,1,262.1893,2392 1478 10314,
1376,2,n15,15,26,T2-n15-7,848,2585,168.087,astar,4,SUCCESS,0.0731,5,5,,262.1893,2392 1478 10314,
1377,2,n15,15,26,T2-n15-7,848,2585,168.087,dijkstra,4,SUCCESS,0.0597,7,7,,262.1893,2392 1478 10314,
1378,2,n15,15,26,T2-n15-7,848,2585,168.087,astar,5,SUCCESS,0.0724,5,5,,262.1893,2392 1478 10314,
1379,2,n15,15,26,T2-n15-7,848,2585,168.087,dfs,5,SUCCESS,0.0205,8,8,1,262.1893,2392 1478 10314,
1380,2,n15,15,26,T2-n15-7,848,2585,168.087,dijkstra,5,SUCCESS,0.1004,7,7,,262.1893,2392 1478 10314,
1381,2,n15,15,26,T2-n15-8,855,4466,163.6374,astar,1,SUCCESS,0.0766,7,7,,265.812,1489 4295 4956 10312 10317,
1382,2,n15,15,26,T2-n15-8,855,4466,163.6374,dfs,1,SUCCESS,0.0221,15,15,1,265.812,1489 4295 4956 10312 10317,
1383,2,n15,15,26,T2-n15-8,855,4466,163.6374,dijkstra,1,SUCCESS,0.1083,11,11,,265.812,1489 4295 4956 10312 10317,
1384,2,n15,15,26,T2-n15-8,855,4466,163.6374,astar,2,SUCCESS,0.1348,7,7,,265.812,1489 4295 4956 10312 10317,
1385,2,n15,15,26,T2-n15-8,855,4466,163.6374,dfs,2,SUCCESS,0.0279,15,15,1,265.812,1489 4295 4956 10312 10317,
1386,2,n15,15,26,T2-n15-8,855,4466,163.6374,dijkstra,2,SUCCESS,0.1087,11,11,,265.812,1489 4295 4956 10312 10317,
1387,2,n15,15,26,T2-n15-8,855,4466,163.6374,dfs,3,SUCCESS,0.0291,15,15,1,265.812,1489 4295 4956 10312 10317,
1388,2,n15,15,26,T2-n15-8,855,4466,163.6374,dijkstra,3,SUCCESS,0.1131,11,11,,265.812,1489 4295 4956 10312 10317,
1389,2,n15,15,26,T2-n15-8,855,4466,163.6374,astar,3,SUCCESS,0.0721,7,7,,265.812,1489 4295 4956 10312 10317,
1390,2,n15,15,26,T2-n15-8,855,4466,163.6374,astar,4,SUCCESS,0.0712,7,7,,265.812,1489 4295 4956 10312 10317,
1391,2,n15,15,26,T2-n15-8,855,4466,163.6374,dijkstra,4,SUCCESS,0.0762,11,11,,265.812,1489 4295 4956 10312 10317,
1392,2,n15,15,26,T2-n15-8,855,4466,163.6374,dfs,4,SUCCESS,0.0438,15,15,1,265.812,1489 4295 4956 10312 10317,
1393,2,n15,15,26,T2-n15-8,855,4466,163.6374,dijkstra,5,SUCCESS,0.1202,11,11,,265.812,1489 4295 4956 10312 10317,
1394,2,n15,15,26,T2-n15-8,855,4466,163.6374,dfs,5,SUCCESS,0.0192,15,15,1,265.812,1489 4295 4956 10312 10317,
1395,2,n15,15,26,T2-n15-8,855,4466,163.6374,astar,5,SUCCESS,0.0755,7,7,,265.812,1489 4295 4956 10312 10317,
1396,2,n15,15,26,T2-n15-9,4465,2585,175.1272,astar,1,SUCCESS,0.0908,3,3,,195.1297,10603 10314,
1397,2,n15,15,26,T2-n15-9,4465,2585,175.1272,dfs,1,SUCCESS,0.0226,8,8,1,195.1297,10603 10314,
1398,2,n15,15,26,T2-n15-9,4465,2585,175.1272,dijkstra,1,SUCCESS,0.0718,3,3,,195.1297,10603 10314,
1399,2,n15,15,26,T2-n15-9,4465,2585,175.1272,dijkstra,2,SUCCESS,0.0648,3,3,,195.1297,10603 10314,
1400,2,n15,15,26,T2-n15-9,4465,2585,175.1272,astar,2,SUCCESS,0.0681,3,3,,195.1297,10603 10314,
1401,2,n15,15,26,T2-n15-9,4465,2585,175.1272,dfs,2,SUCCESS,0.0196,8,8,1,195.1297,10603 10314,
1402,2,n15,15,26,T2-n15-9,4465,2585,175.1272,dijkstra,3,SUCCESS,0.0722,3,3,,195.1297,10603 10314,
1403,2,n15,15,26,T2-n15-9,4465,2585,175.1272,dfs,3,SUCCESS,0.0199,8,8,1,195.1297,10603 10314,
1404,2,n15,15,26,T2-n15-9,4465,2585,175.1272,astar,3,SUCCESS,0.0771,3,3,,195.1297,10603 10314,
1405,2,n15,15,26,T2-n15-9,4465,2585,175.1272,dijkstra,4,SUCCESS,0.074,3,3,,195.1297,10603 10314,
1406,2,n15,15,26,T2-n15-9,4465,2585,175.1272,astar,4,SUCCESS,0.0623,3,3,,195.1297,10603 10314,
1407,2,n15,15,26,T2-n15-9,4465,2585,175.1272,dfs,4,SUCCESS,0.0222,8,8,1,195.1297,10603 10314,
1408,2,n15,15,26,T2-n15-9,4465,2585,175.1272,dijkstra,5,SUCCESS,0.0925,3,3,,195.1297,10603 10314,
1409,2,n15,15,26,T2-n15-9,4465,2585,175.1272,astar,5,SUCCESS,0.0722,3,3,,195.1297,10603 10314,
1410,2,n15,15,26,T2-n15-9,4465,2585,175.1272,dfs,5,SUCCESS,0.0228,8,8,1,195.1297,10603 10314,
1411,2,n15,15,26,T2-n15-10,849,854,130.5818,astar,1,SUCCESS,0.0729,4,4,,175.9282,10314 10313 1488,
1412,2,n15,15,26,T2-n15-10,849,854,130.5818,dfs,1,SUCCESS,0.0195,15,15,1,175.9282,10314 10313 1488,
1413,2,n15,15,26,T2-n15-10,849,854,130.5818,dijkstra,1,SUCCESS,0.0962,11,11,,175.9282,10314 10313 1488,
1414,2,n15,15,26,T2-n15-10,849,854,130.5818,astar,2,SUCCESS,0.0774,4,4,,175.9282,10314 10313 1488,
1415,2,n15,15,26,T2-n15-10,849,854,130.5818,dijkstra,2,SUCCESS,0.1606,11,11,,175.9282,10314 10313 1488,
1416,2,n15,15,26,T2-n15-10,849,854,130.5818,dfs,2,SUCCESS,0.031,15,15,1,175.9282,10314 10313 1488,
1417,2,n15,15,26,T2-n15-10,849,854,130.5818,dfs,3,SUCCESS,0.0326,15,15,1,175.9282,10314 10313 1488,
1418,2,n15,15,26,T2-n15-10,849,854,130.5818,dijkstra,3,SUCCESS,0.1248,11,11,,175.9282,10314 10313 1488,
1419,2,n15,15,26,T2-n15-10,849,854,130.5818,astar,3,SUCCESS,0.1295,4,4,,175.9282,10314 10313 1488,
1420,2,n15,15,26,T2-n15-10,849,854,130.5818,dijkstra,4,SUCCESS,0.0885,11,11,,175.9282,10314 10313 1488,
1421,2,n15,15,26,T2-n15-10,849,854,130.5818,astar,4,SUCCESS,0.0826,4,4,,175.9282,10314 10313 1488,
1422,2,n15,15,26,T2-n15-10,849,854,130.5818,dfs,4,SUCCESS,0.0282,15,15,1,175.9282,10314 10313 1488,
1423,2,n15,15,26,T2-n15-10,849,854,130.5818,dijkstra,5,SUCCESS,0.0901,11,11,,175.9282,10314 10313 1488,
1424,2,n15,15,26,T2-n15-10,849,854,130.5818,astar,5,SUCCESS,0.0738,4,4,,175.9282,10314 10313 1488,
1425,2,n15,15,26,T2-n15-10,849,854,130.5818,dfs,5,SUCCESS,0.0201,15,15,1,175.9282,10314 10313 1488,
1426,2,n20,20,38,T2-n20-1,853,848,323.4828,dfs,1,SUCCESS,0.0234,20,19,2,381.5106,1485 1487 1489 4295 4955 4958 4960 2395,
1427,2,n20,20,38,T2-n20-1,853,848,323.4828,dijkstra,1,SUCCESS,0.1054,13,13,,381.5106,1485 1487 1489 4295 4955 4958 4960 2395,
1428,2,n20,20,38,T2-n20-1,853,848,323.4828,astar,1,SUCCESS,0.089,10,10,,381.5106,1485 1487 1489 4295 4955 4958 4960 2395,
1429,2,n20,20,38,T2-n20-1,853,848,323.4828,dijkstra,2,SUCCESS,0.0973,13,13,,381.5106,1485 1487 1489 4295 4955 4958 4960 2395,
1430,2,n20,20,38,T2-n20-1,853,848,323.4828,dfs,2,SUCCESS,0.022,20,19,2,381.5106,1485 1487 1489 4295 4955 4958 4960 2395,
1431,2,n20,20,38,T2-n20-1,853,848,323.4828,astar,2,SUCCESS,0.1061,10,10,,381.5106,1485 1487 1489 4295 4955 4958 4960 2395,
1432,2,n20,20,38,T2-n20-1,853,848,323.4828,dfs,3,SUCCESS,0.022,20,19,2,381.5106,1485 1487 1489 4295 4955 4958 4960 2395,
1433,2,n20,20,38,T2-n20-1,853,848,323.4828,dijkstra,3,SUCCESS,0.0943,13,13,,381.5106,1485 1487 1489 4295 4955 4958 4960 2395,
1434,2,n20,20,38,T2-n20-1,853,848,323.4828,astar,3,SUCCESS,0.1244,10,10,,381.5106,1485 1487 1489 4295 4955 4958 4960 2395,
1435,2,n20,20,38,T2-n20-1,853,848,323.4828,dfs,4,SUCCESS,0.0279,20,19,2,381.5106,1485 1487 1489 4295 4955 4958 4960 2395,
1436,2,n20,20,38,T2-n20-1,853,848,323.4828,astar,4,SUCCESS,0.0904,10,10,,381.5106,1485 1487 1489 4295 4955 4958 4960 2395,
1437,2,n20,20,38,T2-n20-1,853,848,323.4828,dijkstra,4,SUCCESS,0.0828,13,13,,381.5106,1485 1487 1489 4295 4955 4958 4960 2395,
1438,2,n20,20,38,T2-n20-1,853,848,323.4828,dijkstra,5,SUCCESS,0.1123,13,13,,381.5106,1485 1487 1489 4295 4955 4958 4960 2395,
1439,2,n20,20,38,T2-n20-1,853,848,323.4828,astar,5,SUCCESS,0.0854,10,10,,381.5106,1485 1487 1489 4295 4955 4958 4960 2395,
1440,2,n20,20,38,T2-n20-1,853,848,323.4828,dfs,5,SUCCESS,0.0235,20,19,2,381.5106,1485 1487 1489 4295 4955 4958 4960 2395,
1441,2,n20,20,38,T2-n20-2,855,876,262.868,dfs,1,SUCCESS,0.0225,33,20,2,364.7846,1489 4295 4955 4958 4960 2397,
1442,2,n20,20,38,T2-n20-2,855,876,262.868,astar,1,SUCCESS,0.082,9,9,,364.7846,1489 4295 4955 4958 4960 2397,
1443,2,n20,20,38,T2-n20-2,855,876,262.868,dijkstra,1,SUCCESS,0.0966,18,18,,364.7846,1489 4295 4955 4958 4960 2397,
1444,2,n20,20,38,T2-n20-2,855,876,262.868,dijkstra,2,SUCCESS,0.0892,18,18,,364.7846,1489 4295 4955 4958 4960 2397,
1445,2,n20,20,38,T2-n20-2,855,876,262.868,dfs,2,SUCCESS,0.023,33,20,2,364.7846,1489 4295 4955 4958 4960 2397,
1446,2,n20,20,38,T2-n20-2,855,876,262.868,astar,2,SUCCESS,0.1016,9,9,,364.7846,1489 4295 4955 4958 4960 2397,
1447,2,n20,20,38,T2-n20-2,855,876,262.868,astar,3,SUCCESS,0.0961,9,9,,364.7846,1489 4295 4955 4958 4960 2397,
1448,2,n20,20,38,T2-n20-2,855,876,262.868,dijkstra,3,SUCCESS,0.1946,18,18,,364.7846,1489 4295 4955 4958 4960 2397,
1449,2,n20,20,38,T2-n20-2,855,876,262.868,dfs,3,SUCCESS,0.0284,33,20,2,364.7846,1489 4295 4955 4958 4960 2397,
1450,2,n20,20,38,T2-n20-2,855,876,262.868,astar,4,SUCCESS,0.0905,9,9,,364.7846,1489 4295 4955 4958 4960 2397,
1451,2,n20,20,38,T2-n20-2,855,876,262.868,dijkstra,4,SUCCESS,0.0875,18,18,,364.7846,1489 4295 4955 4958 4960 2397,
1452,2,n20,20,38,T2-n20-2,855,876,262.868,dfs,4,SUCCESS,0.0238,33,20,2,364.7846,1489 4295 4955 4958 4960 2397,
1453,2,n20,20,38,T2-n20-2,855,876,262.868,astar,5,SUCCESS,0.0807,9,9,,364.7846,1489 4295 4955 4958 4960 2397,
1454,2,n20,20,38,T2-n20-2,855,876,262.868,dfs,5,SUCCESS,0.0219,33,20,2,364.7846,1489 4295 4955 4958 4960 2397,
1455,2,n20,20,38,T2-n20-2,855,876,262.868,dijkstra,5,SUCCESS,0.0908,18,18,,364.7846,1489 4295 4955 4958 4960 2397,
1456,2,n20,20,38,T2-n20-3,853,878,279.1438,dijkstra,1,SUCCESS,0.0769,11,11,,288.5975,1485 1487 1489 4295 4955 4958 4960,
1457,2,n20,20,38,T2-n20-3,853,878,279.1438,dfs,1,SUCCESS,0.021,20,19,2,288.5975,1485 1487 1489 4295 4955 4958 4960,
1458,2,n20,20,38,T2-n20-3,853,878,279.1438,astar,1,SUCCESS,0.1689,8,8,,288.5975,1485 1487 1489 4295 4955 4958 4960,
1459,2,n20,20,38,T2-n20-3,853,878,279.1438,astar,2,SUCCESS,0.0767,8,8,,288.5975,1485 1487 1489 4295 4955 4958 4960,
1460,2,n20,20,38,T2-n20-3,853,878,279.1438,dfs,2,SUCCESS,0.0236,20,19,2,288.5975,1485 1487 1489 4295 4955 4958 4960,
1461,2,n20,20,38,T2-n20-3,853,878,279.1438,dijkstra,2,SUCCESS,0.0825,11,11,,288.5975,1485 1487 1489 4295 4955 4958 4960,
1462,2,n20,20,38,T2-n20-3,853,878,279.1438,dijkstra,3,SUCCESS,0.0732,11,11,,288.5975,1485 1487 1489 4295 4955 4958 4960,
1463,2,n20,20,38,T2-n20-3,853,878,279.1438,astar,3,SUCCESS,0.0875,8,8,,288.5975,1485 1487 1489 4295 4955 4958 4960,
1464,2,n20,20,38,T2-n20-3,853,878,279.1438,dfs,3,SUCCESS,0.0189,20,19,2,288.5975,1485 1487 1489 4295 4955 4958 4960,
1465,2,n20,20,38,T2-n20-3,853,878,279.1438,dfs,4,SUCCESS,0.0275,20,19,2,288.5975,1485 1487 1489 4295 4955 4958 4960,
1466,2,n20,20,38,T2-n20-3,853,878,279.1438,astar,4,SUCCESS,0.092,8,8,,288.5975,1485 1487 1489 4295 4955 4958 4960,
1467,2,n20,20,38,T2-n20-3,853,878,279.1438,dijkstra,4,SUCCESS,0.0979,11,11,,288.5975,1485 1487 1489 4295 4955 4958 4960,
1468,2,n20,20,38,T2-n20-3,853,878,279.1438,dfs,5,SUCCESS,0.0202,20,19,2,288.5975,1485 1487 1489 4295 4955 4958 4960,
1469,2,n20,20,38,T2-n20-3,853,878,279.1438,astar,5,SUCCESS,0.1061,8,8,,288.5975,1485 1487 1489 4295 4955 4958 4960,
1470,2,n20,20,38,T2-n20-3,853,878,279.1438,dijkstra,5,SUCCESS,0.0748,11,11,,288.5975,1485 1487 1489 4295 4955 4958 4960,
1471,2,n20,20,38,T2-n20-4,848,853,323.4828,astar,1,SUCCESS,0.0881,12,12,,378.733,2393 2396 4959 4957 4956 10313 1488 1486,
1472,2,n20,20,38,T2-n20-4,848,853,323.4828,dfs,1,SUCCESS,0.0228,36,19,2,378.733,2393 2396 4959 4957 4956 10313 1488 1486,
1473,2,n20,20,38,T2-n20-4,848,853,323.4828,dijkstra,1,SUCCESS,0.0766,19,19,,378.733,2393 2396 4959 4957 4956 10313 1488 1486,
1474,2,n20,20,38,T2-n20-4,848,853,323.4828,dfs,2,SUCCESS,0.0431,36,19,2,378.733,2393 2396 4959 4957 4956 10313 1488 1486,
1475,2,n20,20,38,T2-n20-4,848,853,323.4828,dijkstra,2,SUCCESS,0.1199,19,19,,378.733,2393 2396 4959 4957 4956 10313 1488 1486,
1476,2,n20,20,38,T2-n20-4,848,853,323.4828,astar,2,SUCCESS,0.0892,12,12,,378.733,2393 2396 4959 4957 4956 10313 1488 1486,
1477,2,n20,20,38,T2-n20-4,848,853,323.4828,astar,3,SUCCESS,0.0874,12,12,,378.733,2393 2396 4959 4957 4956 10313 1488 1486,
1478,2,n20,20,38,T2-n20-4,848,853,323.4828,dfs,3,SUCCESS,0.0257,36,19,2,378.733,2393 2396 4959 4957 4956 10313 1488 1486,
1479,2,n20,20,38,T2-n20-4,848,853,323.4828,dijkstra,3,SUCCESS,0.1293,19,19,,378.733,2393 2396 4959 4957 4956 10313 1488 1486,
1480,2,n20,20,38,T2-n20-4,848,853,323.4828,astar,4,SUCCESS,0.0961,12,12,,378.733,2393 2396 4959 4957 4956 10313 1488 1486,
1481,2,n20,20,38,T2-n20-4,848,853,323.4828,dijkstra,4,SUCCESS,0.0928,19,19,,378.733,2393 2396 4959 4957 4956 10313 1488 1486,
1482,2,n20,20,38,T2-n20-4,848,853,323.4828,dfs,4,SUCCESS,0.0264,36,19,2,378.733,2393 2396 4959 4957 4956 10313 1488 1486,
1483,2,n20,20,38,T2-n20-4,848,853,323.4828,dfs,5,SUCCESS,0.0231,36,19,2,378.733,2393 2396 4959 4957 4956 10313 1488 1486,
1484,2,n20,20,38,T2-n20-4,848,853,323.4828,astar,5,SUCCESS,0.09,12,12,,378.733,2393 2396 4959 4957 4956 10313 1488 1486,
1485,2,n20,20,38,T2-n20-4,848,853,323.4828,dijkstra,5,SUCCESS,0.0904,19,19,,378.733,2393 2396 4959 4957 4956 10313 1488 1486,
1486,2,n20,20,38,T2-n20-5,4466,846,267.5221,dfs,1,SUCCESS,0.0345,19,18,2,267.5212,10321 10316,
1487,2,n20,20,38,T2-n20-5,4466,846,267.5221,dijkstra,1,SUCCESS,0.0771,8,8,,267.5212,10321 10316,
1488,2,n20,20,38,T2-n20-5,4466,846,267.5221,astar,1,SUCCESS,0.0647,3,3,,267.5212,10321 10316,
1489,2,n20,20,38,T2-n20-5,4466,846,267.5221,astar,2,SUCCESS,0.0681,3,3,,267.5212,10321 10316,
1490,2,n20,20,38,T2-n20-5,4466,846,267.5221,dfs,2,SUCCESS,0.0229,19,18,2,267.5212,10321 10316,
1491,2,n20,20,38,T2-n20-5,4466,846,267.5221,dijkstra,2,SUCCESS,0.0734,8,8,,267.5212,10321 10316,
1492,2,n20,20,38,T2-n20-5,4466,846,267.5221,dijkstra,3,SUCCESS,0.0849,8,8,,267.5212,10321 10316,
1493,2,n20,20,38,T2-n20-5,4466,846,267.5221,dfs,3,SUCCESS,0.0224,19,18,2,267.5212,10321 10316,
1494,2,n20,20,38,T2-n20-5,4466,846,267.5221,astar,3,SUCCESS,0.2471,3,3,,267.5212,10321 10316,
1495,2,n20,20,38,T2-n20-5,4466,846,267.5221,astar,4,SUCCESS,0.0922,3,3,,267.5212,10321 10316,
1496,2,n20,20,38,T2-n20-5,4466,846,267.5221,dijkstra,4,SUCCESS,0.0642,8,8,,267.5212,10321 10316,
1497,2,n20,20,38,T2-n20-5,4466,846,267.5221,dfs,4,SUCCESS,0.0268,19,18,2,267.5212,10321 10316,
1498,2,n20,20,38,T2-n20-5,4466,846,267.5221,dfs,5,SUCCESS,0.0361,19,18,2,267.5212,10321 10316,
1499,2,n20,20,38,T2-n20-5,4466,846,267.5221,dijkstra,5,SUCCESS,0.1269,8,8,,267.5212,10321 10316,
1500,2,n20,20,38,T2-n20-5,4466,846,267.5221,astar,5,SUCCESS,0.1131,3,3,,267.5212,10321 10316,
1501,2,n20,20,38,T2-n20-6,4466,1401,282.8691,astar,1,SUCCESS,0.0845,5,5,,296.2925,10321 10316 1477 2394,
1502,2,n20,20,38,T2-n20-6,4466,1401,282.8691,dfs,1,SUCCESS,0.0245,37,20,2,296.2925,10321 10316 1477 2394,
1503,2,n20,20,38,T2-n20-6,4466,1401,282.8691,dijkstra,1,SUCCESS,0.0784,10,10,,296.2925,10321 10316 1477 2394,
1504,2,n20,20,38,T2-n20-6,4466,1401,282.8691,dijkstra,2,SUCCESS,0.0784,10,10,,296.2925,10321 10316 1477 2394,
1505,2,n20,20,38,T2-n20-6,4466,1401,282.8691,dfs,2,SUCCESS,0.0234,37,20,2,296.2925,10321 10316 1477 2394,
1506,2,n20,20,38,T2-n20-6,4466,1401,282.8691,astar,2,SUCCESS,0.0915,5,5,,296.2925,10321 10316 1477 2394,
1507,2,n20,20,38,T2-n20-6,4466,1401,282.8691,dijkstra,3,SUCCESS,0.1161,10,10,,296.2925,10321 10316 1477 2394,
1508,2,n20,20,38,T2-n20-6,4466,1401,282.8691,dfs,3,SUCCESS,0.0532,37,20,2,296.2925,10321 10316 1477 2394,
1509,2,n20,20,38,T2-n20-6,4466,1401,282.8691,astar,3,SUCCESS,0.111,5,5,,296.2925,10321 10316 1477 2394,
1510,2,n20,20,38,T2-n20-6,4466,1401,282.8691,astar,4,SUCCESS,0.0905,5,5,,296.2925,10321 10316 1477 2394,
1511,2,n20,20,38,T2-n20-6,4466,1401,282.8691,dijkstra,4,SUCCESS,0.0793,10,10,,296.2925,10321 10316 1477 2394,
1512,2,n20,20,38,T2-n20-6,4466,1401,282.8691,dfs,4,SUCCESS,0.0297,37,20,2,296.2925,10321 10316 1477 2394,
1513,2,n20,20,38,T2-n20-6,4466,1401,282.8691,astar,5,SUCCESS,0.0692,5,5,,296.2925,10321 10316 1477 2394,
1514,2,n20,20,38,T2-n20-6,4466,1401,282.8691,dijkstra,5,SUCCESS,0.0906,10,10,,296.2925,10321 10316 1477 2394,
1515,2,n20,20,38,T2-n20-6,4466,1401,282.8691,dfs,5,SUCCESS,0.0249,37,20,2,296.2925,10321 10316 1477 2394,
1516,2,n20,20,38,T2-n20-7,856,876,252.4857,dijkstra,1,SUCCESS,0.0988,18,18,,352.3043,4295 4955 4958 4960 2397,
1517,2,n20,20,38,T2-n20-7,856,876,252.4857,dfs,1,SUCCESS,0.0222,37,20,2,352.3043,4295 4955 4958 4960 2397,
1518,2,n20,20,38,T2-n20-7,856,876,252.4857,astar,1,SUCCESS,0.095,9,9,,352.3043,4295 4955 4958 4960 2397,
1519,2,n20,20,38,T2-n20-7,856,876,252.4857,dijkstra,2,SUCCESS,0.1404,18,18,,352.3043,4295 4955 4958 4960 2397,
1520,2,n20,20,38,T2-n20-7,856,876,252.4857,dfs,2,SUCCESS,0.0316,37,20,2,352.3043,4295 4955 4958 4960 2397,
1521,2,n20,20,38,T2-n20-7,856,876,252.4857,astar,2,SUCCESS,0.0865,9,9,,352.3043,4295 4955 4958 4960 2397,
1522,2,n20,20,38,T2-n20-7,856,876,252.4857,dijkstra,3,SUCCESS,0.0967,18,18,,352.3043,4295 4955 4958 4960 2397,
1523,2,n20,20,38,T2-n20-7,856,876,252.4857,dfs,3,SUCCESS,0.023,37,20,2,352.3043,4295 4955 4958 4960 2397,
1524,2,n20,20,38,T2-n20-7,856,876,252.4857,astar,3,SUCCESS,0.091,9,9,,352.3043,4295 4955 4958 4960 2397,
1525,2,n20,20,38,T2-n20-7,856,876,252.4857,dfs,4,SUCCESS,0.0228,37,20,2,352.3043,4295 4955 4958 4960 2397,
1526,2,n20,20,38,T2-n20-7,856,876,252.4857,dijkstra,4,SUCCESS,0.0909,18,18,,352.3043,4295 4955 4958 4960 2397,
1527,2,n20,20,38,T2-n20-7,856,876,252.4857,astar,4,SUCCESS,0.0971,9,9,,352.3043,4295 4955 4958 4960 2397,
1528,2,n20,20,38,T2-n20-7,856,876,252.4857,dijkstra,5,SUCCESS,0.0894,18,18,,352.3043,4295 4955 4958 4960 2397,
1529,2,n20,20,38,T2-n20-7,856,876,252.4857,dfs,5,SUCCESS,0.022,37,20,2,352.3043,4295 4955 4958 4960 2397,
1530,2,n20,20,38,T2-n20-7,856,876,252.4857,astar,5,SUCCESS,0.0794,9,9,,352.3043,4295 4955 4958 4960 2397,
1531,2,n20,20,38,T2-n20-8,876,854,320.17,dijkstra,1,SUCCESS,0.0838,13,13,,425.0673,1523 2396 4959 4957 4956 10313 1488,
1532,2,n20,20,38,T2-n20-8,876,854,320.17,astar,1,SUCCESS,0.0733,8,8,,425.0673,1523 2396 4959 4957 4956 10313 1488,
1533,2,n20,20,38,T2-n20-8,876,854,320.17,dfs,1,SUCCESS,0.0283,34,18,2,425.0673,1523 2396 4959 4957 4956 10313 1488,
1534,2,n20,20,38,T2-n20-8,876,854,320.17,dfs,2,SUCCESS,0.022,34,18,2,425.0673,1523 2396 4959 4957 4956 10313 1488,
1535,2,n20,20,38,T2-n20-8,876,854,320.17,astar,2,SUCCESS,0.0782,8,8,,425.0673,1523 2396 4959 4957 4956 10313 1488,
1536,2,n20,20,38,T2-n20-8,876,854,320.17,dijkstra,2,SUCCESS,0.1283,13,13,,425.0673,1523 2396 4959 4957 4956 10313 1488,
1537,2,n20,20,38,T2-n20-8,876,854,320.17,dfs,3,SUCCESS,0.0249,34,18,2,425.0673,1523 2396 4959 4957 4956 10313 1488,
1538,2,n20,20,38,T2-n20-8,876,854,320.17,dijkstra,3,SUCCESS,0.0899,13,13,,425.0673,1523 2396 4959 4957 4956 10313 1488,
1539,2,n20,20,38,T2-n20-8,876,854,320.17,astar,3,SUCCESS,0.0779,8,8,,425.0673,1523 2396 4959 4957 4956 10313 1488,
1540,2,n20,20,38,T2-n20-8,876,854,320.17,astar,4,SUCCESS,0.1018,8,8,,425.0673,1523 2396 4959 4957 4956 10313 1488,
1541,2,n20,20,38,T2-n20-8,876,854,320.17,dfs,4,SUCCESS,0.026,34,18,2,425.0673,1523 2396 4959 4957 4956 10313 1488,
1542,2,n20,20,38,T2-n20-8,876,854,320.17,dijkstra,4,SUCCESS,0.0807,13,13,,425.0673,1523 2396 4959 4957 4956 10313 1488,
1543,2,n20,20,38,T2-n20-8,876,854,320.17,astar,5,SUCCESS,0.0741,8,8,,425.0673,1523 2396 4959 4957 4956 10313 1488,
1544,2,n20,20,38,T2-n20-8,876,854,320.17,dfs,5,SUCCESS,0.0223,34,18,2,425.0673,1523 2396 4959 4957 4956 10313 1488,
1545,2,n20,20,38,T2-n20-8,876,854,320.17,dijkstra,5,SUCCESS,0.0955,13,13,,425.0673,1523 2396 4959 4957 4956 10313 1488,
1546,2,n20,20,38,T2-n20-9,1402,4466,249.3791,astar,1,SUCCESS,0.0813,10,10,,332.5856,4959 4957 4956 10312 10317,
1547,2,n20,20,38,T2-n20-9,1402,4466,249.3791,dfs,1,SUCCESS,0.0207,39,20,2,332.5856,4959 4957 4956 10312 10317,
1548,2,n20,20,38,T2-n20-9,1402,4466,249.3791,dijkstra,1,SUCCESS,0.0888,18,18,,332.5856,4959 4957 4956 10312 10317,
1549,2,n20,20,38,T2-n20-9,1402,4466,249.3791,astar,2,SUCCESS,0.0947,10,10,,332.5856,4959 4957 4956 10312 10317,
1550,2,n20,20,38,T2-n20-9,1402,4466,249.3791,dfs,2,SUCCESS,0.0534,39,20,2,332.5856,4959 4957 4956 10312 10317,
1551,2,n20,20,38,T2-n20-9,1402,4466,249.3791,dijkstra,2,SUCCESS,0.1161,18,18,,332.5856,4959 4957 4956 10312 10317,
1552,2,n20,20,38,T2-n20-9,1402,4466,249.3791,astar,3,SUCCESS,0.0839,10,10,,332.5856,4959 4957 4956 10312 10317,
1553,2,n20,20,38,T2-n20-9,1402,4466,249.3791,dijkstra,3,SUCCESS,0.0898,18,18,,332.5856,4959 4957 4956 10312 10317,
1554,2,n20,20,38,T2-n20-9,1402,4466,249.3791,dfs,3,SUCCESS,0.0241,39,20,2,332.5856,4959 4957 4956 10312 10317,
1555,2,n20,20,38,T2-n20-9,1402,4466,249.3791,dfs,4,SUCCESS,0.0242,39,20,2,332.5856,4959 4957 4956 10312 10317,
1556,2,n20,20,38,T2-n20-9,1402,4466,249.3791,dijkstra,4,SUCCESS,0.095,18,18,,332.5856,4959 4957 4956 10312 10317,
1557,2,n20,20,38,T2-n20-9,1402,4466,249.3791,astar,4,SUCCESS,0.0815,10,10,,332.5856,4959 4957 4956 10312 10317,
1558,2,n20,20,38,T2-n20-9,1402,4466,249.3791,dijkstra,5,SUCCESS,0.0899,18,18,,332.5856,4959 4957 4956 10312 10317,
1559,2,n20,20,38,T2-n20-9,1402,4466,249.3791,dfs,5,SUCCESS,0.0231,39,20,2,332.5856,4959 4957 4956 10312 10317,
1560,2,n20,20,38,T2-n20-9,1402,4466,249.3791,astar,5,SUCCESS,0.0871,10,10,,332.5856,4959 4957 4956 10312 10317,
1561,2,n20,20,38,T2-n20-10,852,2585,372.5703,dfs,1,SUCCESS,0.0208,21,20,2,400.2717,1483 1485 1487 1489 4295 4956,
1562,2,n20,20,38,T2-n20-10,852,2585,372.5703,astar,1,SUCCESS,0.0733,7,7,,400.2717,1483 1485 1487 1489 4295 4956,
1563,2,n20,20,38,T2-n20-10,852,2585,372.5703,dijkstra,1,SUCCESS,0.0937,7,7,,400.2717,1483 1485 1487 1489 4295 4956,
1564,2,n20,20,38,T2-n20-10,852,2585,372.5703,dfs,2,SUCCESS,0.0221,21,20,2,400.2717,1483 1485 1487 1489 4295 4956,
1565,2,n20,20,38,T2-n20-10,852,2585,372.5703,dijkstra,2,SUCCESS,0.0722,7,7,,400.2717,1483 1485 1487 1489 4295 4956,
1566,2,n20,20,38,T2-n20-10,852,2585,372.5703,astar,2,SUCCESS,0.0806,7,7,,400.2717,1483 1485 1487 1489 4295 4956,
1567,2,n20,20,38,T2-n20-10,852,2585,372.5703,astar,3,SUCCESS,0.07,7,7,,400.2717,1483 1485 1487 1489 4295 4956,
1568,2,n20,20,38,T2-n20-10,852,2585,372.5703,dijkstra,3,SUCCESS,0.0677,7,7,,400.2717,1483 1485 1487 1489 4295 4956,
1569,2,n20,20,38,T2-n20-10,852,2585,372.5703,dfs,3,SUCCESS,0.0229,21,20,2,400.2717,1483 1485 1487 1489 4295 4956,
1570,2,n20,20,38,T2-n20-10,852,2585,372.5703,dfs,4,SUCCESS,0.0211,21,20,2,400.2717,1483 1485 1487 1489 4295 4956,
1571,2,n20,20,38,T2-n20-10,852,2585,372.5703,dijkstra,4,SUCCESS,0.0679,7,7,,400.2717,1483 1485 1487 1489 4295 4956,
1572,2,n20,20,38,T2-n20-10,852,2585,372.5703,astar,4,SUCCESS,0.0714,7,7,,400.2717,1483 1485 1487 1489 4295 4956,
1573,2,n20,20,38,T2-n20-10,852,2585,372.5703,astar,5,SUCCESS,0.0727,7,7,,400.2717,1483 1485 1487 1489 4295 4956,
1574,2,n20,20,38,T2-n20-10,852,2585,372.5703,dijkstra,5,SUCCESS,0.0698,7,7,,400.2717,1483 1485 1487 1489 4295 4956,
1575,2,n20,20,38,T2-n20-10,852,2585,372.5703,dfs,5,SUCCESS,0.0237,21,20,2,400.2717,1483 1485 1487 1489 4295 4956,
1576,2,n25,25,48,T2-n25-1,845,4466,318.2697,dijkstra,1,SUCCESS,0.0979,15,15,,329.954,1474 1478 10317,
1577,2,n25,25,48,T2-n25-1,845,4466,318.2697,astar,1,SUCCESS,0.072,4,4,,329.954,1474 1478 10317,
1578,2,n25,25,48,T2-n25-1,845,4466,318.2697,dfs,1,SUCCESS,0.024,47,25,2,329.954,1474 1478 10317,
1579,2,n25,25,48,T2-n25-1,845,4466,318.2697,astar,2,SUCCESS,0.0719,4,4,,329.954,1474 1478 10317,
1580,2,n25,25,48,T2-n25-1,845,4466,318.2697,dijkstra,2,SUCCESS,0.0857,15,15,,329.954,1474 1478 10317,
1581,2,n25,25,48,T2-n25-1,845,4466,318.2697,dfs,2,SUCCESS,0.0293,47,25,2,329.954,1474 1478 10317,
1582,2,n25,25,48,T2-n25-1,845,4466,318.2697,dfs,3,SUCCESS,0.0262,47,25,2,329.954,1474 1478 10317,
1583,2,n25,25,48,T2-n25-1,845,4466,318.2697,astar,3,SUCCESS,0.0854,4,4,,329.954,1474 1478 10317,
1584,2,n25,25,48,T2-n25-1,845,4466,318.2697,dijkstra,3,SUCCESS,0.0863,15,15,,329.954,1474 1478 10317,
1585,2,n25,25,48,T2-n25-1,845,4466,318.2697,dfs,4,SUCCESS,0.0241,47,25,2,329.954,1474 1478 10317,
1586,2,n25,25,48,T2-n25-1,845,4466,318.2697,dijkstra,4,SUCCESS,0.0879,15,15,,329.954,1474 1478 10317,
1587,2,n25,25,48,T2-n25-1,845,4466,318.2697,astar,4,SUCCESS,0.068,4,4,,329.954,1474 1478 10317,
1588,2,n25,25,48,T2-n25-1,845,4466,318.2697,dijkstra,5,SUCCESS,0.0847,15,15,,329.954,1474 1478 10317,
1589,2,n25,25,48,T2-n25-1,845,4466,318.2697,dfs,5,SUCCESS,0.0241,47,25,2,329.954,1474 1478 10317,
1590,2,n25,25,48,T2-n25-1,845,4466,318.2697,astar,5,SUCCESS,0.0705,4,4,,329.954,1474 1478 10317,
1591,2,n25,25,48,T2-n25-2,1401,875,317.3264,dfs,1,SUCCESS,0.025,48,25,2,461.0248,10318 2393 2397 1521 1518 1517,
1592,2,n25,25,48,T2-n25-2,1401,875,317.3264,dijkstra,1,SUCCESS,0.0973,22,22,,461.0248,10318 2393 2397 1521 1518 1517,
1593,2,n25,25,48,T2-n25-2,1401,875,317.3264,astar,1,SUCCESS,0.081,10,10,,461.0248,10318 2393 2397 1521 1518 1517,
1594,2,n25,25,48,T2-n25-2,1401,875,317.3264,astar,2,SUCCESS,0.0843,10,10,,461.0248,10318 2393 2397 1521 1518 1517,
1595,2,n25,25,48,T2-n25-2,1401,875,317.3264,dfs,2,SUCCESS,0.0246,48,25,2,461.0248,10318 2393 2397 1521 1518 1517,
1596,2,n25,25,48,T2-n25-2,1401,875,317.3264,dijkstra,2,SUCCESS,0.1061,22,22,,461.0248,10318 2393 2397 1521 1518 1517,
1597,2,n25,25,48,T2-n25-2,1401,875,317.3264,dfs,3,SUCCESS,0.0467,48,25,2,461.0248,10318 2393 2397 1521 1518 1517,
1598,2,n25,25,48,T2-n25-2,1401,875,317.3264,astar,3,SUCCESS,0.2468,10,10,,461.0248,10318 2393 2397 1521 1518 1517,
1599,2,n25,25,48,T2-n25-2,1401,875,317.3264,dijkstra,3,SUCCESS,0.1556,22,22,,461.0248,10318 2393 2397 1521 1518 1517,
1600,2,n25,25,48,T2-n25-2,1401,875,317.3264,dijkstra,4,SUCCESS,0.144,22,22,,461.0248,10318 2393 2397 1521 1518 1517,
1601,2,n25,25,48,T2-n25-2,1401,875,317.3264,dfs,4,SUCCESS,0.0477,48,25,2,461.0248,10318 2393 2397 1521 1518 1517,
1602,2,n25,25,48,T2-n25-2,1401,875,317.3264,astar,4,SUCCESS,0.2,10,10,,461.0248,10318 2393 2397 1521 1518 1517,
1603,2,n25,25,48,T2-n25-2,1401,875,317.3264,dijkstra,5,SUCCESS,0.246,22,22,,461.0248,10318 2393 2397 1521 1518 1517,
1604,2,n25,25,48,T2-n25-2,1401,875,317.3264,dfs,5,SUCCESS,0.0691,48,25,2,461.0248,10318 2393 2397 1521 1518 1517,
1605,2,n25,25,48,T2-n25-2,1401,875,317.3264,astar,5,SUCCESS,0.2065,10,10,,461.0248,10318 2393 2397 1521 1518 1517,
1606,2,n25,25,48,T2-n25-3,4466,874,450.626,dfs,1,SUCCESS,0.0583,41,22,2,636.4846,10321 10314 10313 1489 4295 4955 4958 4960 2397 1521,
1607,2,n25,25,48,T2-n25-3,4466,874,450.626,astar,1,SUCCESS,0.2182,17,17,,636.4846,10321 10314 10313 1489 4295 4955 4958 4960 2397 1521,
1608,2,n25,25,48,T2-n25-3,4466,874,450.626,dijkstra,1,SUCCESS,0.1575,21,21,,636.4846,10321 10314 10313 1489 4295 4955 4958 4960 2397 1521,
1609,2,n25,25,48,T2-n25-3,4466,874,450.626,astar,2,SUCCESS,0.1424,17,17,,636.4846,10321 10314 10313 1489 4295 4955 4958 4960 2397 1521,
1610,2,n25,25,48,T2-n25-3,4466,874,450.626,dfs,2,SUCCESS,0.0365,41,22,2,636.4846,10321 10314 10313 1489 4295 4955 4958 4960 2397 1521,
1611,2,n25,25,48,T2-n25-3,4466,874,450.626,dijkstra,2,SUCCESS,0.2252,21,21,,636.4846,10321 10314 10313 1489 4295 4955 4958 4960 2397 1521,
1612,2,n25,25,48,T2-n25-3,4466,874,450.626,dijkstra,3,SUCCESS,0.18,21,21,,636.4846,10321 10314 10313 1489 4295 4955 4958 4960 2397 1521,
1613,2,n25,25,48,T2-n25-3,4466,874,450.626,astar,3,SUCCESS,0.1804,17,17,,636.4846,10321 10314 10313 1489 4295 4955 4958 4960 2397 1521,
1614,2,n25,25,48,T2-n25-3,4466,874,450.626,dfs,3,SUCCESS,0.0448,41,22,2,636.4846,10321 10314 10313 1489 4295 4955 4958 4960 2397 1521,
1615,2,n25,25,48,T2-n25-3,4466,874,450.626,astar,4,SUCCESS,0.1801,17,17,,636.4846,10321 10314 10313 1489 4295 4955 4958 4960 2397 1521,
1616,2,n25,25,48,T2-n25-3,4466,874,450.626,dfs,4,SUCCESS,0.0379,41,22,2,636.4846,10321 10314 10313 1489 4295 4955 4958 4960 2397 1521,
1617,2,n25,25,48,T2-n25-3,4466,874,450.626,dijkstra,4,SUCCESS,0.1527,21,21,,636.4846,10321 10314 10313 1489 4295 4955 4958 4960 2397 1521,
1618,2,n25,25,48,T2-n25-3,4466,874,450.626,dijkstra,5,SUCCESS,0.1468,21,21,,636.4846,10321 10314 10313 1489 4295 4955 4958 4960 2397 1521,
1619,2,n25,25,48,T2-n25-3,4466,874,450.626,astar,5,SUCCESS,0.1495,17,17,,636.4846,10321 10314 10313 1489 4295 4955 4958 4960 2397 1521,
1620,2,n25,25,48,T2-n25-3,4466,874,450.626,dfs,5,SUCCESS,0.0382,41,22,2,636.4846,10321 10314 10313 1489 4295 4955 4958 4960 2397 1521,
1621,2,n25,25,48,T2-n25-4,846,869,349.5269,dfs,1,SUCCESS,0.0234,47,25,2,480.9799,1477 2393 2397 1521 1518 1515,
1622,2,n25,25,48,T2-n25-4,846,869,349.5269,dijkstra,1,SUCCESS,0.1477,24,24,,480.9799,1477 2393 2397 1521 1518 1515,
1623,2,n25,25,48,T2-n25-4,846,869,349.5269,astar,1,SUCCESS,0.1349,10,10,,480.9799,1477 2393 2397 1521 1518 1515,
1624,2,n25,25,48,T2-n25-4,846,869,349.5269,dfs,2,SUCCESS,0.0496,47,25,2,480.9799,1477 2393 2397 1521 1518 1515,
1625,2,n25,25,48,T2-n25-4,846,869,349.5269,dijkstra,2,SUCCESS,0.1741,24,24,,480.9799,1477 2393 2397 1521 1518 1515,
1626,2,n25,25,48,T2-n25-4,846,869,349.5269,astar,2,SUCCESS,0.1478,10,10,,480.9799,1477 2393 2397 1521 1518 1515,
1627,2,n25,25,48,T2-n25-4,846,869,349.5269,astar,3,SUCCESS,0.094,10,10,,480.9799,1477 2393 2397 1521 1518 1515,
1628,2,n25,25,48,T2-n25-4,846,869,349.5269,dijkstra,3,SUCCESS,0.1102,24,24,,480.9799,1477 2393 2397 1521 1518 1515,
1629,2,n25,25,48,T2-n25-4,846,869,349.5269,dfs,3,SUCCESS,0.0331,47,25,2,480.9799,1477 2393 2397 1521 1518 1515,
1630,2,n25,25,48,T2-n25-4,846,869,349.5269,astar,4,SUCCESS,0.0936,10,10,,480.9799,1477 2393 2397 1521 1518 1515,
1631,2,n25,25,48,T2-n25-4,846,869,349.5269,dfs,4,SUCCESS,0.0265,47,25,2,480.9799,1477 2393 2397 1521 1518 1515,
1632,2,n25,25,48,T2-n25-4,846,869,349.5269,dijkstra,4,SUCCESS,0.1256,24,24,,480.9799,1477 2393 2397 1521 1518 1515,
1633,2,n25,25,48,T2-n25-4,846,869,349.5269,astar,5,SUCCESS,0.1025,10,10,,480.9799,1477 2393 2397 1521 1518 1515,
1634,2,n25,25,48,T2-n25-4,846,869,349.5269,dijkstra,5,SUCCESS,0.1598,24,24,,480.9799,1477 2393 2397 1521 1518 1515,
1635,2,n25,25,48,T2-n25-4,846,869,349.5269,dfs,5,SUCCESS,0.0396,47,25,2,480.9799,1477 2393 2397 1521 1518 1515,
1636,2,n25,25,48,T2-n25-5,2584,852,420.4217,dijkstra,1,SUCCESS,0.1618,24,24,,427.7295,4957 4956 10313 1488 1486 1484,
1637,2,n25,25,48,T2-n25-5,2584,852,420.4217,astar,1,SUCCESS,0.0923,7,7,,427.7295,4957 4956 10313 1488 1486 1484,
1638,2,n25,25,48,T2-n25-5,2584,852,420.4217,dfs,1,SUCCESS,0.0294,49,25,2,427.7295,4957 4956 10313 1488 1486 1484,
1639,2,n25,25,48,T2-n25-5,2584,852,420.4217,dfs,2,SUCCESS,0.0253,49,25,2,427.7295,4957 4956 10313 1488 1486 1484,
1640,2,n25,25,48,T2-n25-5,2584,852,420.4217,dijkstra,2,SUCCESS,0.14,24,24,,427.7295,4957 4956 10313 1488 1486 1484,
1641,2,n25,25,48,T2-n25-5,2584,852,420.4217,astar,2,SUCCESS,0.0935,7,7,,427.7295,4957 4956 10313 1488 1486 1484,
1642,2,n25,25,48,T2-n25-5,2584,852,420.4217,astar,3,SUCCESS,0.0777,7,7,,427.7295,4957 4956 10313 1488 1486 1484,
1643,2,n25,25,48,T2-n25-5,2584,852,420.4217,dijkstra,3,SUCCESS,0.097,24,24,,427.7295,4957 4956 10313 1488 1486 1484,
1644,2,n25,25,48,T2-n25-5,2584,852,420.4217,dfs,3,SUCCESS,0.0286,49,25,2,427.7295,4957 4956 10313 1488 1486 1484,
1645,2,n25,25,48,T2-n25-5,2584,852,420.4217,dfs,4,SUCCESS,0.0235,49,25,2,427.7295,4957 4956 10313 1488 1486 1484,
1646,2,n25,25,48,T2-n25-5,2584,852,420.4217,dijkstra,4,SUCCESS,0.1022,24,24,,427.7295,4957 4956 10313 1488 1486 1484,
1647,2,n25,25,48,T2-n25-5,2584,852,420.4217,astar,4,SUCCESS,0.0761,7,7,,427.7295,4957 4956 10313 1488 1486 1484,
1648,2,n25,25,48,T2-n25-5,2584,852,420.4217,astar,5,SUCCESS,0.0749,7,7,,427.7295,4957 4956 10313 1488 1486 1484,
1649,2,n25,25,48,T2-n25-5,2584,852,420.4217,dfs,5,SUCCESS,0.024,49,25,2,427.7295,4957 4956 10313 1488 1486 1484,
1650,2,n25,25,48,T2-n25-5,2584,852,420.4217,dijkstra,5,SUCCESS,0.1027,24,24,,427.7295,4957 4956 10313 1488 1486 1484,
1651,2,n25,25,48,T2-n25-6,1402,852,469.4404,astar,1,SUCCESS,0.0768,8,8,,476.7486,4959 4957 4956 10313 1488 1486 1484,
1652,2,n25,25,48,T2-n25-6,1402,852,469.4404,dijkstra,1,SUCCESS,0.0971,25,25,,476.7486,4959 4957 4956 10313 1488 1486 1484,
1653,2,n25,25,48,T2-n25-6,1402,852,469.4404,dfs,1,SUCCESS,0.0257,49,25,2,476.7486,4959 4957 4956 10313 1488 1486 1484,
1654,2,n25,25,48,T2-n25-6,1402,852,469.4404,dijkstra,2,SUCCESS,0.1123,25,25,,476.7486,4959 4957 4956 10313 1488 1486 1484,
1655,2,n25,25,48,T2-n25-6,1402,852,469.4404,astar,2,SUCCESS,0.077,8,8,,476.7486,4959 4957 4956 10313 1488 1486 1484,
1656,2,n25,25,48,T2-n25-6,1402,852,469.4404,dfs,2,SUCCESS,0.0256,49,25,2,476.7486,4959 4957 4956 10313 1488 1486 1484,
1657,2,n25,25,48,T2-n25-6,1402,852,469.4404,dijkstra,3,SUCCESS,0.1294,25,25,,476.7486,4959 4957 4956 10313 1488 1486 1484,
1658,2,n25,25,48,T2-n25-6,1402,852,469.4404,astar,3,SUCCESS,0.0751,8,8,,476.7486,4959 4957 4956 10313 1488 1486 1484,
1659,2,n25,25,48,T2-n25-6,1402,852,469.4404,dfs,3,SUCCESS,0.0235,49,25,2,476.7486,4959 4957 4956 10313 1488 1486 1484,
1660,2,n25,25,48,T2-n25-6,1402,852,469.4404,dfs,4,SUCCESS,0.0226,49,25,2,476.7486,4959 4957 4956 10313 1488 1486 1484,
1661,2,n25,25,48,T2-n25-6,1402,852,469.4404,dijkstra,4,SUCCESS,0.0989,25,25,,476.7486,4959 4957 4956 10313 1488 1486 1484,
1662,2,n25,25,48,T2-n25-6,1402,852,469.4404,astar,4,SUCCESS,0.0781,8,8,,476.7486,4959 4957 4956 10313 1488 1486 1484,
1663,2,n25,25,48,T2-n25-6,1402,852,469.4404,dfs,5,SUCCESS,0.0238,49,25,2,476.7486,4959 4957 4956 10313 1488 1486 1484,
1664,2,n25,25,48,T2-n25-6,1402,852,469.4404,astar,5,SUCCESS,0.1096,8,8,,476.7486,4959 4957 4956 10313 1488 1486 1484,
1665,2,n25,25,48,T2-n25-6,1402,852,469.4404,dijkstra,5,SUCCESS,0.0982,25,25,,476.7486,4959 4957 4956 10313 1488 1486 1484,
1666,2,n25,25,48,T2-n25-7,875,2585,359.4842,dijkstra,1,SUCCESS,0.0757,14,14,,476.971,8317 1516 1519 1523 2396 4959 4957 4956,
1667,2,n25,25,48,T2-n25-7,875,2585,359.4842,astar,1,SUCCESS,0.0774,9,9,,476.971,8317 1516 1519 1523 2396 4959 4957 4956,
1668,2,n25,25,48,T2-n25-7,875,2585,359.4842,dfs,1,SUCCESS,0.0229,20,19,2,476.971,8317 1516 1519 1523 2396 4959 4957 4956,
1669,2,n25,25,48,T2-n25-7,875,2585,359.4842,astar,2,SUCCESS,0.0909,9,9,,476.971,8317 1516 1519 1523 2396 4959 4957 4956,
1670,2,n25,25,48,T2-n25-7,875,2585,359.4842,dijkstra,2,SUCCESS,0.2058,14,14,,476.971,8317 1516 1519 1523 2396 4959 4957 4956,
1671,2,n25,25,48,T2-n25-7,875,2585,359.4842,dfs,2,SUCCESS,0.0221,20,19,2,476.971,8317 1516 1519 1523 2396 4959 4957 4956,
1672,2,n25,25,48,T2-n25-7,875,2585,359.4842,dijkstra,3,SUCCESS,0.0772,14,14,,476.971,8317 1516 1519 1523 2396 4959 4957 4956,
1673,2,n25,25,48,T2-n25-7,875,2585,359.4842,astar,3,SUCCESS,0.0972,9,9,,476.971,8317 1516 1519 1523 2396 4959 4957 4956,
1674,2,n25,25,48,T2-n25-7,875,2585,359.4842,dfs,3,SUCCESS,0.0358,20,19,2,476.971,8317 1516 1519 1523 2396 4959 4957 4956,
1675,2,n25,25,48,T2-n25-7,875,2585,359.4842,dfs,4,SUCCESS,0.0285,20,19,2,476.971,8317 1516 1519 1523 2396 4959 4957 4956,
1676,2,n25,25,48,T2-n25-7,875,2585,359.4842,astar,4,SUCCESS,0.0968,9,9,,476.971,8317 1516 1519 1523 2396 4959 4957 4956,
1677,2,n25,25,48,T2-n25-7,875,2585,359.4842,dijkstra,4,SUCCESS,0.0814,14,14,,476.971,8317 1516 1519 1523 2396 4959 4957 4956,
1678,2,n25,25,48,T2-n25-7,875,2585,359.4842,dfs,5,SUCCESS,0.0251,20,19,2,476.971,8317 1516 1519 1523 2396 4959 4957 4956,
1679,2,n25,25,48,T2-n25-7,875,2585,359.4842,astar,5,SUCCESS,0.0997,9,9,,476.971,8317 1516 1519 1523 2396 4959 4957 4956,
1680,2,n25,25,48,T2-n25-7,875,2585,359.4842,dijkstra,5,SUCCESS,0.0799,14,14,,476.971,8317 1516 1519 1523 2396 4959 4957 4956,
1681,2,n25,25,48,T2-n25-8,877,4466,502.3926,dfs,1,SUCCESS,0.024,43,25,2,710.2594,3171 1523 2396 4959 4957 4956 10312 10317,
1682,2,n25,25,48,T2-n25-8,877,4466,502.3926,dijkstra,1,SUCCESS,0.0964,24,24,,710.2594,3171 1523 2396 4959 4957 4956 10312 10317,
1683,2,n25,25,48,T2-n25-8,877,4466,502.3926,astar,1,SUCCESS,0.1311,14,14,,710.2594,3171 1523 2396 4959 4957 4956 10312 10317,
1684,2,n25,25,48,T2-n25-8,877,4466,502.3926,dfs,2,SUCCESS,0.0291,43,25,2,710.2594,3171 1523 2396 4959 4957 4956 10312 10317,
1685,2,n25,25,48,T2-n25-8,877,4466,502.3926,astar,2,SUCCESS,0.0977,14,14,,710.2594,3171 1523 2396 4959 4957 4956 10312 10317,
1686,2,n25,25,48,T2-n25-8,877,4466,502.3926,dijkstra,2,SUCCESS,0.1154,24,24,,710.2594,3171 1523 2396 4959 4957 4956 10312 10317,
1687,2,n25,25,48,T2-n25-8,877,4466,502.3926,dfs,3,SUCCESS,0.0291,43,25,2,710.2594,3171 1523 2396 4959 4957 4956 10312 10317,
1688,2,n25,25,48,T2-n25-8,877,4466,502.3926,dijkstra,3,SUCCESS,0.2526,24,24,,710.2594,3171 1523 2396 4959 4957 4956 10312 10317,
1689,2,n25,25,48,T2-n25-8,877,4466,502.3926,astar,3,SUCCESS,0.1164,14,14,,710.2594,3171 1523 2396 4959 4957 4956 10312 10317,
1690,2,n25,25,48,T2-n25-8,877,4466,502.3926,dijkstra,4,SUCCESS,0.1672,24,24,,710.2594,3171 1523 2396 4959 4957 4956 10312 10317,
1691,2,n25,25,48,T2-n25-8,877,4466,502.3926,dfs,4,SUCCESS,0.0287,43,25,2,710.2594,3171 1523 2396 4959 4957 4956 10312 10317,
1692,2,n25,25,48,T2-n25-8,877,4466,502.3926,astar,4,SUCCESS,0.0569,14,14,,710.2594,3171 1523 2396 4959 4957 4956 10312 10317,
1693,2,n25,25,48,T2-n25-8,877,4466,502.3926,dijkstra,5,SUCCESS,0.0965,24,24,,710.2594,3171 1523 2396 4959 4957 4956 10312 10317,
1694,2,n25,25,48,T2-n25-8,877,4466,502.3926,dfs,5,SUCCESS,0.0257,43,25,2,710.2594,3171 1523 2396 4959 4957 4956 10312 10317,
1695,2,n25,25,48,T2-n25-8,877,4466,502.3926,astar,5,SUCCESS,0.098,14,14,,710.2594,3171 1523 2396 4959 4957 4956 10312 10317,
1696,2,n25,25,48,T2-n25-9,872,2275,326.3879,dfs,1,SUCCESS,0.0229,26,25,2,419.6431,1516 1519 1523 2396 4959 4957,
1697,2,n25,25,48,T2-n25-9,872,2275,326.3879,dijkstra,1,SUCCESS,0.0973,12,12,,419.6431,1516 1519 1523 2396 4959 4957,
1698,2,n25,25,48,T2-n25-9,872,2275,326.3879,astar,1,SUCCESS,0.0792,8,8,,419.6431,1516 1519 1523 2396 4959 4957,
1699,2,n25,25,48,T2-n25-9,872,2275,326.3879,dijkstra,2,SUCCESS,0.0725,12,12,,419.6431,1516 1519 1523 2396 4959 4957,
1700,2,n25,25,48,T2-n25-9,872,2275,326.3879,astar,2,SUCCESS,0.0846,8,8,,419.6431,1516 1519 1523 2396 4959 4957,
1701,2,n25,25,48,T2-n25-9,872,2275,326.3879,dfs,2,SUCCESS,0.0246,26,25,2,419.6431,1516 1519 1523 2396 4959 4957,
1702,2,n25,25,48,T2-n25-9,872,2275,326.3879,astar,3,SUCCESS,0.081,8,8,,419.6431,1516 1519 1523 2396 4959 4957,
1703,2,n25,25,48,T2-n25-9,872,2275,326.3879,dfs,3,SUCCESS,0.0222,26,25,2,419.6431,1516 1519 1523 2396 4959 4957,
1704,2,n25,25,48,T2-n25-9,872,2275,326.3879,dijkstra,3,SUCCESS,0.0756,12,12,,419.6431,1516 1519 1523 2396 4959 4957,
1705,2,n25,25,48,T2-n25-9,872,2275,326.3879,astar,4,SUCCESS,0.0788,8,8,,419.6431,1516 1519 1523 2396 4959 4957,
1706,2,n25,25,48,T2-n25-9,872,2275,326.3879,dfs,4,SUCCESS,0.0371,26,25,2,419.6431,1516 1519 1523 2396 4959 4957,
1707,2,n25,25,48,T2-n25-9,872,2275,326.3879,dijkstra,4,SUCCESS,0.0873,12,12,,419.6431,1516 1519 1523 2396 4959 4957,
1708,2,n25,25,48,T2-n25-9,872,2275,326.3879,dijkstra,5,SUCCESS,0.0745,12,12,,419.6431,1516 1519 1523 2396 4959 4957,
1709,2,n25,25,48,T2-n25-9,872,2275,326.3879,astar,5,SUCCESS,0.1454,8,8,,419.6431,1516 1519 1523 2396 4959 4957,
1710,2,n25,25,48,T2-n25-9,872,2275,326.3879,dfs,5,SUCCESS,0.0223,26,25,2,419.6431,1516 1519 1523 2396 4959 4957,
1711,2,n25,25,48,T2-n25-10,869,849,445.7111,dijkstra,1,SUCCESS,0.1246,19,19,,587.6231,1513 1516 1519 1523 2396 4959 4957 4956 10312,
1712,2,n25,25,48,T2-n25-10,869,849,445.7111,dfs,1,SUCCESS,0.0262,24,23,2,587.6231,1513 1516 1519 1523 2396 4959 4957 4956 10312,
1713,2,n25,25,48,T2-n25-10,869,849,445.7111,astar,1,SUCCESS,0.0819,11,11,,587.6231,1513 1516 1519 1523 2396 4959 4957 4956 10312,
1714,2,n25,25,48,T2-n25-10,869,849,445.7111,astar,2,SUCCESS,0.0887,11,11,,587.6231,1513 1516 1519 1523 2396 4959 4957 4956 10312,
1715,2,n25,25,48,T2-n25-10,869,849,445.7111,dfs,2,SUCCESS,0.0239,24,23,2,587.6231,1513 1516 1519 1523 2396 4959 4957 4956 10312,
1716,2,n25,25,48,T2-n25-10,869,849,445.7111,dijkstra,2,SUCCESS,0.6123,19,19,,587.6231,1513 1516 1519 1523 2396 4959 4957 4956 10312,
1717,2,n25,25,48,T2-n25-10,869,849,445.7111,dijkstra,3,SUCCESS,0.1092,19,19,,587.6231,1513 1516 1519 1523 2396 4959 4957 4956 10312,
1718,2,n25,25,48,T2-n25-10,869,849,445.7111,dfs,3,SUCCESS,0.0276,24,23,2,587.6231,1513 1516 1519 1523 2396 4959 4957 4956 10312,
1719,2,n25,25,48,T2-n25-10,869,849,445.7111,astar,3,SUCCESS,0.0844,11,11,,587.6231,1513 1516 1519 1523 2396 4959 4957 4956 10312,
1720,2,n25,25,48,T2-n25-10,869,849,445.7111,dijkstra,4,SUCCESS,0.0862,19,19,,587.6231,1513 1516 1519 1523 2396 4959 4957 4956 10312,
1721,2,n25,25,48,T2-n25-10,869,849,445.7111,dfs,4,SUCCESS,0.0221,24,23,2,587.6231,1513 1516 1519 1523 2396 4959 4957 4956 10312,
1722,2,n25,25,48,T2-n25-10,869,849,445.7111,astar,4,SUCCESS,0.0943,11,11,,587.6231,1513 1516 1519 1523 2396 4959 4957 4956 10312,
1723,2,n25,25,48,T2-n25-10,869,849,445.7111,dfs,5,SUCCESS,0.0235,24,23,2,587.6231,1513 1516 1519 1523 2396 4959 4957 4956 10312,
1724,2,n25,25,48,T2-n25-10,869,849,445.7111,dijkstra,5,SUCCESS,0.0903,19,19,,587.6231,1513 1516 1519 1523 2396 4959 4957 4956 10312,
1725,2,n25,25,48,T2-n25-10,869,849,445.7111,astar,5,SUCCESS,0.0804,11,11,,587.6231,1513 1516 1519 1523 2396 4959 4957 4956 10312,
1726,2,n30,30,60,T2-n30-1,876,4466,423.0175,astar,1,SUCCESS,0.0972,15,15,,584.584,1523 2396 4959 4957 4956 10312 10317,
1727,2,n30,30,60,T2-n30-1,876,4466,423.0175,dijkstra,1,SUCCESS,0.1441,28,28,,584.584,1523 2396 4959 4957 4956 10312 10317,
1728,2,n30,30,60,T2-n30-1,876,4466,423.0175,dfs,1,SUCCESS,0.0303,58,30,2,584.584,1523 2396 4959 4957 4956 10312 10317,
1729,2,n30,30,60,T2-n30-1,876,4466,423.0175,dijkstra,2,SUCCESS,0.0927,28,28,,584.584,1523 2396 4959 4957 4956 10312 10317,
1730,2,n30,30,60,T2-n30-1,876,4466,423.0175,dfs,2,SUCCESS,0.0417,58,30,2,584.584,1523 2396 4959 4957 4956 10312 10317,
1731,2,n30,30,60,T2-n30-1,876,4466,423.0175,astar,2,SUCCESS,0.1296,15,15,,584.584,1523 2396 4959 4957 4956 10312 10317,
1732,2,n30,30,60,T2-n30-1,876,4466,423.0175,dfs,3,SUCCESS,0.0437,58,30,2,584.584,1523 2396 4959 4957 4956 10312 10317,
1733,2,n30,30,60,T2-n30-1,876,4466,423.0175,dijkstra,3,SUCCESS,0.1302,28,28,,584.584,1523 2396 4959 4957 4956 10312 10317,
1734,2,n30,30,60,T2-n30-1,876,4466,423.0175,astar,3,SUCCESS,0.101,15,15,,584.584,1523 2396 4959 4957 4956 10312 10317,
1735,2,n30,30,60,T2-n30-1,876,4466,423.0175,astar,4,SUCCESS,0.1471,15,15,,584.584,1523 2396 4959 4957 4956 10312 10317,
1736,2,n30,30,60,T2-n30-1,876,4466,423.0175,dfs,4,SUCCESS,0.0266,58,30,2,584.584,1523 2396 4959 4957 4956 10312 10317,
1737,2,n30,30,60,T2-n30-1,876,4466,423.0175,dijkstra,4,SUCCESS,0.1123,28,28,,584.584,1523 2396 4959 4957 4956 10312 10317,
1738,2,n30,30,60,T2-n30-1,876,4466,423.0175,dijkstra,5,SUCCESS,0.1576,28,28,,584.584,1523 2396 4959 4957 4956 10312 10317,
1739,2,n30,30,60,T2-n30-1,876,4466,423.0175,astar,5,SUCCESS,0.1102,15,15,,584.584,1523 2396 4959 4957 4956 10312 10317,
1740,2,n30,30,60,T2-n30-1,876,4466,423.0175,dfs,5,SUCCESS,0.0307,58,30,2,584.584,1523 2396 4959 4957 4956 10312 10317,
1741,2,n30,30,60,T2-n30-2,877,847,453.7618,dijkstra,1,SUCCESS,0.1682,27,27,,683.2877,3171 1523 2395 2392 1476 1475,
1742,2,n30,30,60,T2-n30-2,877,847,453.7618,dfs,1,SUCCESS,0.0447,96,30,4,683.2877,3171 1523 2395 2392 1476 1475,
1743,2,n30,30,60,T2-n30-2,877,847,453.7618,astar,1,SUCCESS,0.1275,20,20,,683.2877,3171 1523 2395 2392 1476 1475,
1744,2,n30,30,60,T2-n30-2,877,847,453.7618,astar,2,SUCCESS,0.2497,20,20,,683.2877,3171 1523 2395 2392 1476 1475,
1745,2,n30,30,60,T2-n30-2,877,847,453.7618,dfs,2,SUCCESS,0.0369,96,30,4,683.2877,3171 1523 2395 2392 1476 1475,
1746,2,n30,30,60,T2-n30-2,877,847,453.7618,dijkstra,2,SUCCESS,0.1234,27,27,,683.2877,3171 1523 2395 2392 1476 1475,
1747,2,n30,30,60,T2-n30-2,877,847,453.7618,dijkstra,3,SUCCESS,0.1084,27,27,,683.2877,3171 1523 2395 2392 1476 1475,
1748,2,n30,30,60,T2-n30-2,877,847,453.7618,astar,3,SUCCESS,0.1011,20,20,,683.2877,3171 1523 2395 2392 1476 1475,
1749,2,n30,30,60,T2-n30-2,877,847,453.7618,dfs,3,SUCCESS,0.0279,96,30,4,683.2877,3171 1523 2395 2392 1476 1475,
1750,2,n30,30,60,T2-n30-2,877,847,453.7618,dfs,4,SUCCESS,0.0289,96,30,4,683.2877,3171 1523 2395 2392 1476 1475,
1751,2,n30,30,60,T2-n30-2,877,847,453.7618,dijkstra,4,SUCCESS,0.1093,27,27,,683.2877,3171 1523 2395 2392 1476 1475,
1752,2,n30,30,60,T2-n30-2,877,847,453.7618,astar,4,SUCCESS,0.1044,20,20,,683.2877,3171 1523 2395 2392 1476 1475,
1753,2,n30,30,60,T2-n30-2,877,847,453.7618,dfs,5,SUCCESS,0.0267,96,30,4,683.2877,3171 1523 2395 2392 1476 1475,
1754,2,n30,30,60,T2-n30-2,877,847,453.7618,dijkstra,5,SUCCESS,0.0978,27,27,,683.2877,3171 1523 2395 2392 1476 1475,
1755,2,n30,30,60,T2-n30-2,877,847,453.7618,astar,5,SUCCESS,0.1017,20,20,,683.2877,3171 1523 2395 2392 1476 1475,
1756,2,n30,30,60,T2-n30-3,2585,844,556.4926,dfs,1,SUCCESS,0.0251,71,30,2,701.2104,10312 10316 1476 1473,
1757,2,n30,30,60,T2-n30-3,2585,844,556.4926,astar,1,SUCCESS,0.0981,15,15,,701.2104,10312 10316 1476 1473,
1758,2,n30,30,60,T2-n30-3,2585,844,556.4926,dijkstra,1,SUCCESS,0.1085,30,30,,701.2104,10312 10316 1476 1473,
1759,2,n30,30,60,T2-n30-3,2585,844,556.4926,dijkstra,2,SUCCESS,0.1069,30,30,,701.2104,10312 10316 1476 1473,
1760,2,n30,30,60,T2-n30-3,2585,844,556.4926,astar,2,SUCCESS,0.0947,15,15,,701.2104,10312 10316 1476 1473,
1761,2,n30,30,60,T2-n30-3,2585,844,556.4926,dfs,2,SUCCESS,0.0289,71,30,2,701.2104,10312 10316 1476 1473,
1762,2,n30,30,60,T2-n30-3,2585,844,556.4926,dfs,3,SUCCESS,0.025,71,30,2,701.2104,10312 10316 1476 1473,
1763,2,n30,30,60,T2-n30-3,2585,844,556.4926,astar,3,SUCCESS,0.1158,15,15,,701.2104,10312 10316 1476 1473,
1764,2,n30,30,60,T2-n30-3,2585,844,556.4926,dijkstra,3,SUCCESS,0.1032,30,30,,701.2104,10312 10316 1476 1473,
1765,2,n30,30,60,T2-n30-3,2585,844,556.4926,dfs,4,SUCCESS,0.0277,71,30,2,701.2104,10312 10316 1476 1473,
1766,2,n30,30,60,T2-n30-3,2585,844,556.4926,dijkstra,4,SUCCESS,0.1464,30,30,,701.2104,10312 10316 1476 1473,
1767,2,n30,30,60,T2-n30-3,2585,844,556.4926,astar,4,SUCCESS,0.1039,15,15,,701.2104,10312 10316 1476 1473,
1768,2,n30,30,60,T2-n30-3,2585,844,556.4926,astar,5,SUCCESS,0.0945,15,15,,701.2104,10312 10316 1476 1473,
1769,2,n30,30,60,T2-n30-3,2585,844,556.4926,dijkstra,5,SUCCESS,0.1042,30,30,,701.2104,10312 10316 1476 1473,
1770,2,n30,30,60,T2-n30-3,2585,844,556.4926,dfs,5,SUCCESS,0.0284,71,30,2,701.2104,10312 10316 1476 1473,
1771,2,n30,30,60,T2-n30-4,845,877,391.4188,dijkstra,1,SUCCESS,0.1222,24,24,,536.9332,1474 1477 2393 2397 1522,
1772,2,n30,30,60,T2-n30-4,845,877,391.4188,dfs,1,SUCCESS,0.0284,56,29,4,536.9332,1474 1477 2393 2397 1522,
1773,2,n30,30,60,T2-n30-4,845,877,391.4188,astar,1,SUCCESS,0.0849,8,8,,536.9332,1474 1477 2393 2397 1522,
1774,2,n30,30,60,T2-n30-4,845,877,391.4188,dfs,2,SUCCESS,0.0254,56,29,4,536.9332,1474 1477 2393 2397 1522,
1775,2,n30,30,60,T2-n30-4,845,877,391.4188,astar,2,SUCCESS,0.0923,8,8,,536.9332,1474 1477 2393 2397 1522,
1776,2,n30,30,60,T2-n30-4,845,877,391.4188,dijkstra,2,SUCCESS,0.1163,24,24,,536.9332,1474 1477 2393 2397 1522,
1777,2,n30,30,60,T2-n30-4,845,877,391.4188,dijkstra,3,SUCCESS,0.1235,24,24,,536.9332,1474 1477 2393 2397 1522,
1778,2,n30,30,60,T2-n30-4,845,877,391.4188,astar,3,SUCCESS,0.0882,8,8,,536.9332,1474 1477 2393 2397 1522,
1779,2,n30,30,60,T2-n30-4,845,877,391.4188,dfs,3,SUCCESS,0.0315,56,29,4,536.9332,1474 1477 2393 2397 1522,
1780,2,n30,30,60,T2-n30-4,845,877,391.4188,dijkstra,4,SUCCESS,0.1052,24,24,,536.9332,1474 1477 2393 2397 1522,
1781,2,n30,30,60,T2-n30-4,845,877,391.4188,astar,4,SUCCESS,0.0827,8,8,,536.9332,1474 1477 2393 2397 1522,
1782,2,n30,30,60,T2-n30-4,845,877,391.4188,dfs,4,SUCCESS,0.0303,56,29,4,536.9332,1474 1477 2393 2397 1522,
1783,2,n30,30,60,T2-n30-4,845,877,391.4188,dijkstra,5,SUCCESS,0.1098,24,24,,536.9332,1474 1477 2393 2397 1522,
1784,2,n30,30,60,T2-n30-4,845,877,391.4188,astar,5,SUCCESS,0.084,8,8,,536.9332,1474 1477 2393 2397 1522,
1785,2,n30,30,60,T2-n30-4,845,877,391.4188,dfs,5,SUCCESS,0.0247,56,29,4,536.9332,1474 1477 2393 2397 1522,
1786,2,n30,30,60,T2-n30-5,2585,852,372.5703,dfs,1,SUCCESS,0.0241,71,30,1,376.4434,10313 1488 1486 1484,
1787,2,n30,30,60,T2-n30-5,2585,852,372.5703,astar,1,SUCCESS,0.0733,5,5,,376.4434,10313 1488 1486 1484,
1788,2,n30,30,60,T2-n30-5,2585,852,372.5703,dijkstra,1,SUCCESS,0.0918,19,19,,376.4434,10313 1488 1486 1484,
1789,2,n30,30,60,T2-n30-5,2585,852,372.5703,dijkstra,2,SUCCESS,0.0958,19,19,,376.4434,10313 1488 1486 1484,
1790,2,n30,30,60,T2-n30-5,2585,852,372.5703,dfs,2,SUCCESS,0.0274,71,30,1,376.4434,10313 1488 1486 1484,
1791,2,n30,30,60,T2-n30-5,2585,852,372.5703,astar,2,SUCCESS,0.1228,5,5,,376.4434,10313 1488 1486 1484,
1792,2,n30,30,60,T2-n30-5,2585,852,372.5703,astar,3,SUCCESS,0.0867,5,5,,376.4434,10313 1488 1486 1484,
1793,2,n30,30,60,T2-n30-5,2585,852,372.5703,dijkstra,3,SUCCESS,0.0985,19,19,,376.4434,10313 1488 1486 1484,
1794,2,n30,30,60,T2-n30-5,2585,852,372.5703,dfs,3,SUCCESS,0.0301,71,30,1,376.4434,10313 1488 1486 1484,
1795,2,n30,30,60,T2-n30-5,2585,852,372.5703,dfs,4,SUCCESS,0.0248,71,30,1,376.4434,10313 1488 1486 1484,
1796,2,n30,30,60,T2-n30-5,2585,852,372.5703,dijkstra,4,SUCCESS,0.094,19,19,,376.4434,10313 1488 1486 1484,
1797,2,n30,30,60,T2-n30-5,2585,852,372.5703,astar,4,SUCCESS,0.0707,5,5,,376.4434,10313 1488 1486 1484,
1798,2,n30,30,60,T2-n30-5,2585,852,372.5703,astar,5,SUCCESS,0.1106,5,5,,376.4434,10313 1488 1486 1484,
1799,2,n30,30,60,T2-n30-5,2585,852,372.5703,dfs,5,SUCCESS,0.0245,71,30,1,376.4434,10313 1488 1486 1484,
1800,2,n30,30,60,T2-n30-5,2585,852,372.5703,dijkstra,5,SUCCESS,0.0933,19,19,,376.4434,10313 1488 1486 1484,
1801,2,n30,30,60,T2-n30-6,855,1785,375.0113,dijkstra,1,SUCCESS,0.1591,28,28,,536.7931,1489 4295 4955 4958 4960 2397 1522 3172,
1802,2,n30,30,60,T2-n30-6,855,1785,375.0113,astar,1,SUCCESS,0.1008,12,12,,536.7931,1489 4295 4955 4958 4960 2397 1522 3172,
1803,2,n30,30,60,T2-n30-6,855,1785,375.0113,dfs,1,SUCCESS,0.0371,71,30,4,536.7931,1489 4295 4955 4958 4960 2397 1522 3172,
1804,2,n30,30,60,T2-n30-6,855,1785,375.0113,dijkstra,2,SUCCESS,0.1112,28,28,,536.7931,1489 4295 4955 4958 4960 2397 1522 3172,
1805,2,n30,30,60,T2-n30-6,855,1785,375.0113,astar,2,SUCCESS,0.0856,12,12,,536.7931,1489 4295 4955 4958 4960 2397 1522 3172,
1806,2,n30,30,60,T2-n30-6,855,1785,375.0113,dfs,2,SUCCESS,0.0267,71,30,4,536.7931,1489 4295 4955 4958 4960 2397 1522 3172,
1807,2,n30,30,60,T2-n30-6,855,1785,375.0113,dijkstra,3,SUCCESS,0.1041,28,28,,536.7931,1489 4295 4955 4958 4960 2397 1522 3172,
1808,2,n30,30,60,T2-n30-6,855,1785,375.0113,astar,3,SUCCESS,0.0908,12,12,,536.7931,1489 4295 4955 4958 4960 2397 1522 3172,
1809,2,n30,30,60,T2-n30-6,855,1785,375.0113,dfs,3,SUCCESS,0.0508,71,30,4,536.7931,1489 4295 4955 4958 4960 2397 1522 3172,
1810,2,n30,30,60,T2-n30-6,855,1785,375.0113,dfs,4,SUCCESS,0.0287,71,30,4,536.7931,1489 4295 4955 4958 4960 2397 1522 3172,
1811,2,n30,30,60,T2-n30-6,855,1785,375.0113,astar,4,SUCCESS,0.1369,12,12,,536.7931,1489 4295 4955 4958 4960 2397 1522 3172,
1812,2,n30,30,60,T2-n30-6,855,1785,375.0113,dijkstra,4,SUCCESS,0.1167,28,28,,536.7931,1489 4295 4955 4958 4960 2397 1522 3172,
1813,2,n30,30,60,T2-n30-6,855,1785,375.0113,dfs,5,SUCCESS,0.0358,71,30,4,536.7931,1489 4295 4955 4958 4960 2397 1522 3172,
1814,2,n30,30,60,T2-n30-6,855,1785,375.0113,astar,5,SUCCESS,0.1107,12,12,,536.7931,1489 4295 4955 4958 4960 2397 1522 3172,
1815,2,n30,30,60,T2-n30-6,855,1785,375.0113,dijkstra,5,SUCCESS,0.1208,28,28,,536.7931,1489 4295 4955 4958 4960 2397 1522 3172,
1816,2,n30,30,60,T2-n30-7,845,852,580.8899,dfs,1,SUCCESS,0.0257,74,30,2,669.4198,1474 1477 2393 2396 4959 4957 4956 10313 1488 1486 1484,
1817,2,n30,30,60,T2-n30-7,845,852,580.8899,astar,1,SUCCESS,0.0972,16,16,,669.4198,1474 1477 2393 2396 4959 4957 4956 10313 1488 1486 1484,
1818,2,n30,30,60,T2-n30-7,845,852,580.8899,dijkstra,1,SUCCESS,0.1106,30,30,,669.4198,1474 1477 2393 2396 4959 4957 4956 10313 1488 1486 1484,
1819,2,n30,30,60,T2-n30-7,845,852,580.8899,dfs,2,SUCCESS,0.0267,74,30,2,669.4198,1474 1477 2393 2396 4959 4957 4956 10313 1488 1486 1484,
1820,2,n30,30,60,T2-n30-7,845,852,580.8899,dijkstra,2,SUCCESS,0.1137,30,30,,669.4198,1474 1477 2393 2396 4959 4957 4956 10313 1488 1486 1484,
1821,2,n30,30,60,T2-n30-7,845,852,580.8899,astar,2,SUCCESS,0.4364,16,16,,669.4198,1474 1477 2393 2396 4959 4957 4956 10313 1488 1486 1484,
1822,2,n30,30,60,T2-n30-7,845,852,580.8899,dfs,3,SUCCESS,0.0299,74,30,2,669.4198,1474 1477 2393 2396 4959 4957 4956 10313 1488 1486 1484,
1823,2,n30,30,60,T2-n30-7,845,852,580.8899,astar,3,SUCCESS,0.1518,16,16,,669.4198,1474 1477 2393 2396 4959 4957 4956 10313 1488 1486 1484,
1824,2,n30,30,60,T2-n30-7,845,852,580.8899,dijkstra,3,SUCCESS,0.125,30,30,,669.4198,1474 1477 2393 2396 4959 4957 4956 10313 1488 1486 1484,
1825,2,n30,30,60,T2-n30-7,845,852,580.8899,dfs,4,SUCCESS,0.0294,74,30,2,669.4198,1474 1477 2393 2396 4959 4957 4956 10313 1488 1486 1484,
1826,2,n30,30,60,T2-n30-7,845,852,580.8899,dijkstra,4,SUCCESS,0.109,30,30,,669.4198,1474 1477 2393 2396 4959 4957 4956 10313 1488 1486 1484,
1827,2,n30,30,60,T2-n30-7,845,852,580.8899,astar,4,SUCCESS,0.095,16,16,,669.4198,1474 1477 2393 2396 4959 4957 4956 10313 1488 1486 1484,
1828,2,n30,30,60,T2-n30-7,845,852,580.8899,dijkstra,5,SUCCESS,0.1111,30,30,,669.4198,1474 1477 2393 2396 4959 4957 4956 10313 1488 1486 1484,
1829,2,n30,30,60,T2-n30-7,845,852,580.8899,dfs,5,SUCCESS,0.0278,74,30,2,669.4198,1474 1477 2393 2396 4959 4957 4956 10313 1488 1486 1484,
1830,2,n30,30,60,T2-n30-7,845,852,580.8899,astar,5,SUCCESS,0.0992,16,16,,669.4198,1474 1477 2393 2396 4959 4957 4956 10313 1488 1486 1484,
1831,2,n30,30,60,T2-n30-8,1401,844,403.1891,dfs,1,SUCCESS,0.0249,76,30,2,488.4118,10318 2392 1476 1473,
1832,2,n30,30,60,T2-n30-8,1401,844,403.1891,astar,1,SUCCESS,0.0706,5,5,,488.4118,10318 2392 1476 1473,
1833,2,n30,30,60,T2-n30-8,1401,844,403.1891,dijkstra,1,SUCCESS,0.1055,26,26,,488.4118,10318 2392 1476 1473,
1834,2,n30,30,60,T2-n30-8,1401,844,403.1891,astar,2,SUCCESS,0.0822,5,5,,488.4118,10318 2392 1476 1473,
1835,2,n30,30,60,T2-n30-8,1401,844,403.1891,dfs,2,SUCCESS,0.0272,76,30,2,488.4118,10318 2392 1476 1473,
1836,2,n30,30,60,T2-n30-8,1401,844,403.1891,dijkstra,2,SUCCESS,0.1105,26,26,,488.4118,10318 2392 1476 1473,
1837,2,n30,30,60,T2-n30-8,1401,844,403.1891,dijkstra,3,SUCCESS,0.1092,26,26,,488.4118,10318 2392 1476 1473,
1838,2,n30,30,60,T2-n30-8,1401,844,403.1891,dfs,3,SUCCESS,0.0261,76,30,2,488.4118,10318 2392 1476 1473,
1839,2,n30,30,60,T2-n30-8,1401,844,403.1891,astar,3,SUCCESS,0.2162,5,5,,488.4118,10318 2392 1476 1473,
1840,2,n30,30,60,T2-n30-8,1401,844,403.1891,dfs,4,SUCCESS,0.0326,76,30,2,488.4118,10318 2392 1476 1473,
1841,2,n30,30,60,T2-n30-8,1401,844,403.1891,dijkstra,4,SUCCESS,0.1184,26,26,,488.4118,10318 2392 1476 1473,
1842,2,n30,30,60,T2-n30-8,1401,844,403.1891,astar,4,SUCCESS,0.0716,5,5,,488.4118,10318 2392 1476 1473,
1843,2,n30,30,60,T2-n30-8,1401,844,403.1891,astar,5,SUCCESS,0.0721,5,5,,488.4118,10318 2392 1476 1473,
1844,2,n30,30,60,T2-n30-8,1401,844,403.1891,dijkstra,5,SUCCESS,0.1049,26,26,,488.4118,10318 2392 1476 1473,
1845,2,n30,30,60,T2-n30-8,1401,844,403.1891,dfs,5,SUCCESS,0.0276,76,30,2,488.4118,10318 2392 1476 1473,
1846,2,n30,30,60,T2-n30-9,1785,846,410.2589,dfs,1,SUCCESS,0.0239,54,27,4,520.8335,3174 3171 1523 2395 2392,
1847,2,n30,30,60,T2-n30-9,1785,846,410.2589,astar,1,SUCCESS,0.087,12,12,,520.8335,3174 3171 1523 2395 2392,
1848,2,n30,30,60,T2-n30-9,1785,846,410.2589,dijkstra,1,SUCCESS,0.0819,17,17,,520.8335,3174 3171 1523 2395 2392,
1849,2,n30,30,60,T2-n30-9,1785,846,410.2589,dfs,2,SUCCESS,0.0251,54,27,4,520.8335,3174 3171 1523 2395 2392,
1850,2,n30,30,60,T2-n30-9,1785,846,410.2589,dijkstra,2,SUCCESS,0.0868,17,17,,520.8335,3174 3171 1523 2395 2392,
1851,2,n30,30,60,T2-n30-9,1785,846,410.2589,astar,2,SUCCESS,0.1187,12,12,,520.8335,3174 3171 1523 2395 2392,
1852,2,n30,30,60,T2-n30-9,1785,846,410.2589,dijkstra,3,SUCCESS,0.0802,17,17,,520.8335,3174 3171 1523 2395 2392,
1853,2,n30,30,60,T2-n30-9,1785,846,410.2589,astar,3,SUCCESS,0.086,12,12,,520.8335,3174 3171 1523 2395 2392,
1854,2,n30,30,60,T2-n30-9,1785,846,410.2589,dfs,3,SUCCESS,0.0265,54,27,4,520.8335,3174 3171 1523 2395 2392,
1855,2,n30,30,60,T2-n30-9,1785,846,410.2589,dfs,4,SUCCESS,0.0228,54,27,4,520.8335,3174 3171 1523 2395 2392,
1856,2,n30,30,60,T2-n30-9,1785,846,410.2589,astar,4,SUCCESS,0.1033,12,12,,520.8335,3174 3171 1523 2395 2392,
1857,2,n30,30,60,T2-n30-9,1785,846,410.2589,dijkstra,4,SUCCESS,0.0795,17,17,,520.8335,3174 3171 1523 2395 2392,
1858,2,n30,30,60,T2-n30-9,1785,846,410.2589,dijkstra,5,SUCCESS,0.0809,17,17,,520.8335,3174 3171 1523 2395 2392,
1859,2,n30,30,60,T2-n30-9,1785,846,410.2589,dfs,5,SUCCESS,0.0268,54,27,4,520.8335,3174 3171 1523 2395 2392,
1860,2,n30,30,60,T2-n30-9,1785,846,410.2589,astar,5,SUCCESS,0.0854,12,12,,520.8335,3174 3171 1523 2395 2392,
1861,2,n30,30,60,T2-n30-10,1402,852,469.4404,astar,1,SUCCESS,0.0758,8,8,,476.7486,4959 4957 4956 10313 1488 1486 1484,
1862,2,n30,30,60,T2-n30-10,1402,852,469.4404,dfs,1,SUCCESS,0.0254,77,30,2,476.7486,4959 4957 4956 10313 1488 1486 1484,
1863,2,n30,30,60,T2-n30-10,1402,852,469.4404,dijkstra,1,SUCCESS,0.1074,29,29,,476.7486,4959 4957 4956 10313 1488 1486 1484,
1864,2,n30,30,60,T2-n30-10,1402,852,469.4404,dfs,2,SUCCESS,0.0258,77,30,2,476.7486,4959 4957 4956 10313 1488 1486 1484,
1865,2,n30,30,60,T2-n30-10,1402,852,469.4404,dijkstra,2,SUCCESS,0.1061,29,29,,476.7486,4959 4957 4956 10313 1488 1486 1484,
1866,2,n30,30,60,T2-n30-10,1402,852,469.4404,astar,2,SUCCESS,0.1081,8,8,,476.7486,4959 4957 4956 10313 1488 1486 1484,
1867,2,n30,30,60,T2-n30-10,1402,852,469.4404,astar,3,SUCCESS,0.0884,8,8,,476.7486,4959 4957 4956 10313 1488 1486 1484,
1868,2,n30,30,60,T2-n30-10,1402,852,469.4404,dijkstra,3,SUCCESS,0.1069,29,29,,476.7486,4959 4957 4956 10313 1488 1486 1484,
1869,2,n30,30,60,T2-n30-10,1402,852,469.4404,dfs,3,SUCCESS,0.0331,77,30,2,476.7486,4959 4957 4956 10313 1488 1486 1484,
1870,2,n30,30,60,T2-n30-10,1402,852,469.4404,dijkstra,4,SUCCESS,0.1096,29,29,,476.7486,4959 4957 4956 10313 1488 1486 1484,
1871,2,n30,30,60,T2-n30-10,1402,852,469.4404,astar,4,SUCCESS,0.0823,8,8,,476.7486,4959 4957 4956 10313 1488 1486 1484,
1872,2,n30,30,60,T2-n30-10,1402,852,469.4404,dfs,4,SUCCESS,0.0374,77,30,2,476.7486,4959 4957 4956 10313 1488 1486 1484,
1873,2,n30,30,60,T2-n30-10,1402,852,469.4404,astar,5,SUCCESS,0.0855,8,8,,476.7486,4959 4957 4956 10313 1488 1486 1484,
1874,2,n30,30,60,T2-n30-10,1402,852,469.4404,dfs,5,SUCCESS,0.0268,77,30,2,476.7486,4959 4957 4956 10313 1488 1486 1484,
1875,2,n30,30,60,T2-n30-10,1402,852,469.4404,dijkstra,5,SUCCESS,0.1076,29,29,,476.7486,4959 4957 4956 10313 1488 1486 1484,
1876,2,n40,40,86,T2-n40-1,2266,856,432.4078,astar,1,SUCCESS,0.1694,21,21,,584.9569,4265 4264 1513 1516 1519 1523 2396 4959 4957 4956 10313 1489,
1877,2,n40,40,86,T2-n40-1,2266,856,432.4078,dfs,1,SUCCESS,0.0552,375,39,14,584.9569,4265 4264 1513 1516 1519 1523 2396 4959 4957 4956 10313 1489,
1878,2,n40,40,86,T2-n40-1,2266,856,432.4078,dijkstra,1,SUCCESS,0.1188,30,30,,584.9569,4265 4264 1513 1516 1519 1523 2396 4959 4957 4956 10313 1489,
1879,2,n40,40,86,T2-n40-1,2266,856,432.4078,dfs,2,SUCCESS,0.0444,375,39,14,584.9569,4265 4264 1513 1516 1519 1523 2396 4959 4957 4956 10313 1489,
1880,2,n40,40,86,T2-n40-1,2266,856,432.4078,astar,2,SUCCESS,0.1362,21,21,,584.9569,4265 4264 1513 1516 1519 1523 2396 4959 4957 4956 10313 1489,
1881,2,n40,40,86,T2-n40-1,2266,856,432.4078,dijkstra,2,SUCCESS,0.1636,30,30,,584.9569,4265 4264 1513 1516 1519 1523 2396 4959 4957 4956 10313 1489,
1882,2,n40,40,86,T2-n40-1,2266,856,432.4078,dijkstra,3,SUCCESS,0.1455,30,30,,584.9569,4265 4264 1513 1516 1519 1523 2396 4959 4957 4956 10313 1489,
1883,2,n40,40,86,T2-n40-1,2266,856,432.4078,astar,3,SUCCESS,0.1152,21,21,,584.9569,4265 4264 1513 1516 1519 1523 2396 4959 4957 4956 10313 1489,
1884,2,n40,40,86,T2-n40-1,2266,856,432.4078,dfs,3,SUCCESS,0.0528,375,39,14,584.9569,4265 4264 1513 1516 1519 1523 2396 4959 4957 4956 10313 1489,
1885,2,n40,40,86,T2-n40-1,2266,856,432.4078,astar,4,SUCCESS,0.1119,21,21,,584.9569,4265 4264 1513 1516 1519 1523 2396 4959 4957 4956 10313 1489,
1886,2,n40,40,86,T2-n40-1,2266,856,432.4078,dfs,4,SUCCESS,0.0487,375,39,14,584.9569,4265 4264 1513 1516 1519 1523 2396 4959 4957 4956 10313 1489,
1887,2,n40,40,86,T2-n40-1,2266,856,432.4078,dijkstra,4,SUCCESS,0.1218,30,30,,584.9569,4265 4264 1513 1516 1519 1523 2396 4959 4957 4956 10313 1489,
1888,2,n40,40,86,T2-n40-1,2266,856,432.4078,astar,5,SUCCESS,0.1176,21,21,,584.9569,4265 4264 1513 1516 1519 1523 2396 4959 4957 4956 10313 1489,
1889,2,n40,40,86,T2-n40-1,2266,856,432.4078,dijkstra,5,SUCCESS,0.1104,30,30,,584.9569,4265 4264 1513 1516 1519 1523 2396 4959 4957 4956 10313 1489,
1890,2,n40,40,86,T2-n40-1,2266,856,432.4078,dfs,5,SUCCESS,0.0469,375,39,14,584.9569,4265 4264 1513 1516 1519 1523 2396 4959 4957 4956 10313 1489,
1891,2,n40,40,86,T2-n40-2,2265,2584,414.3801,astar,1,SUCCESS,0.0936,14,14,,527.7871,4268 4265 4264 1513 1516 1519 1523 2396 4959,
1892,2,n40,40,86,T2-n40-2,2265,2584,414.3801,dijkstra,1,SUCCESS,0.098,23,23,,527.7871,4268 4265 4264 1513 1516 1519 1523 2396 4959,
1893,2,n40,40,86,T2-n40-2,2265,2584,414.3801,dfs,1,SUCCESS,0.04,284,40,14,527.7871,4268 4265 4264 1513 1516 1519 1523 2396 4959,
1894,2,n40,40,86,T2-n40-2,2265,2584,414.3801,dfs,2,SUCCESS,0.0359,284,40,14,527.7871,4268 4265 4264 1513 1516 1519 1523 2396 4959,
1895,2,n40,40,86,T2-n40-2,2265,2584,414.3801,astar,2,SUCCESS,0.0949,14,14,,527.7871,4268 4265 4264 1513 1516 1519 1523 2396 4959,
1896,2,n40,40,86,T2-n40-2,2265,2584,414.3801,dijkstra,2,SUCCESS,0.0956,23,23,,527.7871,4268 4265 4264 1513 1516 1519 1523 2396 4959,
1897,2,n40,40,86,T2-n40-2,2265,2584,414.3801,astar,3,SUCCESS,0.1287,14,14,,527.7871,4268 4265 4264 1513 1516 1519 1523 2396 4959,
1898,2,n40,40,86,T2-n40-2,2265,2584,414.3801,dfs,3,SUCCESS,0.047,284,40,14,527.7871,4268 4265 4264 1513 1516 1519 1523 2396 4959,
1899,2,n40,40,86,T2-n40-2,2265,2584,414.3801,dijkstra,3,SUCCESS,0.1399,23,23,,527.7871,4268 4265 4264 1513 1516 1519 1523 2396 4959,
1900,2,n40,40,86,T2-n40-2,2265,2584,414.3801,dijkstra,4,SUCCESS,0.0981,23,23,,527.7871,4268 4265 4264 1513 1516 1519 1523 2396 4959,
1901,2,n40,40,86,T2-n40-2,2265,2584,414.3801,astar,4,SUCCESS,0.0902,14,14,,527.7871,4268 4265 4264 1513 1516 1519 1523 2396 4959,
1902,2,n40,40,86,T2-n40-2,2265,2584,414.3801,dfs,4,SUCCESS,0.0408,284,40,14,527.7871,4268 4265 4264 1513 1516 1519 1523 2396 4959,
1903,2,n40,40,86,T2-n40-2,2265,2584,414.3801,astar,5,SUCCESS,0.1045,14,14,,527.7871,4268 4265 4264 1513 1516 1519 1523 2396 4959,
1904,2,n40,40,86,T2-n40-2,2265,2584,414.3801,dfs,5,SUCCESS,0.0399,284,40,14,527.7871,4268 4265 4264 1513 1516 1519 1523 2396 4959,
1905,2,n40,40,86,T2-n40-2,2265,2584,414.3801,dijkstra,5,SUCCESS,0.0933,23,23,,527.7871,4268 4265 4264 1513 1516 1519 1523 2396 4959,
1906,2,n40,40,86,T2-n40-3,856,2265,448.0403,astar,1,SUCCESS,0.0818,16,16,,579.0739,4295 4955 4958 4960 2397 1521 1518 1515 1514 4263 4266,
1907,2,n40,40,86,T2-n40-3,856,2265,448.0403,dfs,1,SUCCESS,0.041,283,40,14,579.0739,4295 4955 4958 4960 2397 1521 1518 1515 1514 4263 4266,
1908,2,n40,40,86,T2-n40-3,856,2265,448.0403,dijkstra,1,SUCCESS,0.148,37,37,,579.0739,4295 4955 4958 4960 2397 1521 1518 1515 1514 4263 4266,
1909,2,n40,40,86,T2-n40-3,856,2265,448.0403,dijkstra,2,SUCCESS,0.1354,37,37,,579.0739,4295 4955 4958 4960 2397 1521 1518 1515 1514 4263 4266,
1910,2,n40,40,86,T2-n40-3,856,2265,448.0403,dfs,2,SUCCESS,0.0431,283,40,14,579.0739,4295 4955 4958 4960 2397 1521 1518 1515 1514 4263 4266,
1911,2,n40,40,86,T2-n40-3,856,2265,448.0403,astar,2,SUCCESS,0.1264,16,16,,579.0739,4295 4955 4958 4960 2397 1521 1518 1515 1514 4263 4266,
1912,2,n40,40,86,T2-n40-3,856,2265,448.0403,dijkstra,3,SUCCESS,0.1333,37,37,,579.0739,4295 4955 4958 4960 2397 1521 1518 1515 1514 4263 4266,
1913,2,n40,40,86,T2-n40-3,856,2265,448.0403,dfs,3,SUCCESS,0.0583,283,40,14,579.0739,4295 4955 4958 4960 2397 1521 1518 1515 1514 4263 4266,
1914,2,n40,40,86,T2-n40-3,856,2265,448.0403,astar,3,SUCCESS,0.1109,16,16,,579.0739,4295 4955 4958 4960 2397 1521 1518 1515 1514 4263 4266,
1915,2,n40,40,86,T2-n40-3,856,2265,448.0403,dijkstra,4,SUCCESS,0.1466,37,37,,579.0739,4295 4955 4958 4960 2397 1521 1518 1515 1514 4263 4266,
1916,2,n40,40,86,T2-n40-3,856,2265,448.0403,astar,4,SUCCESS,0.0959,16,16,,579.0739,4295 4955 4958 4960 2397 1521 1518 1515 1514 4263 4266,
1917,2,n40,40,86,T2-n40-3,856,2265,448.0403,dfs,4,SUCCESS,0.0387,283,40,14,579.0739,4295 4955 4958 4960 2397 1521 1518 1515 1514 4263 4266,
1918,2,n40,40,86,T2-n40-3,856,2265,448.0403,dfs,5,SUCCESS,0.0457,283,40,14,579.0739,4295 4955 4958 4960 2397 1521 1518 1515 1514 4263 4266,
1919,2,n40,40,86,T2-n40-3,856,2265,448.0403,dijkstra,5,SUCCESS,0.2044,37,37,,579.0739,4295 4955 4958 4960 2397 1521 1518 1515 1514 4263 4266,
1920,2,n40,40,86,T2-n40-3,856,2265,448.0403,astar,5,SUCCESS,0.0677,16,16,,579.0739,4295 4955 4958 4960 2397 1521 1518 1515 1514 4263 4266,
1921,2,n40,40,86,T2-n40-4,852,874,640.0285,astar,1,SUCCESS,0.0938,13,13,,761.2411,1483 1485 1487 1489 4295 4955 4958 4960 2397 1521,
1922,2,n40,40,86,T2-n40-4,852,874,640.0285,dfs,1,SUCCESS,0.0315,125,37,10,761.2411,1483 1485 1487 1489 4295 4955 4958 4960 2397 1521,
1923,2,n40,40,86,T2-n40-4,852,874,640.0285,dijkstra,1,SUCCESS,0.0908,20,20,,761.2411,1483 1485 1487 1489 4295 4955 4958 4960 2397 1521,
1924,2,n40,40,86,T2-n40-4,852,874,640.0285,dfs,2,SUCCESS,0.0308,125,37,10,761.2411,1483 1485 1487 1489 4295 4955 4958 4960 2397 1521,
1925,2,n40,40,86,T2-n40-4,852,874,640.0285,dijkstra,2,SUCCESS,0.098,20,20,,761.2411,1483 1485 1487 1489 4295 4955 4958 4960 2397 1521,
1926,2,n40,40,86,T2-n40-4,852,874,640.0285,astar,2,SUCCESS,0.0917,13,13,,761.2411,1483 1485 1487 1489 4295 4955 4958 4960 2397 1521,
1927,2,n40,40,86,T2-n40-4,852,874,640.0285,astar,3,SUCCESS,0.1126,13,13,,761.2411,1483 1485 1487 1489 4295 4955 4958 4960 2397 1521,
1928,2,n40,40,86,T2-n40-4,852,874,640.0285,dijkstra,3,SUCCESS,0.1417,20,20,,761.2411,1483 1485 1487 1489 4295 4955 4958 4960 2397 1521,
1929,2,n40,40,86,T2-n40-4,852,874,640.0285,dfs,3,SUCCESS,0.0381,125,37,10,761.2411,1483 1485 1487 1489 4295 4955 4958 4960 2397 1521,
1930,2,n40,40,86,T2-n40-4,852,874,640.0285,dijkstra,4,SUCCESS,0.0942,20,20,,761.2411,1483 1485 1487 1489 4295 4955 4958 4960 2397 1521,
1931,2,n40,40,86,T2-n40-4,852,874,640.0285,astar,4,SUCCESS,0.0839,13,13,,761.2411,1483 1485 1487 1489 4295 4955 4958 4960 2397 1521,
1932,2,n40,40,86,T2-n40-4,852,874,640.0285,dfs,4,SUCCESS,0.0296,125,37,10,761.2411,1483 1485 1487 1489 4295 4955 4958 4960 2397 1521,
1933,2,n40,40,86,T2-n40-4,852,874,640.0285,dijkstra,5,SUCCESS,0.0889,20,20,,761.2411,1483 1485 1487 1489 4295 4955 4958 4960 2397 1521,
1934,2,n40,40,86,T2-n40-4,852,874,640.0285,astar,5,SUCCESS,0.0825,13,13,,761.2411,1483 1485 1487 1489 4295 4955 4958 4960 2397 1521,
1935,2,n40,40,86,T2-n40-4,852,874,640.0285,dfs,5,SUCCESS,0.0297,125,37,10,761.2411,1483 1485 1487 1489 4295 4955 4958 4960 2397 1521,
1936,2,n40,40,86,T2-n40-5,853,2267,552.5547,dijkstra,1,SUCCESS,0.1203,31,31,,712.3317,1485 1487 1489 4295 4955 4958 4960 2397 1521 1518 1517 8319,
1937,2,n40,40,86,T2-n40-5,853,2267,552.5547,astar,1,SUCCESS,0.0925,15,15,,712.3317,1485 1487 1489 4295 4955 4958 4960 2397 1521 1518 1517 8319,
1938,2,n40,40,86,T2-n40-5,853,2267,552.5547,dfs,1,SUCCESS,0.0758,131,40,12,712.3317,1485 1487 1489 4295 4955 4958 4960 2397 1521 1518 1517 8319,
1939,2,n40,40,86,T2-n40-5,853,2267,552.5547,astar,2,SUCCESS,0.1314,15,15,,712.3317,1485 1487 1489 4295 4955 4958 4960 2397 1521 1518 1517 8319,
1940,2,n40,40,86,T2-n40-5,853,2267,552.5547,dfs,2,SUCCESS,0.0738,131,40,12,712.3317,1485 1487 1489 4295 4955 4958 4960 2397 1521 1518 1517 8319,
1941,2,n40,40,86,T2-n40-5,853,2267,552.5547,dijkstra,2,SUCCESS,0.1178,31,31,,712.3317,1485 1487 1489 4295 4955 4958 4960 2397 1521 1518 1517 8319,
1942,2,n40,40,86,T2-n40-5,853,2267,552.5547,dfs,3,SUCCESS,0.0317,131,40,12,712.3317,1485 1487 1489 4295 4955 4958 4960 2397 1521 1518 1517 8319,
1943,2,n40,40,86,T2-n40-5,853,2267,552.5547,astar,3,SUCCESS,0.0991,15,15,,712.3317,1485 1487 1489 4295 4955 4958 4960 2397 1521 1518 1517 8319,
1944,2,n40,40,86,T2-n40-5,853,2267,552.5547,dijkstra,3,SUCCESS,0.1178,31,31,,712.3317,1485 1487 1489 4295 4955 4958 4960 2397 1521 1518 1517 8319,
1945,2,n40,40,86,T2-n40-5,853,2267,552.5547,astar,4,SUCCESS,0.1047,15,15,,712.3317,1485 1487 1489 4295 4955 4958 4960 2397 1521 1518 1517 8319,
1946,2,n40,40,86,T2-n40-5,853,2267,552.5547,dfs,4,SUCCESS,0.0329,131,40,12,712.3317,1485 1487 1489 4295 4955 4958 4960 2397 1521 1518 1517 8319,
1947,2,n40,40,86,T2-n40-5,853,2267,552.5547,dijkstra,4,SUCCESS,0.1104,31,31,,712.3317,1485 1487 1489 4295 4955 4958 4960 2397 1521 1518 1517 8319,
1948,2,n40,40,86,T2-n40-5,853,2267,552.5547,dfs,5,SUCCESS,0.031,131,40,12,712.3317,1485 1487 1489 4295 4955 4958 4960 2397 1521 1518 1517 8319,
1949,2,n40,40,86,T2-n40-5,853,2267,552.5547,astar,5,SUCCESS,0.0921,15,15,,712.3317,1485 1487 1489 4295 4955 4958 4960 2397 1521 1518 1517 8319,
1950,2,n40,40,86,T2-n40-5,853,2267,552.5547,dijkstra,5,SUCCESS,0.1121,31,31,,712.3317,1485 1487 1489 4295 4955 4958 4960 2397 1521 1518 1517 8319,
1951,2,n40,40,86,T2-n40-6,847,867,503.9025,dfs,1,SUCCESS,0.039,282,40,14,779.7864,4586 1474 1477 2393 2397 1521 1518 1515 1512,
1952,2,n40,40,86,T2-n40-6,847,867,503.9025,astar,1,SUCCESS,0.0913,12,12,,779.7864,4586 1474 1477 2393 2397 1521 1518 1515 1512,
1953,2,n40,40,86,T2-n40-6,847,867,503.9025,dijkstra,1,SUCCESS,0.1207,36,36,,779.7864,4586 1474 1477 2393 2397 1521 1518 1515 1512,
1954,2,n40,40,86,T2-n40-6,847,867,503.9025,astar,2,SUCCESS,0.0865,12,12,,779.7864,4586 1474 1477 2393 2397 1521 1518 1515 1512,
1955,2,n40,40,86,T2-n40-6,847,867,503.9025,dijkstra,2,SUCCESS,0.1388,36,36,,779.7864,4586 1474 1477 2393 2397 1521 1518 1515 1512,
1956,2,n40,40,86,T2-n40-6,847,867,503.9025,dfs,2,SUCCESS,0.0386,282,40,14,779.7864,4586 1474 1477 2393 2397 1521 1518 1515 1512,
1957,2,n40,40,86,T2-n40-6,847,867,503.9025,astar,3,SUCCESS,0.106,12,12,,779.7864,4586 1474 1477 2393 2397 1521 1518 1515 1512,
1958,2,n40,40,86,T2-n40-6,847,867,503.9025,dfs,3,SUCCESS,0.0379,282,40,14,779.7864,4586 1474 1477 2393 2397 1521 1518 1515 1512,
1959,2,n40,40,86,T2-n40-6,847,867,503.9025,dijkstra,3,SUCCESS,0.1255,36,36,,779.7864,4586 1474 1477 2393 2397 1521 1518 1515 1512,
1960,2,n40,40,86,T2-n40-6,847,867,503.9025,astar,4,SUCCESS,0.1461,12,12,,779.7864,4586 1474 1477 2393 2397 1521 1518 1515 1512,
1961,2,n40,40,86,T2-n40-6,847,867,503.9025,dijkstra,4,SUCCESS,0.1929,36,36,,779.7864,4586 1474 1477 2393 2397 1521 1518 1515 1512,
1962,2,n40,40,86,T2-n40-6,847,867,503.9025,dfs,4,SUCCESS,0.044,282,40,14,779.7864,4586 1474 1477 2393 2397 1521 1518 1515 1512,
1963,2,n40,40,86,T2-n40-6,847,867,503.9025,dijkstra,5,SUCCESS,0.1237,36,36,,779.7864,4586 1474 1477 2393 2397 1521 1518 1515 1512,
1964,2,n40,40,86,T2-n40-6,847,867,503.9025,astar,5,SUCCESS,0.0888,12,12,,779.7864,4586 1474 1477 2393 2397 1521 1518 1515 1512,
1965,2,n40,40,86,T2-n40-6,847,867,503.9025,dfs,5,SUCCESS,0.0388,282,40,14,779.7864,4586 1474 1477 2393 2397 1521 1518 1515 1512,
1966,2,n40,40,86,T2-n40-7,853,867,627.0692,dijkstra,1,SUCCESS,0.1399,36,36,,746.0641,1485 1487 1489 4295 4955 4958 4960 2397 1521 1518 1515 1512,
1967,2,n40,40,86,T2-n40-7,853,867,627.0692,astar,1,SUCCESS,0.1065,15,15,,746.0641,1485 1487 1489 4295 4955 4958 4960 2397 1521 1518 1515 1512,
1968,2,n40,40,86,T2-n40-7,853,867,627.0692,dfs,1,SUCCESS,0.0407,279,40,14,746.0641,1485 1487 1489 4295 4955 4958 4960 2397 1521 1518 1515 1512,
1969,2,n40,40,86,T2-n40-7,853,867,627.0692,astar,2,SUCCESS,0.0956,15,15,,746.0641,1485 1487 1489 4295 4955 4958 4960 2397 1521 1518 1515 1512,
1970,2,n40,40,86,T2-n40-7,853,867,627.0692,dijkstra,2,SUCCESS,0.1195,36,36,,746.0641,1485 1487 1489 4295 4955 4958 4960 2397 1521 1518 1515 1512,
1971,2,n40,40,86,T2-n40-7,853,867,627.0692,dfs,2,SUCCESS,0.0426,279,40,14,746.0641,1485 1487 1489 4295 4955 4958 4960 2397 1521 1518 1515 1512,
1972,2,n40,40,86,T2-n40-7,853,867,627.0692,dfs,3,SUCCESS,0.0399,279,40,14,746.0641,1485 1487 1489 4295 4955 4958 4960 2397 1521 1518 1515 1512,
1973,2,n40,40,86,T2-n40-7,853,867,627.0692,astar,3,SUCCESS,0.1289,15,15,,746.0641,1485 1487 1489 4295 4955 4958 4960 2397 1521 1518 1515 1512,
1974,2,n40,40,86,T2-n40-7,853,867,627.0692,dijkstra,3,SUCCESS,0.1225,36,36,,746.0641,1485 1487 1489 4295 4955 4958 4960 2397 1521 1518 1515 1512,
1975,2,n40,40,86,T2-n40-7,853,867,627.0692,astar,4,SUCCESS,0.0966,15,15,,746.0641,1485 1487 1489 4295 4955 4958 4960 2397 1521 1518 1515 1512,
1976,2,n40,40,86,T2-n40-7,853,867,627.0692,dijkstra,4,SUCCESS,0.1227,36,36,,746.0641,1485 1487 1489 4295 4955 4958 4960 2397 1521 1518 1515 1512,
1977,2,n40,40,86,T2-n40-7,853,867,627.0692,dfs,4,SUCCESS,0.0437,279,40,14,746.0641,1485 1487 1489 4295 4955 4958 4960 2397 1521 1518 1515 1512,
1978,2,n40,40,86,T2-n40-7,853,867,627.0692,astar,5,SUCCESS,0.1039,15,15,,746.0641,1485 1487 1489 4295 4955 4958 4960 2397 1521 1518 1515 1512,
1979,2,n40,40,86,T2-n40-7,853,867,627.0692,dfs,5,SUCCESS,0.0381,279,40,14,746.0641,1485 1487 1489 4295 4955 4958 4960 2397 1521 1518 1515 1512,
1980,2,n40,40,86,T2-n40-7,853,867,627.0692,dijkstra,5,SUCCESS,0.1243,36,36,,746.0641,1485 1487 1489 4295 4955 4958 4960 2397 1521 1518 1515 1512,
1981,2,n40,40,86,T2-n40-8,869,849,445.7111,dfs,1,SUCCESS,0.038,270,38,14,587.6231,1513 1516 1519 1523 2396 4959 4957 4956 10312,
1982,2,n40,40,86,T2-n40-8,869,849,445.7111,astar,1,SUCCESS,0.1008,16,16,,587.6231,1513 1516 1519 1523 2396 4959 4957 4956 10312,
1983,2,n40,40,86,T2-n40-8,869,849,445.7111,dijkstra,1,SUCCESS,0.1097,33,33,,587.6231,1513 1516 1519 1523 2396 4959 4957 4956 10312,
1984,2,n40,40,86,T2-n40-8,869,849,445.7111,astar,2,SUCCESS,0.1484,16,16,,587.6231,1513 1516 1519 1523 2396 4959 4957 4956 10312,
1985,2,n40,40,86,T2-n40-8,869,849,445.7111,dfs,2,SUCCESS,0.0571,270,38,14,587.6231,1513 1516 1519 1523 2396 4959 4957 4956 10312,
1986,2,n40,40,86,T2-n40-8,869,849,445.7111,dijkstra,2,SUCCESS,0.1365,33,33,,587.6231,1513 1516 1519 1523 2396 4959 4957 4956 10312,
1987,2,n40,40,86,T2-n40-8,869,849,445.7111,dfs,3,SUCCESS,0.0441,270,38,14,587.6231,1513 1516 1519 1523 2396 4959 4957 4956 10312,
1988,2,n40,40,86,T2-n40-8,869,849,445.7111,dijkstra,3,SUCCESS,0.1305,33,33,,587.6231,1513 1516 1519 1523 2396 4959 4957 4956 10312,
1989,2,n40,40,86,T2-n40-8,869,849,445.7111,astar,3,SUCCESS,0.1047,16,16,,587.6231,1513 1516 1519 1523 2396 4959 4957 4956 10312,
1990,2,n40,40,86,T2-n40-8,869,849,445.7111,dijkstra,4,SUCCESS,0.1137,33,33,,587.6231,1513 1516 1519 1523 2396 4959 4957 4956 10312,
1991,2,n40,40,86,T2-n40-8,869,849,445.7111,astar,4,SUCCESS,0.0995,16,16,,587.6231,1513 1516 1519 1523 2396 4959 4957 4956 10312,
1992,2,n40,40,86,T2-n40-8,869,849,445.7111,dfs,4,SUCCESS,0.0387,270,38,14,587.6231,1513 1516 1519 1523 2396 4959 4957 4956 10312,
1993,2,n40,40,86,T2-n40-8,869,849,445.7111,dfs,5,SUCCESS,0.0387,270,38,14,587.6231,1513 1516 1519 1523 2396 4959 4957 4956 10312,
1994,2,n40,40,86,T2-n40-8,869,849,445.7111,astar,5,SUCCESS,0.1007,16,16,,587.6231,1513 1516 1519 1523 2396 4959 4957 4956 10312,
1995,2,n40,40,86,T2-n40-8,869,849,445.7111,dijkstra,5,SUCCESS,0.112,33,33,,587.6231,1513 1516 1519 1523 2396 4959 4957 4956 10312,
1996,2,n40,40,86,T2-n40-9,854,877,385.0638,dfs,1,SUCCESS,0.0499,105,35,10,553.5203,1487 1489 4295 4955 4958 4960 2397 1522,
1997,2,n40,40,86,T2-n40-9,854,877,385.0638,dijkstra,1,SUCCESS,0.1013,24,24,,553.5203,1487 1489 4295 4955 4958 4960 2397 1522,
1998,2,n40,40,86,T2-n40-9,854,877,385.0638,astar,1,SUCCESS,0.0803,11,11,,553.5203,1487 1489 4295 4955 4958 4960 2397 1522,
1999,2,n40,40,86,T2-n40-9,854,877,385.0638,dfs,2,SUCCESS,0.034,105,35,10,553.5203,1487 1489 4295 4955 4958 4960 2397 1522,
2000,2,n40,40,86,T2-n40-9,854,877,385.0638,dijkstra,2,SUCCESS,0.1093,24,24,,553.5203,1487 1489 4295 4955 4958 4960 2397 1522,
2001,2,n40,40,86,T2-n40-9,854,877,385.0638,astar,2,SUCCESS,0.1053,11,11,,553.5203,1487 1489 4295 4955 4958 4960 2397 1522,
2002,2,n40,40,86,T2-n40-9,854,877,385.0638,dfs,3,SUCCESS,0.0308,105,35,10,553.5203,1487 1489 4295 4955 4958 4960 2397 1522,
2003,2,n40,40,86,T2-n40-9,854,877,385.0638,astar,3,SUCCESS,0.0843,11,11,,553.5203,1487 1489 4295 4955 4958 4960 2397 1522,
2004,2,n40,40,86,T2-n40-9,854,877,385.0638,dijkstra,3,SUCCESS,0.172,24,24,,553.5203,1487 1489 4295 4955 4958 4960 2397 1522,
2005,2,n40,40,86,T2-n40-9,854,877,385.0638,astar,4,SUCCESS,0.1265,11,11,,553.5203,1487 1489 4295 4955 4958 4960 2397 1522,
2006,2,n40,40,86,T2-n40-9,854,877,385.0638,dfs,4,SUCCESS,0.0332,105,35,10,553.5203,1487 1489 4295 4955 4958 4960 2397 1522,
2007,2,n40,40,86,T2-n40-9,854,877,385.0638,dijkstra,4,SUCCESS,0.1666,24,24,,553.5203,1487 1489 4295 4955 4958 4960 2397 1522,
2008,2,n40,40,86,T2-n40-9,854,877,385.0638,astar,5,SUCCESS,0.0822,11,11,,553.5203,1487 1489 4295 4955 4958 4960 2397 1522,
2009,2,n40,40,86,T2-n40-9,854,877,385.0638,dfs,5,SUCCESS,0.0303,105,35,10,553.5203,1487 1489 4295 4955 4958 4960 2397 1522,
2010,2,n40,40,86,T2-n40-9,854,877,385.0638,dijkstra,5,SUCCESS,0.1297,24,24,,553.5203,1487 1489 4295 4955 4958 4960 2397 1522,
2011,2,n40,40,86,T2-n40-10,846,1790,439.2003,dijkstra,1,SUCCESS,0.1271,38,38,,579.6475,1477 2393 2397 1522 3172 3175 3179,
2012,2,n40,40,86,T2-n40-10,846,1790,439.2003,astar,1,SUCCESS,0.0958,13,13,,579.6475,1477 2393 2397 1522 3172 3175 3179,
2013,2,n40,40,86,T2-n40-10,846,1790,439.2003,dfs,1,SUCCESS,0.0476,262,40,20,579.6475,1477 2393 2397 1522 3172 3175 3179,
2014,2,n40,40,86,T2-n40-10,846,1790,439.2003,astar,2,SUCCESS,0.0967,13,13,,579.6475,1477 2393 2397 1522 3172 3175 3179,
2015,2,n40,40,86,T2-n40-10,846,1790,439.2003,dfs,2,SUCCESS,0.0442,262,40,20,579.6475,1477 2393 2397 1522 3172 3175 3179,
2016,2,n40,40,86,T2-n40-10,846,1790,439.2003,dijkstra,2,SUCCESS,0.1562,38,38,,579.6475,1477 2393 2397 1522 3172 3175 3179,
2017,2,n40,40,86,T2-n40-10,846,1790,439.2003,dijkstra,3,SUCCESS,0.1295,38,38,,579.6475,1477 2393 2397 1522 3172 3175 3179,
2018,2,n40,40,86,T2-n40-10,846,1790,439.2003,dfs,3,SUCCESS,0.0435,262,40,20,579.6475,1477 2393 2397 1522 3172 3175 3179,
2019,2,n40,40,86,T2-n40-10,846,1790,439.2003,astar,3,SUCCESS,0.0945,13,13,,579.6475,1477 2393 2397 1522 3172 3175 3179,
2020,2,n40,40,86,T2-n40-10,846,1790,439.2003,dijkstra,4,SUCCESS,0.1221,38,38,,579.6475,1477 2393 2397 1522 3172 3175 3179,
2021,2,n40,40,86,T2-n40-10,846,1790,439.2003,astar,4,SUCCESS,0.1043,13,13,,579.6475,1477 2393 2397 1522 3172 3175 3179,
2022,2,n40,40,86,T2-n40-10,846,1790,439.2003,dfs,4,SUCCESS,0.0497,262,40,20,579.6475,1477 2393 2397 1522 3172 3175 3179,
2023,2,n40,40,86,T2-n40-10,846,1790,439.2003,astar,5,SUCCESS,0.0999,13,13,,579.6475,1477 2393 2397 1522 3172 3175 3179,
2024,2,n40,40,86,T2-n40-10,846,1790,439.2003,dijkstra,5,SUCCESS,0.125,38,38,,579.6475,1477 2393 2397 1522 3172 3175 3179,
2025,2,n40,40,86,T2-n40-10,846,1790,439.2003,dfs,5,SUCCESS,0.0433,262,40,20,579.6475,1477 2393 2397 1522 3172 3175 3179,
2026,2,n50,50,114,T2-n50-1,4466,874,450.626,dijkstra,1,SUCCESS,0.1029,21,21,,636.4846,10321 10314 10313 1489 4295 4955 4958 4960 2397 1521,
2027,2,n50,50,114,T2-n50-1,4466,874,450.626,astar,1,SUCCESS,0.0979,17,17,,636.4846,10321 10314 10313 1489 4295 4955 4958 4960 2397 1521,
2028,2,n50,50,114,T2-n50-1,4466,874,450.626,dfs,1,SUCCESS,0.0732,861,45,46,636.4846,10321 10314 10313 1489 4295 4955 4958 4960 2397 1521,
2029,2,n50,50,114,T2-n50-1,4466,874,450.626,dfs,2,SUCCESS,0.0659,861,45,46,636.4846,10321 10314 10313 1489 4295 4955 4958 4960 2397 1521,
2030,2,n50,50,114,T2-n50-1,4466,874,450.626,dijkstra,2,SUCCESS,0.1256,21,21,,636.4846,10321 10314 10313 1489 4295 4955 4958 4960 2397 1521,
2031,2,n50,50,114,T2-n50-1,4466,874,450.626,astar,2,SUCCESS,0.1079,17,17,,636.4846,10321 10314 10313 1489 4295 4955 4958 4960 2397 1521,
2032,2,n50,50,114,T2-n50-1,4466,874,450.626,dijkstra,3,SUCCESS,0.2224,21,21,,636.4846,10321 10314 10313 1489 4295 4955 4958 4960 2397 1521,
2033,2,n50,50,114,T2-n50-1,4466,874,450.626,dfs,3,SUCCESS,0.0901,861,45,46,636.4846,10321 10314 10313 1489 4295 4955 4958 4960 2397 1521,
2034,2,n50,50,114,T2-n50-1,4466,874,450.626,astar,3,SUCCESS,0.146,17,17,,636.4846,10321 10314 10313 1489 4295 4955 4958 4960 2397 1521,
2035,2,n50,50,114,T2-n50-1,4466,874,450.626,dijkstra,4,SUCCESS,0.1454,21,21,,636.4846,10321 10314 10313 1489 4295 4955 4958 4960 2397 1521,
2036,2,n50,50,114,T2-n50-1,4466,874,450.626,dfs,4,SUCCESS,0.0948,861,45,46,636.4846,10321 10314 10313 1489 4295 4955 4958 4960 2397 1521,
2037,2,n50,50,114,T2-n50-1,4466,874,450.626,astar,4,SUCCESS,0.122,17,17,,636.4846,10321 10314 10313 1489 4295 4955 4958 4960 2397 1521,
2038,2,n50,50,114,T2-n50-1,4466,874,450.626,astar,5,SUCCESS,0.0974,17,17,,636.4846,10321 10314 10313 1489 4295 4955 4958 4960 2397 1521,
2039,2,n50,50,114,T2-n50-1,4466,874,450.626,dijkstra,5,SUCCESS,0.0959,21,21,,636.4846,10321 10314 10313 1489 4295 4955 4958 4960 2397 1521,
2040,2,n50,50,114,T2-n50-1,4466,874,450.626,dfs,5,SUCCESS,0.0748,861,45,46,636.4846,10321 10314 10313 1489 4295 4955 4958 4960 2397 1521,
2041,2,n50,50,114,T2-n50-2,871,846,424.2983,astar,1,SUCCESS,0.1066,20,20,,589.9728,4260 4264 1513 1516 1519 1523 2395 2392,
2042,2,n50,50,114,T2-n50-2,871,846,424.2983,dfs,1,SUCCESS,0.1394,2229,47,90,589.9728,4260 4264 1513 1516 1519 1523 2395 2392,
2043,2,n50,50,114,T2-n50-2,871,846,424.2983,dijkstra,1,SUCCESS,0.1181,37,37,,589.9728,4260 4264 1513 1516 1519 1523 2395 2392,
2044,2,n50,50,114,T2-n50-2,871,846,424.2983,dijkstra,2,SUCCESS,0.1307,37,37,,589.9728,4260 4264 1513 1516 1519 1523 2395 2392,
2045,2,n50,50,114,T2-n50-2,871,846,424.2983,astar,2,SUCCESS,0.1191,20,20,,589.9728,4260 4264 1513 1516 1519 1523 2395 2392,
2046,2,n50,50,114,T2-n50-2,871,846,424.2983,dfs,2,SUCCESS,0.1572,2229,47,90,589.9728,4260 4264 1513 1516 1519 1523 2395 2392,
2047,2,n50,50,114,T2-n50-2,871,846,424.2983,dijkstra,3,SUCCESS,0.1263,37,37,,589.9728,4260 4264 1513 1516 1519 1523 2395 2392,
2048,2,n50,50,114,T2-n50-2,871,846,424.2983,dfs,3,SUCCESS,0.1397,2229,47,90,589.9728,4260 4264 1513 1516 1519 1523 2395 2392,
2049,2,n50,50,114,T2-n50-2,871,846,424.2983,astar,3,SUCCESS,0.1067,20,20,,589.9728,4260 4264 1513 1516 1519 1523 2395 2392,
2050,2,n50,50,114,T2-n50-2,871,846,424.2983,astar,4,SUCCESS,0.1045,20,20,,589.9728,4260 4264 1513 1516 1519 1523 2395 2392,
2051,2,n50,50,114,T2-n50-2,871,846,424.2983,dfs,4,SUCCESS,0.1418,2229,47,90,589.9728,4260 4264 1513 1516 1519 1523 2395 2392,
2052,2,n50,50,114,T2-n50-2,871,846,424.2983,dijkstra,4,SUCCESS,0.1189,37,37,,589.9728,4260 4264 1513 1516 1519 1523 2395 2392,
2053,2,n50,50,114,T2-n50-2,871,846,424.2983,astar,5,SUCCESS,0.1023,20,20,,589.9728,4260 4264 1513 1516 1519 1523 2395 2392,
2054,2,n50,50,114,T2-n50-2,871,846,424.2983,dfs,5,SUCCESS,0.1385,2229,47,90,589.9728,4260 4264 1513 1516 1519 1523 2395 2392,
2055,2,n50,50,114,T2-n50-2,871,846,424.2983,dijkstra,5,SUCCESS,0.1156,37,37,,589.9728,4260 4264 1513 1516 1519 1523 2395 2392,
2056,2,n50,50,114,T2-n50-3,848,1134,499.4937,dfs,1,SUCCESS,0.1606,2152,50,92,612.0226,2393 2397 1522 3172 3175 3178 3181 3184 1939,
2057,2,n50,50,114,T2-n50-3,848,1134,499.4937,dijkstra,1,SUCCESS,0.1545,49,49,,612.0226,2393 2397 1522 3172 3175 3178 3181 3184 1939,
2058,2,n50,50,114,T2-n50-3,848,1134,499.4937,astar,1,SUCCESS,0.1056,14,14,,612.0226,2393 2397 1522 3172 3175 3178 3181 3184 1939,
2059,2,n50,50,114,T2-n50-3,848,1134,499.4937,astar,2,SUCCESS,0.0944,14,14,,612.0226,2393 2397 1522 3172 3175 3178 3181 3184 1939,
2060,2,n50,50,114,T2-n50-3,848,1134,499.4937,dfs,2,SUCCESS,0.169,2152,50,92,612.0226,2393 2397 1522 3172 3175 3178 3181 3184 1939,
2061,2,n50,50,114,T2-n50-3,848,1134,499.4937,dijkstra,2,SUCCESS,0.1518,49,49,,612.0226,2393 2397 1522 3172 3175 3178 3181 3184 1939,
2062,2,n50,50,114,T2-n50-3,848,1134,499.4937,dfs,3,SUCCESS,0.2269,2152,50,92,612.0226,2393 2397 1522 3172 3175 3178 3181 3184 1939,
2063,2,n50,50,114,T2-n50-3,848,1134,499.4937,dijkstra,3,SUCCESS,0.1797,49,49,,612.0226,2393 2397 1522 3172 3175 3178 3181 3184 1939,
2064,2,n50,50,114,T2-n50-3,848,1134,499.4937,astar,3,SUCCESS,0.0943,14,14,,612.0226,2393 2397 1522 3172 3175 3178 3181 3184 1939,
2065,2,n50,50,114,T2-n50-3,848,1134,499.4937,dijkstra,4,SUCCESS,0.1866,49,49,,612.0226,2393 2397 1522 3172 3175 3178 3181 3184 1939,
2066,2,n50,50,114,T2-n50-3,848,1134,499.4937,dfs,4,SUCCESS,0.1607,2152,50,92,612.0226,2393 2397 1522 3172 3175 3178 3181 3184 1939,
2067,2,n50,50,114,T2-n50-3,848,1134,499.4937,astar,4,SUCCESS,0.1739,14,14,,612.0226,2393 2397 1522 3172 3175 3178 3181 3184 1939,
2068,2,n50,50,114,T2-n50-3,848,1134,499.4937,dfs,5,SUCCESS,0.1639,2152,50,92,612.0226,2393 2397 1522 3172 3175 3178 3181 3184 1939,
2069,2,n50,50,114,T2-n50-3,848,1134,499.4937,astar,5,SUCCESS,0.1008,14,14,,612.0226,2393 2397 1522 3172 3175 3178 3181 3184 1939,
2070,2,n50,50,114,T2-n50-3,848,1134,499.4937,dijkstra,5,SUCCESS,0.1487,49,49,,612.0226,2393 2397 1522 3172 3175 3178 3181 3184 1939,
2071,2,n50,50,114,T2-n50-4,1134,4465,616.2954,dfs,1,SUCCESS,0.1889,2990,50,92,831.2503,8283 1938 3183 3180 3177 3174 3171 1523 2396 4959 4957 4956 10312 10315,
2072,2,n50,50,114,T2-n50-4,1134,4465,616.2954,dijkstra,1,SUCCESS,0.1769,46,46,,831.2503,8283 1938 3183 3180 3177 3174 3171 1523 2396 4959 4957 4956 10312 10315,
2073,2,n50,50,114,T2-n50-4,1134,4465,616.2954,astar,1,SUCCESS,0.2285,37,37,,831.2503,8283 1938 3183 3180 3177 3174 3171 1523 2396 4959 4957 4956 10312 10315,
2074,2,n50,50,114,T2-n50-4,1134,4465,616.2954,dijkstra,2,SUCCESS,0.14,46,46,,831.2503,8283 1938 3183 3180 3177 3174 3171 1523 2396 4959 4957 4956 10312 10315,
2075,2,n50,50,114,T2-n50-4,1134,4465,616.2954,dfs,2,SUCCESS,0.1867,2990,50,92,831.2503,8283 1938 3183 3180 3177 3174 3171 1523 2396 4959 4957 4956 10312 10315,
2076,2,n50,50,114,T2-n50-4,1134,4465,616.2954,astar,2,SUCCESS,0.2165,37,37,,831.2503,8283 1938 3183 3180 3177 3174 3171 1523 2396 4959 4957 4956 10312 10315,
2077,2,n50,50,114,T2-n50-4,1134,4465,616.2954,astar,3,SUCCESS,0.1472,37,37,,831.2503,8283 1938 3183 3180 3177 3174 3171 1523 2396 4959 4957 4956 10312 10315,
2078,2,n50,50,114,T2-n50-4,1134,4465,616.2954,dfs,3,SUCCESS,0.1843,2990,50,92,831.2503,8283 1938 3183 3180 3177 3174 3171 1523 2396 4959 4957 4956 10312 10315,
2079,2,n50,50,114,T2-n50-4,1134,4465,616.2954,dijkstra,3,SUCCESS,0.1347,46,46,,831.2503,8283 1938 3183 3180 3177 3174 3171 1523 2396 4959 4957 4956 10312 10315,
2080,2,n50,50,114,T2-n50-4,1134,4465,616.2954,astar,4,SUCCESS,0.1551,37,37,,831.2503,8283 1938 3183 3180 3177 3174 3171 1523 2396 4959 4957 4956 10312 10315,
2081,2,n50,50,114,T2-n50-4,1134,4465,616.2954,dijkstra,4,SUCCESS,0.1965,46,46,,831.2503,8283 1938 3183 3180 3177 3174 3171 1523 2396 4959 4957 4956 10312 10315,
2082,2,n50,50,114,T2-n50-4,1134,4465,616.2954,dfs,4,SUCCESS,0.2019,2990,50,92,831.2503,8283 1938 3183 3180 3177 3174 3171 1523 2396 4959 4957 4956 10312 10315,
2083,2,n50,50,114,T2-n50-4,1134,4465,616.2954,astar,5,SUCCESS,0.1454,37,37,,831.2503,8283 1938 3183 3180 3177 3174 3171 1523 2396 4959 4957 4956 10312 10315,
2084,2,n50,50,114,T2-n50-4,1134,4465,616.2954,dijkstra,5,SUCCESS,0.1283,46,46,,831.2503,8283 1938 3183 3180 3177 3174 3171 1523 2396 4959 4957 4956 10312 10315,
2085,2,n50,50,114,T2-n50-4,1134,4465,616.2954,dfs,5,SUCCESS,0.1777,2990,50,92,831.2503,8283 1938 3183 3180 3177 3174 3171 1523 2396 4959 4957 4956 10312 10315,
2086,2,n50,50,114,T2-n50-5,852,878,486.1461,dfs,1,SUCCESS,0.0201,21,20,2,496.2322,1483 1485 1487 1489 4295 4955 4958 4960,
2087,2,n50,50,114,T2-n50-5,852,878,486.1461,dijkstra,1,SUCCESS,0.0742,11,11,,496.2322,1483 1485 1487 1489 4295 4955 4958 4960,
2088,2,n50,50,114,T2-n50-5,852,878,486.1461,astar,1,SUCCESS,0.096,9,9,,496.2322,1483 1485 1487 1489 4295 4955 4958 4960,
2089,2,n50,50,114,T2-n50-5,852,878,486.1461,dijkstra,2,SUCCESS,0.0994,11,11,,496.2322,1483 1485 1487 1489 4295 4955 4958 4960,
2090,2,n50,50,114,T2-n50-5,852,878,486.1461,astar,2,SUCCESS,0.0884,9,9,,496.2322,1483 1485 1487 1489 4295 4955 4958 4960,
2091,2,n50,50,114,T2-n50-5,852,878,486.1461,dfs,2,SUCCESS,0.0269,21,20,2,496.2322,1483 1485 1487 1489 4295 4955 4958 4960,
2092,2,n50,50,114,T2-n50-5,852,878,486.1461,dijkstra,3,SUCCESS,0.0965,11,11,,496.2322,1483 1485 1487 1489 4295 4955 4958 4960,
2093,2,n50,50,114,T2-n50-5,852,878,486.1461,dfs,3,SUCCESS,0.0233,21,20,2,496.2322,1483 1485 1487 1489 4295 4955 4958 4960,
2094,2,n50,50,114,T2-n50-5,852,878,486.1461,astar,3,SUCCESS,0.0744,9,9,,496.2322,1483 1485 1487 1489 4295 4955 4958 4960,
2095,2,n50,50,114,T2-n50-5,852,878,486.1461,dfs,4,SUCCESS,0.0205,21,20,2,496.2322,1483 1485 1487 1489 4295 4955 4958 4960,
2096,2,n50,50,114,T2-n50-5,852,878,486.1461,dijkstra,4,SUCCESS,0.072,11,11,,496.2322,1483 1485 1487 1489 4295 4955 4958 4960,
2097,2,n50,50,114,T2-n50-5,852,878,486.1461,astar,4,SUCCESS,0.0741,9,9,,496.2322,1483 1485 1487 1489 4295 4955 4958 4960,
2098,2,n50,50,114,T2-n50-5,852,878,486.1461,dfs,5,SUCCESS,0.0204,21,20,2,496.2322,1483 1485 1487 1489 4295 4955 4958 4960,
2099,2,n50,50,114,T2-n50-5,852,878,486.1461,astar,5,SUCCESS,0.0727,9,9,,496.2322,1483 1485 1487 1489 4295 4955 4958 4960,
2100,2,n50,50,114,T2-n50-5,852,878,486.1461,dijkstra,5,SUCCESS,0.0702,11,11,,496.2322,1483 1485 1487 1489 4295 4955 4958 4960,
2101,2,n50,50,114,T2-n50-6,2274,871,394.1637,dijkstra,1,SUCCESS,0.1342,41,41,,682.2094,10610 4295 4955 4958 4960 2397 1521 1518 1515 1514 4262,
2102,2,n50,50,114,T2-n50-6,2274,871,394.1637,dfs,1,SUCCESS,0.0842,1029,50,90,682.2094,10610 4295 4955 4958 4960 2397 1521 1518 1515 1514 4262,
2103,2,n50,50,114,T2-n50-6,2274,871,394.1637,astar,1,SUCCESS,0.1031,15,15,,682.2094,10610 4295 4955 4958 4960 2397 1521 1518 1515 1514 4262,
2104,2,n50,50,114,T2-n50-6,2274,871,394.1637,dfs,2,SUCCESS,0.0794,1029,50,90,682.2094,10610 4295 4955 4958 4960 2397 1521 1518 1515 1514 4262,
2105,2,n50,50,114,T2-n50-6,2274,871,394.1637,dijkstra,2,SUCCESS,0.1377,41,41,,682.2094,10610 4295 4955 4958 4960 2397 1521 1518 1515 1514 4262,
2106,2,n50,50,114,T2-n50-6,2274,871,394.1637,astar,2,SUCCESS,0.0973,15,15,,682.2094,10610 4295 4955 4958 4960 2397 1521 1518 1515 1514 4262,
2107,2,n50,50,114,T2-n50-6,2274,871,394.1637,dfs,3,SUCCESS,0.0811,1029,50,90,682.2094,10610 4295 4955 4958 4960 2397 1521 1518 1515 1514 4262,
2108,2,n50,50,114,T2-n50-6,2274,871,394.1637,dijkstra,3,SUCCESS,0.5542,41,41,,682.2094,10610 4295 4955 4958 4960 2397 1521 1518 1515 1514 4262,
2109,2,n50,50,114,T2-n50-6,2274,871,394.1637,astar,3,SUCCESS,0.1137,15,15,,682.2094,10610 4295 4955 4958 4960 2397 1521 1518 1515 1514 4262,
2110,2,n50,50,114,T2-n50-6,2274,871,394.1637,astar,4,SUCCESS,0.0962,15,15,,682.2094,10610 4295 4955 4958 4960 2397 1521 1518 1515 1514 4262,
2111,2,n50,50,114,T2-n50-6,2274,871,394.1637,dfs,4,SUCCESS,0.0859,1029,50,90,682.2094,10610 4295 4955 4958 4960 2397 1521 1518 1515 1514 4262,
2112,2,n50,50,114,T2-n50-6,2274,871,394.1637,dijkstra,4,SUCCESS,0.1371,41,41,,682.2094,10610 4295 4955 4958 4960 2397 1521 1518 1515 1514 4262,
2113,2,n50,50,114,T2-n50-6,2274,871,394.1637,dijkstra,5,SUCCESS,0.1352,41,41,,682.2094,10610 4295 4955 4958 4960 2397 1521 1518 1515 1514 4262,
2114,2,n50,50,114,T2-n50-6,2274,871,394.1637,astar,5,SUCCESS,0.1083,15,15,,682.2094,10610 4295 4955 4958 4960 2397 1521 1518 1515 1514 4262,
2115,2,n50,50,114,T2-n50-6,2274,871,394.1637,dfs,5,SUCCESS,0.0806,1029,50,90,682.2094,10610 4295 4955 4958 4960 2397 1521 1518 1515 1514 4262,
2116,2,n50,50,114,T2-n50-7,852,4465,441.2041,astar,1,SUCCESS,0.0751,9,9,,595.4014,1483 1485 1487 1489 4295 4956 10312 10315,
2117,2,n50,50,114,T2-n50-7,852,4465,441.2041,dijkstra,1,SUCCESS,0.0818,14,14,,595.4014,1483 1485 1487 1489 4295 4956 10312 10315,
2118,2,n50,50,114,T2-n50-7,852,4465,441.2041,dfs,1,SUCCESS,0.1464,2147,50,2,595.4014,1483 1485 1487 1489 4295 4956 10312 10315,
2119,2,n50,50,114,T2-n50-7,852,4465,441.2041,dijkstra,2,SUCCESS,0.105,14,14,,595.4014,1483 1485 1487 1489 4295 4956 10312 10315,
2120,2,n50,50,114,T2-n50-7,852,4465,441.2041,dfs,2,SUCCESS,0.1429,2147,50,2,595.4014,1483 1485 1487 1489 4295 4956 10312 10315,
2121,2,n50,50,114,T2-n50-7,852,4465,441.2041,astar,2,SUCCESS,0.0767,9,9,,595.4014,1483 1485 1487 1489 4295 4956 10312 10315,
2122,2,n50,50,114,T2-n50-7,852,4465,441.2041,astar,3,SUCCESS,0.0873,9,9,,595.4014,1483 1485 1487 1489 4295 4956 10312 10315,
2123,2,n50,50,114,T2-n50-7,852,4465,441.2041,dijkstra,3,SUCCESS,0.103,14,14,,595.4014,1483 1485 1487 1489 4295 4956 10312 10315,
2124,2,n50,50,114,T2-n50-7,852,4465,441.2041,dfs,3,SUCCESS,0.2074,2147,50,2,595.4014,1483 1485 1487 1489 4295 4956 10312 10315,
2125,2,n50,50,114,T2-n50-7,852,4465,441.2041,dijkstra,4,SUCCESS,0.2288,14,14,,595.4014,1483 1485 1487 1489 4295 4956 10312 10315,
2126,2,n50,50,114,T2-n50-7,852,4465,441.2041,astar,4,SUCCESS,0.0876,9,9,,595.4014,1483 1485 1487 1489 4295 4956 10312 10315,
2127,2,n50,50,114,T2-n50-7,852,4465,441.2041,dfs,4,SUCCESS,0.1447,2147,50,2,595.4014,1483 1485 1487 1489 4295 4956 10312 10315,
2128,2,n50,50,114,T2-n50-7,852,4465,441.2041,astar,5,SUCCESS,0.0792,9,9,,595.4014,1483 1485 1487 1489 4295 4956 10312 10315,
2129,2,n50,50,114,T2-n50-7,852,4465,441.2041,dfs,5,SUCCESS,0.3092,2147,50,2,595.4014,1483 1485 1487 1489 4295 4956 10312 10315,
2130,2,n50,50,114,T2-n50-7,852,4465,441.2041,dijkstra,5,SUCCESS,0.083,14,14,,595.4014,1483 1485 1487 1489 4295 4956 10312 10315,
2131,2,n50,50,114,T2-n50-8,847,1787,516.8031,dijkstra,1,SUCCESS,0.1203,32,32,,748.6584,4586 1474 1477 2393 2397 1522 3172 3175,
2132,2,n50,50,114,T2-n50-8,847,1787,516.8031,astar,1,SUCCESS,0.0878,12,12,,748.6584,4586 1474 1477 2393 2397 1522 3172 3175,
2133,2,n50,50,114,T2-n50-8,847,1787,516.8031,dfs,1,SUCCESS,0.0796,914,50,70,748.6584,4586 1474 1477 2393 2397 1522 3172 3175,
2134,2,n50,50,114,T2-n50-8,847,1787,516.8031,dijkstra,2,SUCCESS,0.1169,32,32,,748.6584,4586 1474 1477 2393 2397 1522 3172 3175,
2135,2,n50,50,114,T2-n50-8,847,1787,516.8031,dfs,2,SUCCESS,0.0883,914,50,70,748.6584,4586 1474 1477 2393 2397 1522 3172 3175,
2136,2,n50,50,114,T2-n50-8,847,1787,516.8031,astar,2,SUCCESS,0.1,12,12,,748.6584,4586 1474 1477 2393 2397 1522 3172 3175,
2137,2,n50,50,114,T2-n50-8,847,1787,516.8031,dijkstra,3,SUCCESS,0.1185,32,32,,748.6584,4586 1474 1477 2393 2397 1522 3172 3175,
2138,2,n50,50,114,T2-n50-8,847,1787,516.8031,astar,3,SUCCESS,0.0908,12,12,,748.6584,4586 1474 1477 2393 2397 1522 3172 3175,
2139,2,n50,50,114,T2-n50-8,847,1787,516.8031,dfs,3,SUCCESS,0.0811,914,50,70,748.6584,4586 1474 1477 2393 2397 1522 3172 3175,
2140,2,n50,50,114,T2-n50-8,847,1787,516.8031,dfs,4,SUCCESS,0.0768,914,50,70,748.6584,4586 1474 1477 2393 2397 1522 3172 3175,
2141,2,n50,50,114,T2-n50-8,847,1787,516.8031,astar,4,SUCCESS,0.097,12,12,,748.6584,4586 1474 1477 2393 2397 1522 3172 3175,
2142,2,n50,50,114,T2-n50-8,847,1787,516.8031,dijkstra,4,SUCCESS,0.1292,32,32,,748.6584,4586 1474 1477 2393 2397 1522 3172 3175,
2143,2,n50,50,114,T2-n50-8,847,1787,516.8031,dijkstra,5,SUCCESS,0.1189,32,32,,748.6584,4586 1474 1477 2393 2397 1522 3172 3175,
2144,2,n50,50,114,T2-n50-8,847,1787,516.8031,dfs,5,SUCCESS,0.0801,914,50,70,748.6584,4586 1474 1477 2393 2397 1522 3172 3175,
2145,2,n50,50,114,T2-n50-8,847,1787,516.8031,astar,5,SUCCESS,0.0905,12,12,,748.6584,4586 1474 1477 2393 2397 1522 3172 3175,
2146,2,n50,50,114,T2-n50-9,846,1789,452.5167,dijkstra,1,SUCCESS,0.1864,35,35,,563.7983,1477 2393 2397 1522 3172 3175 3178,
2147,2,n50,50,114,T2-n50-9,846,1789,452.5167,dfs,1,SUCCESS,0.126,1494,50,92,563.7983,1477 2393 2397 1522 3172 3175 3178,
2148,2,n50,50,114,T2-n50-9,846,1789,452.5167,astar,1,SUCCESS,0.093,12,12,,563.7983,1477 2393 2397 1522 3172 3175 3178,
2149,2,n50,50,114,T2-n50-9,846,1789,452.5167,dijkstra,2,SUCCESS,0.1245,35,35,,563.7983,1477 2393 2397 1522 3172 3175 3178,
2150,2,n50,50,114,T2-n50-9,846,1789,452.5167,dfs,2,SUCCESS,0.1143,1494,50,92,563.7983,1477 2393 2397 1522 3172 3175 3178,
2151,2,n50,50,114,T2-n50-9,846,1789,452.5167,astar,2,SUCCESS,0.0998,12,12,,563.7983,1477 2393 2397 1522 3172 3175 3178,
2152,2,n50,50,114,T2-n50-9,846,1789,452.5167,dijkstra,3,SUCCESS,0.1521,35,35,,563.7983,1477 2393 2397 1522 3172 3175 3178,
2153,2,n50,50,114,T2-n50-9,846,1789,452.5167,astar,3,SUCCESS,0.0928,12,12,,563.7983,1477 2393 2397 1522 3172 3175 3178,
2154,2,n50,50,114,T2-n50-9,846,1789,452.5167,dfs,3,SUCCESS,0.1152,1494,50,92,563.7983,1477 2393 2397 1522 3172 3175 3178,
2155,2,n50,50,114,T2-n50-9,846,1789,452.5167,dijkstra,4,SUCCESS,0.1268,35,35,,563.7983,1477 2393 2397 1522 3172 3175 3178,
2156,2,n50,50,114,T2-n50-9,846,1789,452.5167,astar,4,SUCCESS,0.0919,12,12,,563.7983,1477 2393 2397 1522 3172 3175 3178,
2157,2,n50,50,114,T2-n50-9,846,1789,452.5167,dfs,4,SUCCESS,0.1366,1494,50,92,563.7983,1477 2393 2397 1522 3172 3175 3178,
2158,2,n50,50,114,T2-n50-9,846,1789,452.5167,dfs,5,SUCCESS,0.1061,1494,50,92,563.7983,1477 2393 2397 1522 3172 3175 3178,
2159,2,n50,50,114,T2-n50-9,846,1789,452.5167,astar,5,SUCCESS,0.1023,12,12,,563.7983,1477 2393 2397 1522 3172 3175 3178,
2160,2,n50,50,114,T2-n50-9,846,1789,452.5167,dijkstra,5,SUCCESS,0.1284,35,35,,563.7983,1477 2393 2397 1522 3172 3175 3178,
2161,2,n50,50,114,T2-n50-10,867,1402,382.8238,astar,1,SUCCESS,0.1224,12,12,,474.1724,1508 1513 1516 1519 1523 2396,
2162,2,n50,50,114,T2-n50-10,867,1402,382.8238,dijkstra,1,SUCCESS,0.1122,32,32,,474.1724,1508 1513 1516 1519 1523 2396,
2163,2,n50,50,114,T2-n50-10,867,1402,382.8238,dfs,1,SUCCESS,0.1939,2752,50,106,474.1724,1508 1513 1516 1519 1523 2396,
2164,2,n50,50,114,T2-n50-10,867,1402,382.8238,dijkstra,2,SUCCESS,0.1128,32,32,,474.1724,1508 1513 1516 1519 1523 2396,
2165,2,n50,50,114,T2-n50-10,867,1402,382.8238,dfs,2,SUCCESS,0.1655,2752,50,106,474.1724,1508 1513 1516 1519 1523 2396,
2166,2,n50,50,114,T2-n50-10,867,1402,382.8238,astar,2,SUCCESS,0.1125,12,12,,474.1724,1508 1513 1516 1519 1523 2396,
2167,2,n50,50,114,T2-n50-10,867,1402,382.8238,dfs,3,SUCCESS,0.1808,2752,50,106,474.1724,1508 1513 1516 1519 1523 2396,
2168,2,n50,50,114,T2-n50-10,867,1402,382.8238,dijkstra,3,SUCCESS,0.144,32,32,,474.1724,1508 1513 1516 1519 1523 2396,
2169,2,n50,50,114,T2-n50-10,867,1402,382.8238,astar,3,SUCCESS,0.0928,12,12,,474.1724,1508 1513 1516 1519 1523 2396,
2170,2,n50,50,114,T2-n50-10,867,1402,382.8238,dfs,4,SUCCESS,0.17,2752,50,106,474.1724,1508 1513 1516 1519 1523 2396,
2171,2,n50,50,114,T2-n50-10,867,1402,382.8238,astar,4,SUCCESS,0.0919,12,12,,474.1724,1508 1513 1516 1519 1523 2396,
2172,2,n50,50,114,T2-n50-10,867,1402,382.8238,dijkstra,4,SUCCESS,0.1209,32,32,,474.1724,1508 1513 1516 1519 1523 2396,
2173,2,n50,50,114,T2-n50-10,867,1402,382.8238,dfs,5,SUCCESS,0.1812,2752,50,106,474.1724,1508 1513 1516 1519 1523 2396,
2174,2,n50,50,114,T2-n50-10,867,1402,382.8238,astar,5,SUCCESS,0.0924,12,12,,474.1724,1508 1513 1516 1519 1523 2396,
2175,2,n50,50,114,T2-n50-10,867,1402,382.8238,dijkstra,5,SUCCESS,0.1188,32,32,,474.1724,1508 1513 1516 1519 1523 2396,
2176,2,n75,73,174,T2-n75-1,857,1774,445.2761,dijkstra,1,SUCCESS,0.2347,56,56,,508.3058,1491 10320 1519 1522 3172 3175 3178 3181 3184 1939 8284 8218,
2177,2,n75,73,174,T2-n75-1,857,1774,445.2761,astar,1,SUCCESS,0.1404,17,17,,508.3058,1491 10320 1519 1522 3172 3175 3178 3181 3184 1939 8284 8218,
2178,2,n75,73,174,T2-n75-1,857,1774,445.2761,dfs,1,SUCCESS,60.2232,1248609,73,24759,508.3058,1491 10320 1519 1522 3172 3175 3178 3181 3184 1939 8284 8218,
2179,2,n75,73,174,T2-n75-1,857,1774,445.2761,dijkstra,2,SUCCESS,0.2197,56,56,,508.3058,1491 10320 1519 1522 3172 3175 3178 3181 3184 1939 8284 8218,
2180,2,n75,73,174,T2-n75-1,857,1774,445.2761,astar,2,SUCCESS,0.3576,17,17,,508.3058,1491 10320 1519 1522 3172 3175 3178 3181 3184 1939 8284 8218,
2181,2,n75,73,174,T2-n75-1,857,1774,445.2761,dfs,2,SUCCESS,64.4345,1248609,73,24759,508.3058,1491 10320 1519 1522 3172 3175 3178 3181 3184 1939 8284 8218,
2182,2,n75,73,174,T2-n75-1,857,1774,445.2761,dfs,3,SUCCESS,63.4486,1248609,73,24759,508.3058,1491 10320 1519 1522 3172 3175 3178 3181 3184 1939 8284 8218,
2183,2,n75,73,174,T2-n75-1,857,1774,445.2761,dijkstra,3,SUCCESS,0.2067,56,56,,508.3058,1491 10320 1519 1522 3172 3175 3178 3181 3184 1939 8284 8218,
2184,2,n75,73,174,T2-n75-1,857,1774,445.2761,astar,3,SUCCESS,0.1092,17,17,,508.3058,1491 10320 1519 1522 3172 3175 3178 3181 3184 1939 8284 8218,
2185,2,n75,73,174,T2-n75-1,857,1774,445.2761,dfs,4,SUCCESS,60.5627,1248609,73,24759,508.3058,1491 10320 1519 1522 3172 3175 3178 3181 3184 1939 8284 8218,
2186,2,n75,73,174,T2-n75-1,857,1774,445.2761,astar,4,SUCCESS,0.174,17,17,,508.3058,1491 10320 1519 1522 3172 3175 3178 3181 3184 1939 8284 8218,
2187,2,n75,73,174,T2-n75-1,857,1774,445.2761,dijkstra,4,SUCCESS,0.1881,56,56,,508.3058,1491 10320 1519 1522 3172 3175 3178 3181 3184 1939 8284 8218,
2188,2,n75,73,174,T2-n75-1,857,1774,445.2761,dijkstra,5,SUCCESS,0.2583,56,56,,508.3058,1491 10320 1519 1522 3172 3175 3178 3181 3184 1939 8284 8218,
2189,2,n75,73,174,T2-n75-1,857,1774,445.2761,dfs,5,SUCCESS,65.383,1248609,73,24759,508.3058,1491 10320 1519 1522 3172 3175 3178 3181 3184 1939 8284 8218,
2190,2,n75,73,174,T2-n75-1,857,1774,445.2761,astar,5,SUCCESS,0.1203,17,17,,508.3058,1491 10320 1519 1522 3172 3175 3178 3181 3184 1939 8284 8218,
2191,2,n75,73,174,T2-n75-2,1131,878,416.9593,dfs,1,SUCCESS,16.3855,255374,54,3337,561.9098,9418 1934 1938 3183 3180 3177 3174 3171 1523,
2192,2,n75,73,174,T2-n75-2,1131,878,416.9593,dijkstra,1,SUCCESS,0.2822,51,51,,561.9098,9418 1934 1938 3183 3180 3177 3174 3171 1523,
2193,2,n75,73,174,T2-n75-2,1131,878,416.9593,astar,1,SUCCESS,0.136,22,22,,561.9098,9418 1934 1938 3183 3180 3177 3174 3171 1523,
2194,2,n75,73,174,T2-n75-2,1131,878,416.9593,dfs,2,SUCCESS,14.1231,255374,54,3337,561.9098,9418 1934 1938 3183 3180 3177 3174 3171 1523,
2195,2,n75,73,174,T2-n75-2,1131,878,416.9593,astar,2,SUCCESS,0.1394,22,22,,561.9098,9418 1934 1938 3183 3180 3177 3174 3171 1523,
2196,2,n75,73,174,T2-n75-2,1131,878,416.9593,dijkstra,2,SUCCESS,0.1549,51,51,,561.9098,9418 1934 1938 3183 3180 3177 3174 3171 1523,
2197,2,n75,73,174,T2-n75-2,1131,878,416.9593,astar,3,SUCCESS,0.1174,22,22,,561.9098,9418 1934 1938 3183 3180 3177 3174 3171 1523,
2198,2,n75,73,174,T2-n75-2,1131,878,416.9593,dijkstra,3,SUCCESS,0.1441,51,51,,561.9098,9418 1934 1938 3183 3180 3177 3174 3171 1523,
2199,2,n75,73,174,T2-n75-2,1131,878,416.9593,dfs,3,SUCCESS,13.4687,255374,54,3337,561.9098,9418 1934 1938 3183 3180 3177 3174 3171 1523,
2200,2,n75,73,174,T2-n75-2,1131,878,416.9593,astar,4,SUCCESS,0.1373,22,22,,561.9098,9418 1934 1938 3183 3180 3177 3174 3171 1523,
2201,2,n75,73,174,T2-n75-2,1131,878,416.9593,dijkstra,4,SUCCESS,0.1512,51,51,,561.9098,9418 1934 1938 3183 3180 3177 3174 3171 1523,
2202,2,n75,73,174,T2-n75-2,1131,878,416.9593,dfs,4,SUCCESS,13.8164,255374,54,3337,561.9098,9418 1934 1938 3183 3180 3177 3174 3171 1523,
2203,2,n75,73,174,T2-n75-2,1131,878,416.9593,astar,5,SUCCESS,0.1383,22,22,,561.9098,9418 1934 1938 3183 3180 3177 3174 3171 1523,
2204,2,n75,73,174,T2-n75-2,1131,878,416.9593,dijkstra,5,SUCCESS,0.1511,51,51,,561.9098,9418 1934 1938 3183 3180 3177 3174 3171 1523,
2205,2,n75,73,174,T2-n75-2,1131,878,416.9593,dfs,5,SUCCESS,13.4513,255374,54,3337,561.9098,9418 1934 1938 3183 3180 3177 3174 3171 1523,
2206,2,n75,73,174,T2-n75-3,845,1134,549.0106,dfs,1,SUCCESS,27.9291,541540,73,45342,695.0749,1474 1477 2393 2397 1522 3172 3175 3178 3181 3184 1939,
2207,2,n75,73,174,T2-n75-3,845,1134,549.0106,astar,1,SUCCESS,0.133,15,15,,695.0749,1474 1477 2393 2397 1522 3172 3175 3178 3181 3184 1939,
2208,2,n75,73,174,T2-n75-3,845,1134,549.0106,dijkstra,1,SUCCESS,0.164,49,49,,695.0749,1474 1477 2393 2397 1522 3172 3175 3178 3181 3184 1939,
2209,2,n75,73,174,T2-n75-3,845,1134,549.0106,dfs,2,SUCCESS,33.9665,541540,73,45342,695.0749,1474 1477 2393 2397 1522 3172 3175 3178 3181 3184 1939,
2210,2,n75,73,174,T2-n75-3,845,1134,549.0106,dijkstra,2,SUCCESS,0.1707,49,49,,695.0749,1474 1477 2393 2397 1522 3172 3175 3178 3181 3184 1939,
2211,2,n75,73,174,T2-n75-3,845,1134,549.0106,astar,2,SUCCESS,0.1054,15,15,,695.0749,1474 1477 2393 2397 1522 3172 3175 3178 3181 3184 1939,
2212,2,n75,73,174,T2-n75-3,845,1134,549.0106,dijkstra,3,SUCCESS,0.1597,49,49,,695.0749,1474 1477 2393 2397 1522 3172 3175 3178 3181 3184 1939,
2213,2,n75,73,174,T2-n75-3,845,1134,549.0106,astar,3,SUCCESS,0.1584,15,15,,695.0749,1474 1477 2393 2397 1522 3172 3175 3178 3181 3184 1939,
2214,2,n75,73,174,T2-n75-3,845,1134,549.0106,dfs,3,SUCCESS,31.2643,541540,73,45342,695.0749,1474 1477 2393 2397 1522 3172 3175 3178 3181 3184 1939,
2215,2,n75,73,174,T2-n75-3,845,1134,549.0106,dijkstra,4,SUCCESS,0.1694,49,49,,695.0749,1474 1477 2393 2397 1522 3172 3175 3178 3181 3184 1939,
2216,2,n75,73,174,T2-n75-3,845,1134,549.0106,astar,4,SUCCESS,0.1066,15,15,,695.0749,1474 1477 2393 2397 1522 3172 3175 3178 3181 3184 1939,
2217,2,n75,73,174,T2-n75-3,845,1134,549.0106,dfs,4,SUCCESS,31.2104,541540,73,45342,695.0749,1474 1477 2393 2397 1522 3172 3175 3178 3181 3184 1939,
2218,2,n75,73,174,T2-n75-3,845,1134,549.0106,dfs,5,SUCCESS,31.2916,541540,73,45342,695.0749,1474 1477 2393 2397 1522 3172 3175 3178 3181 3184 1939,
2219,2,n75,73,174,T2-n75-3,845,1134,549.0106,astar,5,SUCCESS,0.1669,15,15,,695.0749,1474 1477 2393 2397 1522 3172 3175 3178 3181 3184 1939,
2220,2,n75,73,174,T2-n75-3,845,1134,549.0106,dijkstra,5,SUCCESS,0.1636,49,49,,695.0749,1474 1477 2393 2397 1522 3172 3175 3178 3181 3184 1939,
2221,2,n75,73,174,T2-n75-4,2272,2584,442.4349,astar,1,SUCCESS,0.1238,27,27,,600.2623,9512 4281 4276 3177 3174 3171 1523 2396 4959,
2222,2,n75,73,174,T2-n75-4,2272,2584,442.4349,dijkstra,1,SUCCESS,0.2054,56,56,,600.2623,9512 4281 4276 3177 3174 3171 1523 2396 4959,
2223,2,n75,73,174,T2-n75-4,2272,2584,442.4349,dfs,1,SUCCESS,46.2173,782974,73,22952,600.2623,9512 4281 4276 3177 3174 3171 1523 2396 4959,
2224,2,n75,73,174,T2-n75-4,2272,2584,442.4349,astar,2,SUCCESS,0.195,27,27,,600.2623,9512 4281 4276 3177 3174 3171 1523 2396 4959,
2225,2,n75,73,174,T2-n75-4,2272,2584,442.4349,dijkstra,2,SUCCESS,0.2616,56,56,,600.2623,9512 4281 4276 3177 3174 3171 1523 2396 4959,
2226,2,n75,73,174,T2-n75-4,2272,2584,442.4349,dfs,2,SUCCESS,38.3817,782974,73,22952,600.2623,9512 4281 4276 3177 3174 3171 1523 2396 4959,
2227,2,n75,73,174,T2-n75-4,2272,2584,442.4349,astar,3,SUCCESS,0.2114,27,27,,600.2623,9512 4281 4276 3177 3174 3171 1523 2396 4959,
2228,2,n75,73,174,T2-n75-4,2272,2584,442.4349,dfs,3,SUCCESS,38.2713,782974,73,22952,600.2623,9512 4281 4276 3177 3174 3171 1523 2396 4959,
2229,2,n75,73,174,T2-n75-4,2272,2584,442.4349,dijkstra,3,SUCCESS,0.1914,56,56,,600.2623,9512 4281 4276 3177 3174 3171 1523 2396 4959,
2230,2,n75,73,174,T2-n75-4,2272,2584,442.4349,dfs,4,SUCCESS,42.1628,782974,73,22952,600.2623,9512 4281 4276 3177 3174 3171 1523 2396 4959,
2231,2,n75,73,174,T2-n75-4,2272,2584,442.4349,astar,4,SUCCESS,0.1564,27,27,,600.2623,9512 4281 4276 3177 3174 3171 1523 2396 4959,
2232,2,n75,73,174,T2-n75-4,2272,2584,442.4349,dijkstra,4,SUCCESS,0.1636,56,56,,600.2623,9512 4281 4276 3177 3174 3171 1523 2396 4959,
2233,2,n75,73,174,T2-n75-4,2272,2584,442.4349,astar,5,SUCCESS,0.1332,27,27,,600.2623,9512 4281 4276 3177 3174 3171 1523 2396 4959,
2234,2,n75,73,174,T2-n75-4,2272,2584,442.4349,dfs,5,SUCCESS,42.3837,782974,73,22952,600.2623,9512 4281 4276 3177 3174 3171 1523 2396 4959,
2235,2,n75,73,174,T2-n75-4,2272,2584,442.4349,dijkstra,5,SUCCESS,0.1995,56,56,,600.2623,9512 4281 4276 3177 3174 3171 1523 2396 4959,
2236,2,n75,73,174,T2-n75-5,1135,1402,446.2903,astar,1,SUCCESS,0.238,26,26,,591.5736,8215 8283 1938 3183 3180 3177 3174 3171 1523 2396,
2237,2,n75,73,174,T2-n75-5,1135,1402,446.2903,dfs,1,SUCCESS,23.7526,432615,73,13348,591.5736,8215 8283 1938 3183 3180 3177 3174 3171 1523 2396,
2238,2,n75,73,174,T2-n75-5,1135,1402,446.2903,dijkstra,1,SUCCESS,0.2585,54,54,,591.5736,8215 8283 1938 3183 3180 3177 3174 3171 1523 2396,
2239,2,n75,73,174,T2-n75-5,1135,1402,446.2903,dfs,2,SUCCESS,22.9973,432615,73,13348,591.5736,8215 8283 1938 3183 3180 3177 3174 3171 1523 2396,
2240,2,n75,73,174,T2-n75-5,1135,1402,446.2903,astar,2,SUCCESS,0.2408,26,26,,591.5736,8215 8283 1938 3183 3180 3177 3174 3171 1523 2396,
2241,2,n75,73,174,T2-n75-5,1135,1402,446.2903,dijkstra,2,SUCCESS,0.1177,54,54,,591.5736,8215 8283 1938 3183 3180 3177 3174 3171 1523 2396,
2242,2,n75,73,174,T2-n75-5,1135,1402,446.2903,dfs,3,SUCCESS,21.6818,432615,73,13348,591.5736,8215 8283 1938 3183 3180 3177 3174 3171 1523 2396,
2243,2,n75,73,174,T2-n75-5,1135,1402,446.2903,astar,3,SUCCESS,0.1368,26,26,,591.5736,8215 8283 1938 3183 3180 3177 3174 3171 1523 2396,
2244,2,n75,73,174,T2-n75-5,1135,1402,446.2903,dijkstra,3,SUCCESS,0.1601,54,54,,591.5736,8215 8283 1938 3183 3180 3177 3174 3171 1523 2396,
2245,2,n75,73,174,T2-n75-5,1135,1402,446.2903,dijkstra,4,SUCCESS,0.1744,54,54,,591.5736,8215 8283 1938 3183 3180 3177 3174 3171 1523 2396,
2246,2,n75,73,174,T2-n75-5,1135,1402,446.2903,astar,4,SUCCESS,0.143,26,26,,591.5736,8215 8283 1938 3183 3180 3177 3174 3171 1523 2396,
2247,2,n75,73,174,T2-n75-5,1135,1402,446.2903,dfs,4,SUCCESS,28.9727,432615,73,13348,591.5736,8215 8283 1938 3183 3180 3177 3174 3171 1523 2396,
2248,2,n75,73,174,T2-n75-5,1135,1402,446.2903,dijkstra,5,SUCCESS,0.1692,54,54,,591.5736,8215 8283 1938 3183 3180 3177 3174 3171 1523 2396,
2249,2,n75,73,174,T2-n75-5,1135,1402,446.2903,astar,5,SUCCESS,0.1294,26,26,,591.5736,8215 8283 1938 3183 3180 3177 3174 3171 1523 2396,
2250,2,n75,73,174,T2-n75-5,1135,1402,446.2903,dfs,5,SUCCESS,21.8392,432615,73,13348,591.5736,8215 8283 1938 3183 3180 3177 3174 3171 1523 2396,
2251,2,n75,73,174,T2-n75-6,2268,845,491.0935,dfs,1,SUCCESS,42.6008,820784,71,20312,701.6785,4271 4268 4265 4264 1513 1516 1519 1523 2395 2392 1476,
2252,2,n75,73,174,T2-n75-6,2268,845,491.0935,astar,1,SUCCESS,0.221,47,47,,701.6785,4271 4268 4265 4264 1513 1516 1519 1523 2395 2392 1476,
2253,2,n75,73,174,T2-n75-6,2268,845,491.0935,dijkstra,1,SUCCESS,0.2509,64,64,,701.6785,4271 4268 4265 4264 1513 1516 1519 1523 2395 2392 1476,
2254,2,n75,73,174,T2-n75-6,2268,845,491.0935,astar,2,SUCCESS,0.2246,47,47,,701.6785,4271 4268 4265 4264 1513 1516 1519 1523 2395 2392 1476,
2255,2,n75,73,174,T2-n75-6,2268,845,491.0935,dijkstra,2,SUCCESS,0.1438,64,64,,701.6785,4271 4268 4265 4264 1513 1516 1519 1523 2395 2392 1476,
2256,2,n75,73,174,T2-n75-6,2268,845,491.0935,dfs,2,SUCCESS,43.0492,820784,71,20312,701.6785,4271 4268 4265 4264 1513 1516 1519 1523 2395 2392 1476,
2257,2,n75,73,174,T2-n75-6,2268,845,491.0935,dfs,3,SUCCESS,40.1574,820784,71,20312,701.6785,4271 4268 4265 4264 1513 1516 1519 1523 2395 2392 1476,
2258,2,n75,73,174,T2-n75-6,2268,845,491.0935,dijkstra,3,SUCCESS,0.2066,64,64,,701.6785,4271 4268 4265 4264 1513 1516 1519 1523 2395 2392 1476,
2259,2,n75,73,174,T2-n75-6,2268,845,491.0935,astar,3,SUCCESS,0.1865,47,47,,701.6785,4271 4268 4265 4264 1513 1516 1519 1523 2395 2392 1476,
2260,2,n75,73,174,T2-n75-6,2268,845,491.0935,astar,4,SUCCESS,0.1824,47,47,,701.6785,4271 4268 4265 4264 1513 1516 1519 1523 2395 2392 1476,
2261,2,n75,73,174,T2-n75-6,2268,845,491.0935,dfs,4,SUCCESS,39.4322,820784,71,20312,701.6785,4271 4268 4265 4264 1513 1516 1519 1523 2395 2392 1476,
2262,2,n75,73,174,T2-n75-6,2268,845,491.0935,dijkstra,4,SUCCESS,0.1953,64,64,,701.6785,4271 4268 4265 4264 1513 1516 1519 1523 2395 2392 1476,
2263,2,n75,73,174,T2-n75-6,2268,845,491.0935,astar,5,SUCCESS,0.1861,47,47,,701.6785,4271 4268 4265 4264 1513 1516 1519 1523 2395 2392 1476,
2264,2,n75,73,174,T2-n75-6,2268,845,491.0935,dijkstra,5,SUCCESS,0.1803,64,64,,701.6785,4271 4268 4265 4264 1513 1516 1519 1523 2395 2392 1476,
2265,2,n75,73,174,T2-n75-6,2268,845,491.0935,dfs,5,SUCCESS,39.3773,820784,71,20312,701.6785,4271 4268 4265 4264 1513 1516 1519 1523 2395 2392 1476,
2266,2,n75,73,174,T2-n75-7,2584,1134,443.1133,dijkstra,1,SUCCESS,0.194,48,48,,584.8346,4958 4960 2397 1522 3172 3175 3178 3181 3184 1939,
2267,2,n75,73,174,T2-n75-7,2584,1134,443.1133,astar,1,SUCCESS,0.1027,16,16,,584.8346,4958 4960 2397 1522 3172 3175 3178 3181 3184 1939,
2268,2,n75,73,174,T2-n75-7,2584,1134,443.1133,dfs,1,SUCCESS,27.0518,541543,73,45342,584.8346,4958 4960 2397 1522 3172 3175 3178 3181 3184 1939,
2269,2,n75,73,174,T2-n75-7,2584,1134,443.1133,dijkstra,2,SUCCESS,0.1931,48,48,,584.8346,4958 4960 2397 1522 3172 3175 3178 3181 3184 1939,
2270,2,n75,73,174,T2-n75-7,2584,1134,443.1133,astar,2,SUCCESS,0.1019,16,16,,584.8346,4958 4960 2397 1522 3172 3175 3178 3181 3184 1939,
2271,2,n75,73,174,T2-n75-7,2584,1134,443.1133,dfs,2,SUCCESS,26.8747,541543,73,45342,584.8346,4958 4960 2397 1522 3172 3175 3178 3181 3184 1939,
2272,2,n75,73,174,T2-n75-7,2584,1134,443.1133,astar,3,SUCCESS,0.121,16,16,,584.8346,4958 4960 2397 1522 3172 3175 3178 3181 3184 1939,
2273,2,n75,73,174,T2-n75-7,2584,1134,443.1133,dfs,3,SUCCESS,26.9594,541543,73,45342,584.8346,4958 4960 2397 1522 3172 3175 3178 3181 3184 1939,
2274,2,n75,73,174,T2-n75-7,2584,1134,443.1133,dijkstra,3,SUCCESS,0.2566,48,48,,584.8346,4958 4960 2397 1522 3172 3175 3178 3181 3184 1939,
2275,2,n75,73,174,T2-n75-7,2584,1134,443.1133,dijkstra,4,SUCCESS,0.1628,48,48,,584.8346,4958 4960 2397 1522 3172 3175 3178 3181 3184 1939,
2276,2,n75,73,174,T2-n75-7,2584,1134,443.1133,astar,4,SUCCESS,0.1046,16,16,,584.8346,4958 4960 2397 1522 3172 3175 3178 3181 3184 1939,
2277,2,n75,73,174,T2-n75-7,2584,1134,443.1133,dfs,4,SUCCESS,32.5675,541543,73,45342,584.8346,4958 4960 2397 1522 3172 3175 3178 3181 3184 1939,
2278,2,n75,73,174,T2-n75-7,2584,1134,443.1133,astar,5,SUCCESS,0.1979,16,16,,584.8346,4958 4960 2397 1522 3172 3175 3178 3181 3184 1939,
2279,2,n75,73,174,T2-n75-7,2584,1134,443.1133,dijkstra,5,SUCCESS,0.2878,48,48,,584.8346,4958 4960 2397 1522 3172 3175 3178 3181 3184 1939,
2280,2,n75,73,174,T2-n75-7,2584,1134,443.1133,dfs,5,SUCCESS,42.1955,541543,73,45342,584.8346,4958 4960 2397 1522 3172 3175 3178 3181 3184 1939,
2281,2,n75,73,174,T2-n75-8,1858,2724,388.6503,dijkstra,1,SUCCESS,0.2007,51,51,,538.5421,7676 7679 1506 1510 4260 4263 4267 4285 4291 3172 3176 9305,
2282,2,n75,73,174,T2-n75-8,1858,2724,388.6503,astar,1,SUCCESS,0.1692,33,33,,538.5421,7676 7679 1506 1510 4260 4263 4267 4285 4291 3172 3176 9305,
2283,2,n75,73,174,T2-n75-8,1858,2724,388.6503,dfs,1,SUCCESS,39.6317,617577,73,24530,538.5421,7676 7679 1506 1510 4260 4263 4267 4285 4291 3172 3176 9305,
2284,2,n75,73,174,T2-n75-8,1858,2724,388.6503,dijkstra,2,SUCCESS,0.1864,51,51,,538.5421,7676 7679 1506 1510 4260 4263 4267 4285 4291 3172 3176 9305,
2285,2,n75,73,174,T2-n75-8,1858,2724,388.6503,astar,2,SUCCESS,0.1451,33,33,,538.5421,7676 7679 1506 1510 4260 4263 4267 4285 4291 3172 3176 9305,
2286,2,n75,73,174,T2-n75-8,1858,2724,388.6503,dfs,2,SUCCESS,29.4342,617577,73,24530,538.5421,7676 7679 1506 1510 4260 4263 4267 4285 4291 3172 3176 9305,
2287,2,n75,73,174,T2-n75-8,1858,2724,388.6503,dfs,3,SUCCESS,31.3716,617577,73,24530,538.5421,7676 7679 1506 1510 4260 4263 4267 4285 4291 3172 3176 9305,
2288,2,n75,73,174,T2-n75-8,1858,2724,388.6503,dijkstra,3,SUCCESS,0.1784,51,51,,538.5421,7676 7679 1506 1510 4260 4263 4267 4285 4291 3172 3176 9305,
2289,2,n75,73,174,T2-n75-8,1858,2724,388.6503,astar,3,SUCCESS,0.1442,33,33,,538.5421,7676 7679 1506 1510 4260 4263 4267 4285 4291 3172 3176 9305,
2290,2,n75,73,174,T2-n75-8,1858,2724,388.6503,dijkstra,4,SUCCESS,0.1498,51,51,,538.5421,7676 7679 1506 1510 4260 4263 4267 4285 4291 3172 3176 9305,
2291,2,n75,73,174,T2-n75-8,1858,2724,388.6503,dfs,4,SUCCESS,33.0098,617577,73,24530,538.5421,7676 7679 1506 1510 4260 4263 4267 4285 4291 3172 3176 9305,
2292,2,n75,73,174,T2-n75-8,1858,2724,388.6503,astar,4,SUCCESS,0.2042,33,33,,538.5421,7676 7679 1506 1510 4260 4263 4267 4285 4291 3172 3176 9305,
2293,2,n75,73,174,T2-n75-8,1858,2724,388.6503,dfs,5,SUCCESS,29.0151,617577,73,24530,538.5421,7676 7679 1506 1510 4260 4263 4267 4285 4291 3172 3176 9305,
2294,2,n75,73,174,T2-n75-8,1858,2724,388.6503,dijkstra,5,SUCCESS,0.215,51,51,,538.5421,7676 7679 1506 1510 4260 4263 4267 4285 4291 3172 3176 9305,
2295,2,n75,73,174,T2-n75-8,1858,2724,388.6503,astar,5,SUCCESS,0.1429,33,33,,538.5421,7676 7679 1506 1510 4260 4263 4267 4285 4291 3172 3176 9305,
2296,2,n75,73,174,T2-n75-9,870,1134,375.3378,astar,1,SUCCESS,0.1622,13,13,,427.417,5688 8213 4275 1941 8215,
2297,2,n75,73,174,T2-n75-9,870,1134,375.3378,dijkstra,1,SUCCESS,0.1549,45,45,,427.417,5688 8213 4275 1941 8215,
2298,2,n75,73,174,T2-n75-9,870,1134,375.3378,dfs,1,SUCCESS,33.5957,645821,73,18810,427.417,5688 8213 4275 1941 8215,
2299,2,n75,73,174,T2-n75-9,870,1134,375.3378,dijkstra,2,SUCCESS,0.1843,45,45,,427.417,5688 8213 4275 1941 8215,
2300,2,n75,73,174,T2-n75-9,870,1134,375.3378,dfs,2,SUCCESS,30.7536,645821,73,18810,427.417,5688 8213 4275 1941 8215,
2301,2,n75,73,174,T2-n75-9,870,1134,375.3378,astar,2,SUCCESS,0.1131,13,13,,427.417,5688 8213 4275 1941 8215,
2302,2,n75,73,174,T2-n75-9,870,1134,375.3378,dfs,3,SUCCESS,31.1426,645821,73,18810,427.417,5688 8213 4275 1941 8215,
2303,2,n75,73,174,T2-n75-9,870,1134,375.3378,astar,3,SUCCESS,0.1597,13,13,,427.417,5688 8213 4275 1941 8215,
2304,2,n75,73,174,T2-n75-9,870,1134,375.3378,dijkstra,3,SUCCESS,0.2323,45,45,,427.417,5688 8213 4275 1941 8215,
2305,2,n75,73,174,T2-n75-9,870,1134,375.3378,astar,4,SUCCESS,0.0976,13,13,,427.417,5688 8213 4275 1941 8215,
2306,2,n75,73,174,T2-n75-9,870,1134,375.3378,dfs,4,SUCCESS,33.3373,645821,73,18810,427.417,5688 8213 4275 1941 8215,
2307,2,n75,73,174,T2-n75-9,870,1134,375.3378,dijkstra,4,SUCCESS,0.213,45,45,,427.417,5688 8213 4275 1941 8215,
2308,2,n75,73,174,T2-n75-9,870,1134,375.3378,astar,5,SUCCESS,0.1068,13,13,,427.417,5688 8213 4275 1941 8215,
2309,2,n75,73,174,T2-n75-9,870,1134,375.3378,dfs,5,SUCCESS,32.5012,645821,73,18810,427.417,5688 8213 4275 1941 8215,
2310,2,n75,73,174,T2-n75-9,870,1134,375.3378,dijkstra,5,SUCCESS,0.1797,45,45,,427.417,5688 8213 4275 1941 8215,
2311,2,n75,73,174,T2-n75-10,2268,853,624.1122,dfs,1,SUCCESS,49.4258,841096,72,20312,811.5331,4271 4268 4265 4264 1513 1516 1519 1523 2396 4959 4957 4956 10313 1488 1486,
2312,2,n75,73,174,T2-n75-10,2268,853,624.1122,dijkstra,1,SUCCESS,0.2358,68,68,,811.5331,4271 4268 4265 4264 1513 1516 1519 1523 2396 4959 4957 4956 10313 1488 1486,
2313,2,n75,73,174,T2-n75-10,2268,853,624.1122,astar,1,SUCCESS,0.2368,45,45,,811.5331,4271 4268 4265 4264 1513 1516 1519 1523 2396 4959 4957 4956 10313 1488 1486,
2314,2,n75,73,174,T2-n75-10,2268,853,624.1122,dfs,2,SUCCESS,42.4135,841096,72,20312,811.5331,4271 4268 4265 4264 1513 1516 1519 1523 2396 4959 4957 4956 10313 1488 1486,
2315,2,n75,73,174,T2-n75-10,2268,853,624.1122,dijkstra,2,SUCCESS,0.246,68,68,,811.5331,4271 4268 4265 4264 1513 1516 1519 1523 2396 4959 4957 4956 10313 1488 1486,
2316,2,n75,73,174,T2-n75-10,2268,853,624.1122,astar,2,SUCCESS,0.1784,45,45,,811.5331,4271 4268 4265 4264 1513 1516 1519 1523 2396 4959 4957 4956 10313 1488 1486,
2317,2,n75,73,174,T2-n75-10,2268,853,624.1122,astar,3,SUCCESS,0.1763,45,45,,811.5331,4271 4268 4265 4264 1513 1516 1519 1523 2396 4959 4957 4956 10313 1488 1486,
2318,2,n75,73,174,T2-n75-10,2268,853,624.1122,dfs,3,SUCCESS,40.3298,841096,72,20312,811.5331,4271 4268 4265 4264 1513 1516 1519 1523 2396 4959 4957 4956 10313 1488 1486,
2319,2,n75,73,174,T2-n75-10,2268,853,624.1122,dijkstra,3,SUCCESS,0.1989,68,68,,811.5331,4271 4268 4265 4264 1513 1516 1519 1523 2396 4959 4957 4956 10313 1488 1486,
2320,2,n75,73,174,T2-n75-10,2268,853,624.1122,dfs,4,SUCCESS,42.6068,841096,72,20312,811.5331,4271 4268 4265 4264 1513 1516 1519 1523 2396 4959 4957 4956 10313 1488 1486,
2321,2,n75,73,174,T2-n75-10,2268,853,624.1122,dijkstra,4,SUCCESS,0.2177,68,68,,811.5331,4271 4268 4265 4264 1513 1516 1519 1523 2396 4959 4957 4956 10313 1488 1486,
2322,2,n75,73,174,T2-n75-10,2268,853,624.1122,astar,4,SUCCESS,0.2112,45,45,,811.5331,4271 4268 4265 4264 1513 1516 1519 1523 2396 4959 4957 4956 10313 1488 1486,
2323,2,n75,73,174,T2-n75-10,2268,853,624.1122,dijkstra,5,SUCCESS,0.1915,68,68,,811.5331,4271 4268 4265 4264 1513 1516 1519 1523 2396 4959 4957 4956 10313 1488 1486,
2324,2,n75,73,174,T2-n75-10,2268,853,624.1122,dfs,5,SUCCESS,40.4084,841096,72,20312,811.5331,4271 4268 4265 4264 1513 1516 1519 1523 2396 4959 4957 4956 10313 1488 1486,
2325,2,n75,73,174,T2-n75-10,2268,853,624.1122,astar,5,SUCCESS,0.2047,45,45,,811.5331,4271 4268 4265 4264 1513 1516 1519 1523 2396 4959 4957 4956 10313 1488 1486,
2326,2,n100,96,224,T2-n100-1,3610,3632,580.3387,dijkstra,1,SUCCESS,0.199,64,64,,677.4351,7611 7604 7606 7624 8217 8283 1938 3185 4278 4287 4286 4265 4262 4259 1511 1507 7678 7675,
2327,2,n100,96,224,T2-n100-1,3610,3632,580.3387,astar,1,SUCCESS,0.0961,25,25,,677.4351,7611 7604 7606 7624 8217 8283 1938 3185 4278 4287 4286 4265 4262 4259 1511 1507 7678 7675,
2328,2,n100,96,224,T2-n100-1,3610,3632,580.3387,dfs,1,SUCCESS,143.5024,2570379,88,44361,677.4351,7611 7604 7606 7624 8217 8283 1938 3185 4278 4287 4286 4265 4262 4259 1511 1507 7678 7675,
2329,2,n100,96,224,T2-n100-1,3610,3632,580.3387,astar,2,SUCCESS,0.2978,25,25,,677.4351,7611 7604 7606 7624 8217 8283 1938 3185 4278 4287 4286 4265 4262 4259 1511 1507 7678 7675,
2330,2,n100,96,224,T2-n100-1,3610,3632,580.3387,dijkstra,2,SUCCESS,0.2021,64,64,,677.4351,7611 7604 7606 7624 8217 8283 1938 3185 4278 4287 4286 4265 4262 4259 1511 1507 7678 7675,
2331,2,n100,96,224,T2-n100-1,3610,3632,580.3387,dfs,2,SUCCESS,129.2471,2570379,88,44361,677.4351,7611 7604 7606 7624 8217 8283 1938 3185 4278 4287 4286 4265 4262 4259 1511 1507 7678 7675,
2332,2,n100,96,224,T2-n100-1,3610,3632,580.3387,dijkstra,3,SUCCESS,0.2125,64,64,,677.4351,7611 7604 7606 7624 8217 8283 1938 3185 4278 4287 4286 4265 4262 4259 1511 1507 7678 7675,
2333,2,n100,96,224,T2-n100-1,3610,3632,580.3387,dfs,3,SUCCESS,140.4413,2570379,88,44361,677.4351,7611 7604 7606 7624 8217 8283 1938 3185 4278 4287 4286 4265 4262 4259 1511 1507 7678 7675,
2334,2,n100,96,224,T2-n100-1,3610,3632,580.3387,astar,3,SUCCESS,0.2068,25,25,,677.4351,7611 7604 7606 7624 8217 8283 1938 3185 4278 4287 4286 4265 4262 4259 1511 1507 7678 7675,
2335,2,n100,96,224,T2-n100-1,3610,3632,580.3387,dfs,4,SUCCESS,134.3348,2570379,88,44361,677.4351,7611 7604 7606 7624 8217 8283 1938 3185 4278 4287 4286 4265 4262 4259 1511 1507 7678 7675,
2336,2,n100,96,224,T2-n100-1,3610,3632,580.3387,dijkstra,4,SUCCESS,0.2226,64,64,,677.4351,7611 7604 7606 7624 8217 8283 1938 3185 4278 4287 4286 4265 4262 4259 1511 1507 7678 7675,
2337,2,n100,96,224,T2-n100-1,3610,3632,580.3387,astar,4,SUCCESS,0.1358,25,25,,677.4351,7611 7604 7606 7624 8217 8283 1938 3185 4278 4287 4286 4265 4262 4259 1511 1507 7678 7675,
2338,2,n100,96,224,T2-n100-1,3610,3632,580.3387,dijkstra,5,SUCCESS,0.2442,64,64,,677.4351,7611 7604 7606 7624 8217 8283 1938 3185 4278 4287 4286 4265 4262 4259 1511 1507 7678 7675,
2339,2,n100,96,224,T2-n100-1,3610,3632,580.3387,dfs,5,SUCCESS,131.1662,2570379,88,44361,677.4351,7611 7604 7606 7624 8217 8283 1938 3185 4278 4287 4286 4265 4262 4259 1511 1507 7678 7675,
2340,2,n100,96,224,T2-n100-1,3610,3632,580.3387,astar,5,SUCCESS,0.3218,25,25,,677.4351,7611 7604 7606 7624 8217 8283 1938 3185 4278 4287 4286 4265 4262 4259 1511 1507 7678 7675,
2341,2,n100,96,224,T2-n100-2,848,1133,451.7035,astar,1,SUCCESS,0.152,12,12,,563.0846,2393 2397 1522 3172 3175 3178 3181,
2342,2,n100,96,224,T2-n100-2,848,1133,451.7035,dijkstra,1,SUCCESS,0.1619,39,39,,563.0846,2393 2397 1522 3172 3175 3178 3181,
2343,2,n100,96,224,T2-n100-2,848,1133,451.7035,dfs,1,SUCCESS,595.1368,11747016,96,622506,563.0846,2393 2397 1522 3172 3175 3178 3181,
2344,2,n100,96,224,T2-n100-2,848,1133,451.7035,astar,2,SUCCESS,0.1906,12,12,,563.0846,2393 2397 1522 3172 3175 3178 3181,
2345,2,n100,96,224,T2-n100-2,848,1133,451.7035,dfs,2,SUCCESS,562.0629,11747016,96,622506,563.0846,2393 2397 1522 3172 3175 3178 3181,
2346,2,n100,96,224,T2-n100-2,848,1133,451.7035,dijkstra,2,SUCCESS,0.2251,39,39,,563.0846,2393 2397 1522 3172 3175 3178 3181,
2347,2,n100,96,224,T2-n100-2,848,1133,451.7035,astar,3,SUCCESS,0.0969,12,12,,563.0846,2393 2397 1522 3172 3175 3178 3181,
2348,2,n100,96,224,T2-n100-2,848,1133,451.7035,dfs,3,SUCCESS,572.1003,11747016,96,622506,563.0846,2393 2397 1522 3172 3175 3178 3181,
2349,2,n100,96,224,T2-n100-2,848,1133,451.7035,dijkstra,3,SUCCESS,0.2185,39,39,,563.0846,2393 2397 1522 3172 3175 3178 3181,
2350,2,n100,96,224,T2-n100-2,848,1133,451.7035,dijkstra,4,SUCCESS,0.5036,39,39,,563.0846,2393 2397 1522 3172 3175 3178 3181,
2351,2,n100,96,224,T2-n100-2,848,1133,451.7035,dfs,4,SUCCESS,608.9355,11747016,96,622506,563.0846,2393 2397 1522 3172 3175 3178 3181,
2352,2,n100,96,224,T2-n100-2,848,1133,451.7035,astar,4,SUCCESS,0.1907,12,12,,563.0846,2393 2397 1522 3172 3175 3178 3181,
2353,2,n100,96,224,T2-n100-2,848,1133,451.7035,astar,5,SUCCESS,0.1321,12,12,,563.0846,2393 2397 1522 3172 3175 3178 3181,
2354,2,n100,96,224,T2-n100-2,848,1133,451.7035,dijkstra,5,SUCCESS,0.1527,39,39,,563.0846,2393 2397 1522 3172 3175 3178 3181,
2355,2,n100,96,224,T2-n100-2,848,1133,451.7035,dfs,5,SUCCESS,560.4349,11747016,96,622506,563.0846,2393 2397 1522 3172 3175 3178 3181,
2356,2,n100,96,224,T2-n100-3,865,853,663.9526,dfs,1,SUCCESS,1406.9384,24504532,95,490252,826.5839,1506 1508 1513 1516 1519 1523 2396 4959 4957 4956 10313 1488 1486,
2357,2,n100,96,224,T2-n100-3,865,853,663.9526,dijkstra,1,SUCCESS,0.379,91,91,,826.5839,1506 1508 1513 1516 1519 1523 2396 4959 4957 4956 10313 1488 1486,
2358,2,n100,96,224,T2-n100-3,865,853,663.9526,astar,1,SUCCESS,0.2524,38,38,,826.5839,1506 1508 1513 1516 1519 1523 2396 4959 4957 4956 10313 1488 1486,
2359,2,n100,96,224,T2-n100-3,865,853,663.9526,astar,2,SUCCESS,0.6151,38,38,,826.5839,1506 1508 1513 1516 1519 1523 2396 4959 4957 4956 10313 1488 1486,
2360,2,n100,96,224,T2-n100-3,865,853,663.9526,dijkstra,2,SUCCESS,0.237,91,91,,826.5839,1506 1508 1513 1516 1519 1523 2396 4959 4957 4956 10313 1488 1486,
2361,2,n100,96,224,T2-n100-3,865,853,663.9526,dfs,2,SUCCESS,1303.5789,24504532,95,490252,826.5839,1506 1508 1513 1516 1519 1523 2396 4959 4957 4956 10313 1488 1486,
2362,2,n100,96,224,T2-n100-3,865,853,663.9526,dijkstra,3,SUCCESS,0.3173,91,91,,826.5839,1506 1508 1513 1516 1519 1523 2396 4959 4957 4956 10313 1488 1486,
2363,2,n100,96,224,T2-n100-3,865,853,663.9526,dfs,3,SUCCESS,1209.4274,24504532,95,490252,826.5839,1506 1508 1513 1516 1519 1523 2396 4959 4957 4956 10313 1488 1486,
2364,2,n100,96,224,T2-n100-3,865,853,663.9526,astar,3,SUCCESS,0.2232,38,38,,826.5839,1506 1508 1513 1516 1519 1523 2396 4959 4957 4956 10313 1488 1486,
2365,2,n100,96,224,T2-n100-3,865,853,663.9526,astar,4,SUCCESS,0.2146,38,38,,826.5839,1506 1508 1513 1516 1519 1523 2396 4959 4957 4956 10313 1488 1486,
2366,2,n100,96,224,T2-n100-3,865,853,663.9526,dijkstra,4,SUCCESS,0.4041,91,91,,826.5839,1506 1508 1513 1516 1519 1523 2396 4959 4957 4956 10313 1488 1486,
2367,2,n100,96,224,T2-n100-3,865,853,663.9526,dfs,4,SUCCESS,1414.2759,24504532,95,490252,826.5839,1506 1508 1513 1516 1519 1523 2396 4959 4957 4956 10313 1488 1486,
2368,2,n100,96,224,T2-n100-3,865,853,663.9526,dijkstra,5,SUCCESS,0.3067,91,91,,826.5839,1506 1508 1513 1516 1519 1523 2396 4959 4957 4956 10313 1488 1486,
2369,2,n100,96,224,T2-n100-3,865,853,663.9526,astar,5,SUCCESS,0.1862,38,38,,826.5839,1506 1508 1513 1516 1519 1523 2396 4959 4957 4956 10313 1488 1486,
2370,2,n100,96,224,T2-n100-3,865,853,663.9526,dfs,5,SUCCESS,1369.0539,24504532,95,490252,826.5839,1506 1508 1513 1516 1519 1523 2396 4959 4957 4956 10313 1488 1486,
2371,2,n100,96,224,T2-n100-4,4466,859,422.6881,dijkstra,1,SUCCESS,0.2207,27,27,,757.2118,10321 10314 10313 1489 4295 4955 4958 4960 2397 1521 1520,
2372,2,n100,96,224,T2-n100-4,4466,859,422.6881,astar,1,SUCCESS,0.109,20,20,,757.2118,10321 10314 10313 1489 4295 4955 4958 4960 2397 1521 1520,
2373,2,n100,96,224,T2-n100-4,4466,859,422.6881,dfs,1,SUCCESS,413.7814,8201323,96,17210,757.2118,10321 10314 10313 1489 4295 4955 4958 4960 2397 1521 1520,
2374,2,n100,96,224,T2-n100-4,4466,859,422.6881,astar,2,SUCCESS,0.1399,20,20,,757.2118,10321 10314 10313 1489 4295 4955 4958 4960 2397 1521 1520,
2375,2,n100,96,224,T2-n100-4,4466,859,422.6881,dfs,2,TIMEOUT,108125.1851,2203000,95,3514,,,
2376,2,n100,96,224,T2-n100-4,4466,859,422.6881,dijkstra,2,SUCCESS,0.1487,27,27,,757.2118,10321 10314 10313 1489 4295 4955 4958 4960 2397 1521 1520,
2377,2,n100,96,224,T2-n100-4,4466,859,422.6881,dijkstra,3,SUCCESS,0.141,27,27,,757.2118,10321 10314 10313 1489 4295 4955 4958 4960 2397 1521 1520,
2378,2,n100,96,224,T2-n100-4,4466,859,422.6881,astar,3,SUCCESS,0.1769,20,20,,757.2118,10321 10314 10313 1489 4295 4955 4958 4960 2397 1521 1520,
2379,2,n100,96,224,T2-n100-4,4466,859,422.6881,dfs,3,SUCCESS,283.4166,8201323,96,17210,757.2118,10321 10314 10313 1489 4295 4955 4958 4960 2397 1521 1520,
2380,2,n100,96,224,T2-n100-4,4466,859,422.6881,astar,4,SUCCESS,0.0868,20,20,,757.2118,10321 10314 10313 1489 4295 4955 4958 4960 2397 1521 1520,
2381,2,n100,96,224,T2-n100-4,4466,859,422.6881,dijkstra,4,SUCCESS,0.0879,27,27,,757.2118,10321 10314 10313 1489 4295 4955 4958 4960 2397 1521 1520,
2382,2,n100,96,224,T2-n100-4,4466,859,422.6881,dfs,4,SUCCESS,958.2144,8201323,96,17210,757.2118,10321 10314 10313 1489 4295 4955 4958 4960 2397 1521 1520,
2383,2,n100,96,224,T2-n100-4,4466,859,422.6881,dfs,5,SUCCESS,263.7441,8201323,96,17210,757.2118,10321 10314 10313 1489 4295 4955 4958 4960 2397 1521 1520,
2384,2,n100,96,224,T2-n100-4,4466,859,422.6881,dijkstra,5,SUCCESS,0.1144,27,27,,757.2118,10321 10314 10313 1489 4295 4955 4958 4960 2397 1521 1520,
2385,2,n100,96,224,T2-n100-4,4466,859,422.6881,astar,5,SUCCESS,0.1015,20,20,,757.2118,10321 10314 10313 1489 4295 4955 4958 4960 2397 1521 1520,
2386,2,n100,96,224,T2-n100-5,2585,3633,555.4124,astar,1,SUCCESS,0.0593,29,29,,801.5558,10313 1489 4295 4955 4958 4960 2397 1521 1518 1515 1512 1511 1507 7678 7675 7672 7671,
2387,2,n100,96,224,T2-n100-5,2585,3633,555.4124,dfs,1,SUCCESS,837.4476,36542119,96,18550,801.5558,10313 1489 4295 4955 4958 4960 2397 1521 1518 1515 1512 1511 1507 7678 7675 7672 7671,
2388,2,n100,96,224,T2-n100-5,2585,3633,555.4124,dijkstra,1,SUCCESS,0.1328,82,82,,801.5558,10313 1489 4295 4955 4958 4960 2397 1521 1518 1515 1512 1511 1507 7678 7675 7672 7671,
2389,2,n100,96,224,T2-n100-5,2585,3633,555.4124,astar,2,SUCCESS,0.0651,29,29,,801.5558,10313 1489 4295 4955 4958 4960 2397 1521 1518 1515 1512 1511 1507 7678 7675 7672 7671,
2390,2,n100,96,224,T2-n100-5,2585,3633,555.4124,dfs,2,SUCCESS,812.3753,36542119,96,18550,801.5558,10313 1489 4295 4955 4958 4960 2397 1521 1518 1515 1512 1511 1507 7678 7675 7672 7671,
2391,2,n100,96,224,T2-n100-5,2585,3633,555.4124,dijkstra,2,SUCCESS,0.1595,82,82,,801.5558,10313 1489 4295 4955 4958 4960 2397 1521 1518 1515 1512 1511 1507 7678 7675 7672 7671,
2392,2,n100,96,224,T2-n100-5,2585,3633,555.4124,astar,3,SUCCESS,0.0712,29,29,,801.5558,10313 1489 4295 4955 4958 4960 2397 1521 1518 1515 1512 1511 1507 7678 7675 7672 7671,
2393,2,n100,96,224,T2-n100-5,2585,3633,555.4124,dijkstra,3,SUCCESS,0.1119,82,82,,801.5558,10313 1489 4295 4955 4958 4960 2397 1521 1518 1515 1512 1511 1507 7678 7675 7672 7671,
2394,2,n100,96,224,T2-n100-5,2585,3633,555.4124,dfs,3,SUCCESS,1002.1222,36542119,96,18550,801.5558,10313 1489 4295 4955 4958 4960 2397 1521 1518 1515 1512 1511 1507 7678 7675 7672 7671,
2395,2,n100,96,224,T2-n100-5,2585,3633,555.4124,dijkstra,4,SUCCESS,0.1883,82,82,,801.5558,10313 1489 4295 4955 4958 4960 2397 1521 1518 1515 1512 1511 1507 7678 7675 7672 7671,
2396,2,n100,96,224,T2-n100-5,2585,3633,555.4124,astar,4,SUCCESS,0.1014,29,29,,801.5558,10313 1489 4295 4955 4958 4960 2397 1521 1518 1515 1512 1511 1507 7678 7675 7672 7671,
2397,2,n100,96,224,T2-n100-5,2585,3633,555.4124,dfs,4,SUCCESS,1383.9295,36542119,96,18550,801.5558,10313 1489 4295 4955 4958 4960 2397 1521 1518 1515 1512 1511 1507 7678 7675 7672 7671,
2398,2,n100,96,224,T2-n100-5,2585,3633,555.4124,dfs,5,SUCCESS,1393.9743,36542119,96,18550,801.5558,10313 1489 4295 4955 4958 4960 2397 1521 1518 1515 1512 1511 1507 7678 7675 7672 7671,
2399,2,n100,96,224,T2-n100-5,2585,3633,555.4124,astar,5,SUCCESS,0.1551,29,29,,801.5558,10313 1489 4295 4955 4958 4960 2397 1521 1518 1515 1512 1511 1507 7678 7675 7672 7671,
2400,2,n100,96,224,T2-n100-5,2585,3633,555.4124,dijkstra,5,SUCCESS,0.1796,82,82,,801.5558,10313 1489 4295 4955 4958 4960 2397 1521 1518 1515 1512 1511 1507 7678 7675 7672 7671,
2401,2,n100,96,224,T2-n100-6,1605,874,434.4786,dijkstra,1,SUCCESS,0.1435,47,47,,507.3666,2746 2763 7606 7624 8217 8283 1938 3183 3180 3177 3174 3171 1521,
2402,2,n100,96,224,T2-n100-6,1605,874,434.4786,astar,1,SUCCESS,0.1197,19,19,,507.3666,2746 2763 7606 7624 8217 8283 1938 3183 3180 3177 3174 3171 1521,
2403,2,n100,96,224,T2-n100-6,1605,874,434.4786,dfs,1,SUCCESS,28.3851,627627,96,19167,507.3666,2746 2763 7606 7624 8217 8283 1938 3183 3180 3177 3174 3171 1521,
2404,2,n100,96,224,T2-n100-6,1605,874,434.4786,dijkstra,2,SUCCESS,0.2321,47,47,,507.3666,2746 2763 7606 7624 8217 8283 1938 3183 3180 3177 3174 3171 1521,
2405,2,n100,96,224,T2-n100-6,1605,874,434.4786,dfs,2,SUCCESS,22.4129,627627,96,19167,507.3666,2746 2763 7606 7624 8217 8283 1938 3183 3180 3177 3174 3171 1521,
2406,2,n100,96,224,T2-n100-6,1605,874,434.4786,astar,2,SUCCESS,0.1151,19,19,,507.3666,2746 2763 7606 7624 8217 8283 1938 3183 3180 3177 3174 3171 1521,
2407,2,n100,96,224,T2-n100-6,1605,874,434.4786,dijkstra,3,SUCCESS,0.1098,47,47,,507.3666,2746 2763 7606 7624 8217 8283 1938 3183 3180 3177 3174 3171 1521,
2408,2,n100,96,224,T2-n100-6,1605,874,434.4786,astar,3,SUCCESS,0.078,19,19,,507.3666,2746 2763 7606 7624 8217 8283 1938 3183 3180 3177 3174 3171 1521,
2409,2,n100,96,224,T2-n100-6,1605,874,434.4786,dfs,3,SUCCESS,27.9109,627627,96,19167,507.3666,2746 2763 7606 7624 8217 8283 1938 3183 3180 3177 3174 3171 1521,
2410,2,n100,96,224,T2-n100-6,1605,874,434.4786,dijkstra,4,SUCCESS,0.1489,47,47,,507.3666,2746 2763 7606 7624 8217 8283 1938 3183 3180 3177 3174 3171 1521,
2411,2,n100,96,224,T2-n100-6,1605,874,434.4786,dfs,4,SUCCESS,25.7128,627627,96,19167,507.3666,2746 2763 7606 7624 8217 8283 1938 3183 3180 3177 3174 3171 1521,
2412,2,n100,96,224,T2-n100-6,1605,874,434.4786,astar,4,SUCCESS,0.1276,19,19,,507.3666,2746 2763 7606 7624 8217 8283 1938 3183 3180 3177 3174 3171 1521,
2413,2,n100,96,224,T2-n100-6,1605,874,434.4786,astar,5,SUCCESS,0.1115,19,19,,507.3666,2746 2763 7606 7624 8217 8283 1938 3183 3180 3177 3174 3171 1521,
2414,2,n100,96,224,T2-n100-6,1605,874,434.4786,dijkstra,5,SUCCESS,0.1085,47,47,,507.3666,2746 2763 7606 7624 8217 8283 1938 3183 3180 3177 3174 3171 1521,
2415,2,n100,96,224,T2-n100-6,1605,874,434.4786,dfs,5,SUCCESS,22.4882,627627,96,19167,507.3666,2746 2763 7606 7624 8217 8283 1938 3183 3180 3177 3174 3171 1521,
2416,2,n100,96,224,T2-n100-7,3632,1126,530.4966,dfs,1,SUCCESS,1437.138,35554433,96,335346,617.2188,7673 7676 7679 1506 1510 4260 4263 4267 4284 4288 4279 3184 1936 1933 1929 1928,
2417,2,n100,96,224,T2-n100-7,3632,1126,530.4966,dijkstra,1,SUCCESS,0.189,67,67,,617.2188,7673 7676 7679 1506 1510 4260 4263 4267 4284 4288 4279 3184 1936 1933 1929 1928,
2418,2,n100,96,224,T2-n100-7,3632,1126,530.4966,astar,1,SUCCESS,0.154,41,41,,617.2188,7673 7676 7679 1506 1510 4260 4263 4267 4284 4288 4279 3184 1936 1933 1929 1928,
2419,2,n100,96,224,T2-n100-7,3632,1126,530.4966,dijkstra,2,SUCCESS,0.141,67,67,,617.2188,7673 7676 7679 1506 1510 4260 4263 4267 4284 4288 4279 3184 1936 1933 1929 1928,
2420,2,n100,96,224,T2-n100-7,3632,1126,530.4966,astar,2,SUCCESS,0.1725,41,41,,617.2188,7673 7676 7679 1506 1510 4260 4263 4267 4284 4288 4279 3184 1936 1933 1929 1928,
2421,2,n100,96,224,T2-n100-7,3632,1126,530.4966,dfs,2,SUCCESS,1403.1403,35554433,96,335346,617.2188,7673 7676 7679 1506 1510 4260 4263 4267 4284 4288 4279 3184 1936 1933 1929 1928,
2422,2,n100,96,224,T2-n100-7,3632,1126,530.4966,dijkstra,3,SUCCESS,0.1791,67,67,,617.2188,7673 7676 7679 1506 1510 4260 4263 4267 4284 4288 4279 3184 1936 1933 1929 1928,
2423,2,n100,96,224,T2-n100-7,3632,1126,530.4966,astar,3,SUCCESS,0.1483,41,41,,617.2188,7673 7676 7679 1506 1510 4260 4263 4267 4284 4288 4279 3184 1936 1933 1929 1928,
2424,2,n100,96,224,T2-n100-7,3632,1126,530.4966,dfs,3,SUCCESS,1326.2171,35554433,96,335346,617.2188,7673 7676 7679 1506 1510 4260 4263 4267 4284 4288 4279 3184 1936 1933 1929 1928,
2425,2,n100,96,224,T2-n100-7,3632,1126,530.4966,dfs,4,SUCCESS,1434.6139,35554433,96,335346,617.2188,7673 7676 7679 1506 1510 4260 4263 4267 4284 4288 4279 3184 1936 1933 1929 1928,
2426,2,n100,96,224,T2-n100-7,3632,1126,530.4966,dijkstra,4,SUCCESS,0.2027,67,67,,617.2188,7673 7676 7679 1506 1510 4260 4263 4267 4284 4288 4279 3184 1936 1933 1929 1928,
2427,2,n100,96,224,T2-n100-7,3632,1126,530.4966,astar,4,SUCCESS,0.1438,41,41,,617.2188,7673 7676 7679 1506 1510 4260 4263 4267 4284 4288 4279 3184 1936 1933 1929 1928,
2428,2,n100,96,224,T2-n100-7,3632,1126,530.4966,dijkstra,5,SUCCESS,0.2065,67,67,,617.2188,7673 7676 7679 1506 1510 4260 4263 4267 4284 4288 4279 3184 1936 1933 1929 1928,
2429,2,n100,96,224,T2-n100-7,3632,1126,530.4966,dfs,5,SUCCESS,1354.7731,35554433,96,335346,617.2188,7673 7676 7679 1506 1510 4260 4263 4267 4284 4288 4279 3184 1936 1933 1929 1928,
2430,2,n100,96,224,T2-n100-7,3632,1126,530.4966,astar,5,SUCCESS,0.2005,41,41,,617.2188,7673 7676 7679 1506 1510 4260 4263 4267 4284 4288 4279 3184 1936 1933 1929 1928,
2431,2,n100,96,224,T2-n100-8,323,3619,496.0891,dfs,1,SUCCESS,353.8093,9656113,96,152139,512.0294,533 532 8211 8213 4275 1941 8214,
2432,2,n100,96,224,T2-n100-8,323,3619,496.0891,dijkstra,1,SUCCESS,0.1698,47,47,,512.0294,533 532 8211 8213 4275 1941 8214,
2433,2,n100,96,224,T2-n100-8,323,3619,496.0891,astar,1,SUCCESS,0.0903,9,9,,512.0294,533 532 8211 8213 4275 1941 8214,
2434,2,n100,96,224,T2-n100-8,323,3619,496.0891,dfs,2,SUCCESS,392.4838,9656113,96,152139,512.0294,533 532 8211 8213 4275 1941 8214,
2435,2,n100,96,224,T2-n100-8,323,3619,496.0891,astar,2,SUCCESS,0.1819,9,9,,512.0294,533 532 8211 8213 4275 1941 8214,
2436,2,n100,96,224,T2-n100-8,323,3619,496.0891,dijkstra,2,SUCCESS,0.1305,47,47,,512.0294,533 532 8211 8213 4275 1941 8214,
2437,2,n100,96,224,T2-n100-8,323,3619,496.0891,dfs,3,SUCCESS,368.8499,9656113,96,152139,512.0294,533 532 8211 8213 4275 1941 8214,
2438,2,n100,96,224,T2-n100-8,323,3619,496.0891,astar,3,SUCCESS,0.1658,9,9,,512.0294,533 532 8211 8213 4275 1941 8214,
2439,2,n100,96,224,T2-n100-8,323,3619,496.0891,dijkstra,3,SUCCESS,0.1067,47,47,,512.0294,533 532 8211 8213 4275 1941 8214,
2440,2,n100,96,224,T2-n100-8,323,3619,496.0891,astar,4,SUCCESS,0.0404,9,9,,512.0294,533 532 8211 8213 4275 1941 8214,
2441,2,n100,96,224,T2-n100-8,323,3619,496.0891,dijkstra,4,SUCCESS,0.102,47,47,,512.0294,533 532 8211 8213 4275 1941 8214,
2442,2,n100,96,224,T2-n100-8,323,3619,496.0891,dfs,4,SUCCESS,346.3904,9656113,96,152139,512.0294,533 532 8211 8213 4275 1941 8214,
2443,2,n100,96,224,T2-n100-8,323,3619,496.0891,dfs,5,SUCCESS,383.6559,9656113,96,152139,512.0294,533 532 8211 8213 4275 1941 8214,
2444,2,n100,96,224,T2-n100-8,323,3619,496.0891,astar,5,SUCCESS,0.1821,9,9,,512.0294,533 532 8211 8213 4275 1941 8214,
2445,2,n100,96,224,T2-n100-8,323,3619,496.0891,dijkstra,5,SUCCESS,0.1353,47,47,,512.0294,533 532 8211 8213 4275 1941 8214,
2446,2,n100,96,224,T2-n100-9,865,3610,515.1504,dfs,1,SUCCESS,920.1935,22358969,92,411342,557.0673,1506 1510 4261 4269 4272 4275 1941 8214 8216 1841 7608,
2447,2,n100,96,224,T2-n100-9,865,3610,515.1504,astar,1,SUCCESS,0.1644,19,19,,557.0673,1506 1510 4261 4269 4272 4275 1941 8214 8216 1841 7608,
2448,2,n100,96,224,T2-n100-9,865,3610,515.1504,dijkstra,1,SUCCESS,0.2494,68,68,,557.0673,1506 1510 4261 4269 4272 4275 1941 8214 8216 1841 7608,
2449,2,n100,96,224,T2-n100-9,865,3610,515.1504,dijkstra,2,SUCCESS,0.1997,68,68,,557.0673,1506 1510 4261 4269 4272 4275 1941 8214 8216 1841 7608,
2450,2,n100,96,224,T2-n100-9,865,3610,515.1504,dfs,2,SUCCESS,924.6487,22358969,92,411342,557.0673,1506 1510 4261 4269 4272 4275 1941 8214 8216 1841 7608,
2451,2,n100,96,224,T2-n100-9,865,3610,515.1504,astar,2,SUCCESS,0.1472,19,19,,557.0673,1506 1510 4261 4269 4272 4275 1941 8214 8216 1841 7608,
2452,2,n100,96,224,T2-n100-9,865,3610,515.1504,astar,3,SUCCESS,0.0987,19,19,,557.0673,1506 1510 4261 4269 4272 4275 1941 8214 8216 1841 7608,
2453,2,n100,96,224,T2-n100-9,865,3610,515.1504,dijkstra,3,SUCCESS,0.159,68,68,,557.0673,1506 1510 4261 4269 4272 4275 1941 8214 8216 1841 7608,
2454,2,n100,96,224,T2-n100-9,865,3610,515.1504,dfs,3,SUCCESS,907.2122,22358969,92,411342,557.0673,1506 1510 4261 4269 4272 4275 1941 8214 8216 1841 7608,
2455,2,n100,96,224,T2-n100-9,865,3610,515.1504,dijkstra,4,SUCCESS,0.2822,68,68,,557.0673,1506 1510 4261 4269 4272 4275 1941 8214 8216 1841 7608,
2456,2,n100,96,224,T2-n100-9,865,3610,515.1504,astar,4,SUCCESS,0.1313,19,19,,557.0673,1506 1510 4261 4269 4272 4275 1941 8214 8216 1841 7608,
2457,2,n100,96,224,T2-n100-9,865,3610,515.1504,dfs,4,SUCCESS,858.0334,22358969,92,411342,557.0673,1506 1510 4261 4269 4272 4275 1941 8214 8216 1841 7608,
2458,2,n100,96,224,T2-n100-9,865,3610,515.1504,dijkstra,5,SUCCESS,0.1937,68,68,,557.0673,1506 1510 4261 4269 4272 4275 1941 8214 8216 1841 7608,
2459,2,n100,96,224,T2-n100-9,865,3610,515.1504,astar,5,SUCCESS,0.0949,19,19,,557.0673,1506 1510 4261 4269 4272 4275 1941 8214 8216 1841 7608,
2460,2,n100,96,224,T2-n100-9,865,3610,515.1504,dfs,5,SUCCESS,827.3233,22358969,92,411342,557.0673,1506 1510 4261 4269 4272 4275 1941 8214 8216 1841 7608,
2461,2,n100,96,224,T2-n100-10,853,1788,436.1969,dfs,1,SUCCESS,724.0284,20347253,95,938656,769.5724,1485 1487 1489 4295 4955 4958 4960 2397 1522 3172 3176,
2462,2,n100,96,224,T2-n100-10,853,1788,436.1969,astar,1,SUCCESS,0.1982,21,21,,769.5724,1485 1487 1489 4295 4955 4958 4960 2397 1522 3172 3176,
2463,2,n100,96,224,T2-n100-10,853,1788,436.1969,dijkstra,1,SUCCESS,0.1245,42,42,,769.5724,1485 1487 1489 4295 4955 4958 4960 2397 1522 3172 3176,
2464,2,n100,96,224,T2-n100-10,853,1788,436.1969,astar,2,SUCCESS,0.0787,21,21,,769.5724,1485 1487 1489 4295 4955 4958 4960 2397 1522 3172 3176,
2465,2,n100,96,224,T2-n100-10,853,1788,436.1969,dfs,2,SUCCESS,698.2881,20347253,95,938656,769.5724,1485 1487 1489 4295 4955 4958 4960 2397 1522 3172 3176,
2466,2,n100,96,224,T2-n100-10,853,1788,436.1969,dijkstra,2,SUCCESS,0.1579,42,42,,769.5724,1485 1487 1489 4295 4955 4958 4960 2397 1522 3172 3176,
2467,2,n100,96,224,T2-n100-10,853,1788,436.1969,dijkstra,3,SUCCESS,0.1055,42,42,,769.5724,1485 1487 1489 4295 4955 4958 4960 2397 1522 3172 3176,
2468,2,n100,96,224,T2-n100-10,853,1788,436.1969,dfs,3,SUCCESS,718.4179,20347253,95,938656,769.5724,1485 1487 1489 4295 4955 4958 4960 2397 1522 3172 3176,
2469,2,n100,96,224,T2-n100-10,853,1788,436.1969,astar,3,SUCCESS,0.1328,21,21,,769.5724,1485 1487 1489 4295 4955 4958 4960 2397 1522 3172 3176,
2470,2,n100,96,224,T2-n100-10,853,1788,436.1969,dijkstra,4,SUCCESS,0.1063,42,42,,769.5724,1485 1487 1489 4295 4955 4958 4960 2397 1522 3172 3176,
2471,2,n100,96,224,T2-n100-10,853,1788,436.1969,astar,4,SUCCESS,0.0775,21,21,,769.5724,1485 1487 1489 4295 4955 4958 4960 2397 1522 3172 3176,
2472,2,n100,96,224,T2-n100-10,853,1788,436.1969,dfs,4,SUCCESS,727.1547,20347253,95,938656,769.5724,1485 1487 1489 4295 4955 4958 4960 2397 1522 3172 3176,
2473,2,n100,96,224,T2-n100-10,853,1788,436.1969,dfs,5,SUCCESS,721.7103,20347253,95,938656,769.5724,1485 1487 1489 4295 4955 4958 4960 2397 1522 3172 3176,
2474,2,n100,96,224,T2-n100-10,853,1788,436.1969,astar,5,SUCCESS,0.1392,21,21,,769.5724,1485 1487 1489 4295 4955 4958 4960 2397 1522 3172 3176,
2475,2,n100,96,224,T2-n100-10,853,1788,436.1969,dijkstra,5,SUCCESS,0.1055,42,42,,769.5724,1485 1487 1489 4295 4955 4958 4960 2397 1522 3172 3176,
2476,2,n200,192,458,T2-n200-1,1585,1777,592.757,astar,1,SUCCESS,0.1368,33,33,,743.5129,2718 2721 2770 2767 2764 2746 2763 7606 7622 7625 7628 3134 3119 3155 3149,
2477,2,n200,192,458,T2-n200-1,1585,1777,592.757,dijkstra,1,SUCCESS,0.2042,101,101,,743.5129,2718 2721 2770 2767 2764 2746 2763 7606 7622 7625 7628 3134 3119 3155 3149,
2478,2,n200,192,458,T2-n200-1,1585,1777,592.757,dfs,1,TIMEOUT,2000.0324,55364000,165,0,,,
2479,2,n200,192,458,T2-n200-1,1585,1777,592.757,astar,2,SUCCESS,0.1747,33,33,,743.5129,2718 2721 2770 2767 2764 2746 2763 7606 7622 7625 7628 3134 3119 3155 3149,
2480,2,n200,192,458,T2-n200-1,1585,1777,592.757,dijkstra,2,SUCCESS,0.3225,101,101,,743.5129,2718 2721 2770 2767 2764 2746 2763 7606 7622 7625 7628 3134 3119 3155 3149,
2481,2,n200,192,458,T2-n200-1,1585,1777,592.757,dfs,2,TIMEOUT,2000.0329,54260000,165,0,,,
2482,2,n200,192,458,T2-n200-1,1585,1777,592.757,dfs,3,TIMEOUT,2000.0625,53975000,165,0,,,
2483,2,n200,192,458,T2-n200-1,1585,1777,592.757,astar,3,SUCCESS,0.1741,33,33,,743.5129,2718 2721 2770 2767 2764 2746 2763 7606 7622 7625 7628 3134 3119 3155 3149,
2484,2,n200,192,458,T2-n200-1,1585,1777,592.757,dijkstra,3,SUCCESS,0.2045,101,101,,743.5129,2718 2721 2770 2767 2764 2746 2763 7606 7622 7625 7628 3134 3119 3155 3149,
2485,2,n200,192,458,T2-n200-1,1585,1777,592.757,dijkstra,4,SUCCESS,0.2054,101,101,,743.5129,2718 2721 2770 2767 2764 2746 2763 7606 7622 7625 7628 3134 3119 3155 3149,
2486,2,n200,192,458,T2-n200-1,1585,1777,592.757,dfs,4,TIMEOUT,2000.0447,54772000,165,0,,,
2487,2,n200,192,458,T2-n200-1,1585,1777,592.757,astar,4,SUCCESS,0.168,33,33,,743.5129,2718 2721 2770 2767 2764 2746 2763 7606 7622 7625 7628 3134 3119 3155 3149,
2488,2,n200,192,458,T2-n200-1,1585,1777,592.757,dijkstra,5,SUCCESS,0.2024,101,101,,743.5129,2718 2721 2770 2767 2764 2746 2763 7606 7622 7625 7628 3134 3119 3155 3149,
2489,2,n200,192,458,T2-n200-1,1585,1777,592.757,dfs,5,TIMEOUT,2000.0271,54278000,165,0,,,
2490,2,n200,192,458,T2-n200-1,1585,1777,592.757,astar,5,SUCCESS,0.1677,33,33,,743.5129,2718 2721 2770 2767 2764 2746 2763 7606 7622 7625 7628 3134 3119 3155 3149,
2491,2,n200,192,458,T2-n200-2,3646,866,703.4899,astar,1,SUCCESS,0.1541,32,32,,867.8043,7723 7854 3165 3162 1930 1934 1938 3185 4278 4287 4286 4265 4262 4259 1511 1505,
2492,2,n200,192,458,T2-n200-2,3646,866,703.4899,dfs,1,TIMEOUT,2000.0299,55865000,157,571679,,,
2493,2,n200,192,458,T2-n200-2,3646,866,703.4899,dijkstra,1,SUCCESS,0.3577,127,127,,867.8043,7723 7854 3165 3162 1930 1934 1938 3185 4278 4287 4286 4265 4262 4259 1511 1505,
2494,2,n200,192,458,T2-n200-2,3646,866,703.4899,dfs,2,TIMEOUT,2000.0462,54823000,157,571676,,,
2495,2,n200,192,458,T2-n200-2,3646,866,703.4899,dijkstra,2,SUCCESS,0.3233,127,127,,867.8043,7723 7854 3165 3162 1930 1934 1938 3185 4278 4287 4286 4265 4262 4259 1511 1505,
2496,2,n200,192,458,T2-n200-2,3646,866,703.4899,astar,2,SUCCESS,0.1308,32,32,,867.8043,7723 7854 3165 3162 1930 1934 1938 3185 4278 4287 4286 4265 4262 4259 1511 1505,
2497,2,n200,192,458,T2-n200-2,3646,866,703.4899,dfs,3,TIMEOUT,2000.0152,57194000,157,572713,,,
2498,2,n200,192,458,T2-n200-2,3646,866,703.4899,dijkstra,3,SUCCESS,0.3622,127,127,,867.8043,7723 7854 3165 3162 1930 1934 1938 3185 4278 4287 4286 4265 4262 4259 1511 1505,
2499,2,n200,192,458,T2-n200-2,3646,866,703.4899,astar,3,SUCCESS,0.169,32,32,,867.8043,7723 7854 3165 3162 1930 1934 1938 3185 4278 4287 4286 4265 4262 4259 1511 1505,
2500,2,n200,192,458,T2-n200-2,3646,866,703.4899,dfs,4,TIMEOUT,2000.0163,55214000,157,571678,,,
2501,2,n200,192,458,T2-n200-2,3646,866,703.4899,dijkstra,4,SUCCESS,0.5797,127,127,,867.8043,7723 7854 3165 3162 1930 1934 1938 3185 4278 4287 4286 4265 4262 4259 1511 1505,
2502,2,n200,192,458,T2-n200-2,3646,866,703.4899,astar,4,SUCCESS,0.2122,32,32,,867.8043,7723 7854 3165 3162 1930 1934 1938 3185 4278 4287 4286 4265 4262 4259 1511 1505,
2503,2,n200,192,458,T2-n200-2,3646,866,703.4899,dijkstra,5,SUCCESS,0.2915,127,127,,867.8043,7723 7854 3165 3162 1930 1934 1938 3185 4278 4287 4286 4265 4262 4259 1511 1505,
2504,2,n200,192,458,T2-n200-2,3646,866,703.4899,astar,5,SUCCESS,0.0866,32,32,,867.8043,7723 7854 3165 3162 1930 1934 1938 3185 4278 4287 4286 4265 4262 4259 1511 1505,
2505,2,n200,192,458,T2-n200-2,3646,866,703.4899,dfs,5,TIMEOUT,2000.021,55334000,157,571678,,,
2506,2,n200,192,458,T2-n200-3,1124,334,659.4086,dfs,1,TIMEOUT,2000.0315,52861000,149,10,,,
2507,2,n200,192,458,T2-n200-3,1124,334,659.4086,astar,1,SUCCESS,0.3761,67,67,,930.3552,4201 1924 1927 1930 1934 1939 8284 8218 7622 7625 7628 3134 3119 3155 3150 3152 549,
2508,2,n200,192,458,T2-n200-3,1124,334,659.4086,dijkstra,1,SUCCESS,0.3068,156,156,,930.3552,4201 1924 1927 1930 1934 1939 8284 8218 7622 7625 7628 3134 3119 3155 3150 3152 549,
2509,2,n200,192,458,T2-n200-3,1124,334,659.4086,astar,2,SUCCESS,0.1936,67,67,,930.3552,4201 1924 1927 1930 1934 1939 8284 8218 7622 7625 7628 3134 3119 3155 3150 3152 549,
2510,2,n200,192,458,T2-n200-3,1124,334,659.4086,dfs,2,TIMEOUT,2000.0276,52978000,149,10,,,
2511,2,n200,192,458,T2-n200-3,1124,334,659.4086,dijkstra,2,SUCCESS,0.3416,156,156,,930.3552,4201 1924 1927 1930 1934 1939 8284 8218 7622 7625 7628 3134 3119 3155 3150 3152 549,
2512,2,n200,192,458,T2-n200-3,1124,334,659.4086,astar,3,SUCCESS,0.1982,67,67,,930.3552,4201 1924 1927 1930 1934 1939 8284 8218 7622 7625 7628 3134 3119 3155 3150 3152 549,
2513,2,n200,192,458,T2-n200-3,1124,334,659.4086,dijkstra,3,SUCCESS,0.2822,156,156,,930.3552,4201 1924 1927 1930 1934 1939 8284 8218 7622 7625 7628 3134 3119 3155 3150 3152 549,
2514,2,n200,192,458,T2-n200-3,1124,334,659.4086,dfs,3,TIMEOUT,2000.055,52797000,149,10,,,
2515,2,n200,192,458,T2-n200-3,1124,334,659.4086,astar,4,SUCCESS,0.2594,67,67,,930.3552,4201 1924 1927 1930 1934 1939 8284 8218 7622 7625 7628 3134 3119 3155 3150 3152 549,
2516,2,n200,192,458,T2-n200-3,1124,334,659.4086,dijkstra,4,SUCCESS,0.3292,156,156,,930.3552,4201 1924 1927 1930 1934 1939 8284 8218 7622 7625 7628 3134 3119 3155 3150 3152 549,
2517,2,n200,192,458,T2-n200-3,1124,334,659.4086,dfs,4,TIMEOUT,2000.0304,53549000,149,10,,,
2518,2,n200,192,458,T2-n200-3,1124,334,659.4086,dijkstra,5,SUCCESS,0.3454,156,156,,930.3552,4201 1924 1927 1930 1934 1939 8284 8218 7622 7625 7628 3134 3119 3155 3150 3152 549,
2519,2,n200,192,458,T2-n200-3,1124,334,659.4086,astar,5,SUCCESS,0.2389,67,67,,930.3552,4201 1924 1927 1930 1934 1939 8284 8218 7622 7625 7628 3134 3119 3155 3150 3152 549,
2520,2,n200,192,458,T2-n200-3,1124,334,659.4086,dfs,5,TIMEOUT,2000.0479,53398000,149,10,,,
2521,2,n200,192,458,T2-n200-4,330,2584,620.8147,dfs,1,TIMEOUT,2000.0435,50093000,142,0,,,
2522,2,n200,192,458,T2-n200-4,330,2584,620.8147,astar,1,SUCCESS,0.2333,60,60,,847.2438,545 542 539 536 533 532 8212 5687 1508 1513 1516 1519 1523 2396 4959,
2523,2,n200,192,458,T2-n200-4,330,2584,620.8147,dijkstra,1,SUCCESS,0.273,140,140,,847.2438,545 542 539 536 533 532 8212 5687 1508 1513 1516 1519 1523 2396 4959,
2524,2,n200,192,458,T2-n200-4,330,2584,620.8147,dfs,2,TIMEOUT,2000.0157,49834000,142,0,,,
2525,2,n200,192,458,T2-n200-4,330,2584,620.8147,dijkstra,2,SUCCESS,0.3833,140,140,,847.2438,545 542 539 536 533 532 8212 5687 1508 1513 1516 1519 1523 2396 4959,
2526,2,n200,192,458,T2-n200-4,330,2584,620.8147,astar,2,SUCCESS,0.1711,60,60,,847.2438,545 542 539 536 533 532 8212 5687 1508 1513 1516 1519 1523 2396 4959,
2527,2,n200,192,458,T2-n200-4,330,2584,620.8147,astar,3,SUCCESS,0.1657,60,60,,847.2438,545 542 539 536 533 532 8212 5687 1508 1513 1516 1519 1523 2396 4959,
2528,2,n200,192,458,T2-n200-4,330,2584,620.8147,dfs,3,TIMEOUT,2000.0425,50149000,142,0,,,
2529,2,n200,192,458,T2-n200-4,330,2584,620.8147,dijkstra,3,SUCCESS,0.3265,140,140,,847.2438,545 542 539 536 533 532 8212 5687 1508 1513 1516 1519 1523 2396 4959,
2530,2,n200,192,458,T2-n200-4,330,2584,620.8147,dijkstra,4,SUCCESS,0.2666,140,140,,847.2438,545 542 539 536 533 532 8212 5687 1508 1513 1516 1519 1523 2396 4959,
2531,2,n200,192,458,T2-n200-4,330,2584,620.8147,dfs,4,TIMEOUT,2000.022,50374000,142,0,,,
2532,2,n200,192,458,T2-n200-4,330,2584,620.8147,astar,4,SUCCESS,0.4086,60,60,,847.2438,545 542 539 536 533 532 8212 5687 1508 1513 1516 1519 1523 2396 4959,
2533,2,n200,192,458,T2-n200-4,330,2584,620.8147,dfs,5,TIMEOUT,2000.0184,49576000,142,0,,,
2534,2,n200,192,458,T2-n200-4,330,2584,620.8147,astar,5,SUCCESS,0.2293,60,60,,847.2438,545 542 539 536 533 532 8212 5687 1508 1513 1516 1519 1523 2396 4959,
2535,2,n200,192,458,T2-n200-4,330,2584,620.8147,dijkstra,5,SUCCESS,0.2733,140,140,,847.2438,545 542 539 536 533 532 8212 5687 1508 1513 1516 1519 1523 2396 4959,
2536,2,n200,192,458,T2-n200-5,1767,4599,449.2024,astar,1,SUCCESS,0.0925,36,36,,635.0926,3120 3133 3130 3127 3126 7624 8216 1841 7608 7610 7612 7615 10820,
2537,2,n200,192,458,T2-n200-5,1767,4599,449.2024,dfs,1,TIMEOUT,2000.0383,55084000,159,65213,,,
2538,2,n200,192,458,T2-n200-5,1767,4599,449.2024,dijkstra,1,SUCCESS,0.3961,123,123,,635.0926,3120 3133 3130 3127 3126 7624 8216 1841 7608 7610 7612 7615 10820,
2539,2,n200,192,458,T2-n200-5,1767,4599,449.2024,dfs,2,TIMEOUT,2000.0207,55098000,159,65231,,,
2540,2,n200,192,458,T2-n200-5,1767,4599,449.2024,astar,2,SUCCESS,0.1797,36,36,,635.0926,3120 3133 3130 3127 3126 7624 8216 1841 7608 7610 7612 7615 10820,
2541,2,n200,192,458,T2-n200-5,1767,4599,449.2024,dijkstra,2,SUCCESS,0.2928,123,123,,635.0926,3120 3133 3130 3127 3126 7624 8216 1841 7608 7610 7612 7615 10820,
2542,2,n200,192,458,T2-n200-5,1767,4599,449.2024,dijkstra,3,SUCCESS,0.2491,123,123,,635.0926,3120 3133 3130 3127 3126 7624 8216 1841 7608 7610 7612 7615 10820,
2543,2,n200,192,458,T2-n200-5,1767,4599,449.2024,dfs,3,TIMEOUT,2000.0445,55341000,159,65519,,,
2544,2,n200,192,458,T2-n200-5,1767,4599,449.2024,astar,3,SUCCESS,0.183,36,36,,635.0926,3120 3133 3130 3127 3126 7624 8216 1841 7608 7610 7612 7615 10820,
2545,2,n200,192,458,T2-n200-5,1767,4599,449.2024,dijkstra,4,SUCCESS,0.2535,123,123,,635.0926,3120 3133 3130 3127 3126 7624 8216 1841 7608 7610 7612 7615 10820,
2546,2,n200,192,458,T2-n200-5,1767,4599,449.2024,dfs,4,TIMEOUT,2000.0155,54519000,159,64511,,,
2547,2,n200,192,458,T2-n200-5,1767,4599,449.2024,astar,4,SUCCESS,0.1765,36,36,,635.0926,3120 3133 3130 3127 3126 7624 8216 1841 7608 7610 7612 7615 10820,
2548,2,n200,192,458,T2-n200-5,1767,4599,449.2024,astar,5,SUCCESS,0.1195,36,36,,635.0926,3120 3133 3130 3127 3126 7624 8216 1841 7608 7610 7612 7615 10820,
2549,2,n200,192,458,T2-n200-5,1767,4599,449.2024,dijkstra,5,SUCCESS,0.2568,123,123,,635.0926,3120 3133 3130 3127 3126 7624 8216 1841 7608 7610 7612 7615 10820,
2550,2,n200,192,458,T2-n200-5,1767,4599,449.2024,dfs,5,TIMEOUT,2000.035,53818000,159,63682,,,
2551,2,n200,192,458,T2-n200-6,3611,3697,494.0495,dijkstra,1,SUCCESS,0.2161,97,97,,768.8829,7612 7614 521 7604 7606 7624 8217 8283 1938 3183 3180 3177 3176 9305 7882,
2552,2,n200,192,458,T2-n200-6,3611,3697,494.0495,dfs,1,TIMEOUT,2000.0394,54892000,150,287226,,,
2553,2,n200,192,458,T2-n200-6,3611,3697,494.0495,astar,1,SUCCESS,0.1793,35,35,,768.8829,7612 7614 521 7604 7606 7624 8217 8283 1938 3183 3180 3177 3176 9305 7882,
2554,2,n200,192,458,T2-n200-6,3611,3697,494.0495,dijkstra,2,SUCCESS,0.2002,97,97,,768.8829,7612 7614 521 7604 7606 7624 8217 8283 1938 3183 3180 3177 3176 9305 7882,
2555,2,n200,192,458,T2-n200-6,3611,3697,494.0495,astar,2,SUCCESS,0.1128,35,35,,768.8829,7612 7614 521 7604 7606 7624 8217 8283 1938 3183 3180 3177 3176 9305 7882,
2556,2,n200,192,458,T2-n200-6,3611,3697,494.0495,dfs,2,TIMEOUT,2000.0556,55187000,150,289844,,,
2557,2,n200,192,458,T2-n200-6,3611,3697,494.0495,dijkstra,3,SUCCESS,0.2555,97,97,,768.8829,7612 7614 521 7604 7606 7624 8217 8283 1938 3183 3180 3177 3176 9305 7882,
2558,2,n200,192,458,T2-n200-6,3611,3697,494.0495,astar,3,SUCCESS,0.1394,35,35,,768.8829,7612 7614 521 7604 7606 7624 8217 8283 1938 3183 3180 3177 3176 9305 7882,
2559,2,n200,192,458,T2-n200-6,3611,3697,494.0495,dfs,3,TIMEOUT,2000.031,55336000,150,290367,,,
2560,2,n200,192,458,T2-n200-6,3611,3697,494.0495,dijkstra,4,SUCCESS,0.3804,97,97,,768.8829,7612 7614 521 7604 7606 7624 8217 8283 1938 3183 3180 3177 3176 9305 7882,
2561,2,n200,192,458,T2-n200-6,3611,3697,494.0495,astar,4,SUCCESS,0.1174,35,35,,768.8829,7612 7614 521 7604 7606 7624 8217 8283 1938 3183 3180 3177 3176 9305 7882,
2562,2,n200,192,458,T2-n200-6,3611,3697,494.0495,dfs,4,TIMEOUT,2000.0166,54934000,150,287228,,,
2563,2,n200,192,458,T2-n200-6,3611,3697,494.0495,astar,5,SUCCESS,0.1748,35,35,,768.8829,7612 7614 521 7604 7606 7624 8217 8283 1938 3183 3180 3177 3176 9305 7882,
2564,2,n200,192,458,T2-n200-6,3611,3697,494.0495,dfs,5,TIMEOUT,2000.0429,55230000,150,290365,,,
2565,2,n200,192,458,T2-n200-6,3611,3697,494.0495,dijkstra,5,SUCCESS,0.3301,97,97,,768.8829,7612 7614 521 7604 7606 7624 8217 8283 1938 3183 3180 3177 3176 9305 7882,
2566,2,n200,192,458,T2-n200-7,2242,3817,729.7781,dijkstra,1,SUCCESS,0.2491,187,187,,1229.6375,4213 4210 4207 4204 4201 1924 1927 1930 1934 1939 8284 8218 7622 7625 7627 3122 4573 535 414 415 418 8206,
2567,2,n200,192,458,T2-n200-7,2242,3817,729.7781,astar,1,SUCCESS,0.1447,102,102,,1229.6375,4213 4210 4207 4204 4201 1924 1927 1930 1934 1939 8284 8218 7622 7625 7627 3122 4573 535 414 415 418 8206,
2568,2,n200,192,458,T2-n200-7,2242,3817,729.7781,dfs,1,TIMEOUT,2000.0499,54406000,154,32,,,
2569,2,n200,192,458,T2-n200-7,2242,3817,729.7781,dijkstra,2,SUCCESS,0.7808,187,187,,1229.6375,4213 4210 4207 4204 4201 1924 1927 1930 1934 1939 8284 8218 7622 7625 7627 3122 4573 535 414 415 418 8206,
2570,2,n200,192,458,T2-n200-7,2242,3817,729.7781,astar,2,SUCCESS,0.2606,102,102,,1229.6375,4213 4210 4207 4204 4201 1924 1927 1930 1934 1939 8284 8218 7622 7625 7627 3122 4573 535 414 415 418 8206,
2571,2,n200,192,458,T2-n200-7,2242,3817,729.7781,dfs,2,TIMEOUT,2000.0234,52976000,154,32,,,
2572,2,n200,192,458,T2-n200-7,2242,3817,729.7781,dfs,3,TIMEOUT,2000.0285,53274000,154,32,,,
2573,2,n200,192,458,T2-n200-7,2242,3817,729.7781,astar,3,SUCCESS,0.4265,102,102,,1229.6375,4213 4210 4207 4204 4201 1924 1927 1930 1934 1939 8284 8218 7622 7625 7627 3122 4573 535 414 415 418 8206,
2574,2,n200,192,458,T2-n200-7,2242,3817,729.7781,dijkstra,3,SUCCESS,0.3319,187,187,,1229.6375,4213 4210 4207 4204 4201 1924 1927 1930 1934 1939 8284 8218 7622 7625 7627 3122 4573 535 414 415 418 8206,
2575,2,n200,192,458,T2-n200-7,2242,3817,729.7781,dijkstra,4,SUCCESS,0.3198,187,187,,1229.6375,4213 4210 4207 4204 4201 1924 1927 1930 1934 1939 8284 8218 7622 7625 7627 3122 4573 535 414 415 418 8206,
2576,2,n200,192,458,T2-n200-7,2242,3817,729.7781,dfs,4,TIMEOUT,2000.0284,53383000,154,32,,,
2577,2,n200,192,458,T2-n200-7,2242,3817,729.7781,astar,4,SUCCESS,0.3202,102,102,,1229.6375,4213 4210 4207 4204 4201 1924 1927 1930 1934 1939 8284 8218 7622 7625 7627 3122 4573 535 414 415 418 8206,
2578,2,n200,192,458,T2-n200-7,2242,3817,729.7781,dfs,5,TIMEOUT,2000.0467,53741000,154,32,,,
2579,2,n200,192,458,T2-n200-7,2242,3817,729.7781,astar,5,SUCCESS,0.532,102,102,,1229.6375,4213 4210 4207 4204 4201 1924 1927 1930 1934 1939 8284 8218 7622 7625 7627 3122 4573 535 414 415 418 8206,
2580,2,n200,192,458,T2-n200-7,2242,3817,729.7781,dijkstra,5,SUCCESS,0.377,187,187,,1229.6375,4213 4210 4207 4204 4201 1924 1927 1930 1934 1939 8284 8218 7622 7625 7627 3122 4573 535 414 415 418 8206,
2581,2,n200,192,458,T2-n200-8,846,1132,526.8266,dfs,1,TIMEOUT,2000.0235,51269000,158,0,,,
2582,2,n200,192,458,T2-n200-8,846,1132,526.8266,astar,1,SUCCESS,0.1513,16,16,,658.5637,1477 2393 2397 1522 3172 3175 3178 3181 3184 1937,
2583,2,n200,192,458,T2-n200-8,846,1132,526.8266,dijkstra,1,SUCCESS,0.131,57,57,,658.5637,1477 2393 2397 1522 3172 3175 3178 3181 3184 1937,
2584,2,n200,192,458,T2-n200-8,846,1132,526.8266,dijkstra,2,SUCCESS,0.178,57,57,,658.5637,1477 2393 2397 1522 3172 3175 3178 3181 3184 1937,
2585,2,n200,192,458,T2-n200-8,846,1132,526.8266,dfs,2,TIMEOUT,2000.0525,50458000,158,0,,,
2586,2,n200,192,458,T2-n200-8,846,1132,526.8266,astar,2,SUCCESS,0.1363,16,16,,658.5637,1477 2393 2397 1522 3172 3175 3178 3181 3184 1937,
2587,2,n200,192,458,T2-n200-8,846,1132,526.8266,astar,3,SUCCESS,0.0796,16,16,,658.5637,1477 2393 2397 1522 3172 3175 3178 3181 3184 1937,
2588,2,n200,192,458,T2-n200-8,846,1132,526.8266,dijkstra,3,SUCCESS,0.1276,57,57,,658.5637,1477 2393 2397 1522 3172 3175 3178 3181 3184 1937,
2589,2,n200,192,458,T2-n200-8,846,1132,526.8266,dfs,3,TIMEOUT,2000.0473,50034000,158,0,,,
2590,2,n200,192,458,T2-n200-8,846,1132,526.8266,dfs,4,TIMEOUT,2000.0391,51810000,158,0,,,
2591,2,n200,192,458,T2-n200-8,846,1132,526.8266,astar,4,SUCCESS,0.1422,16,16,,658.5637,1477 2393 2397 1522 3172 3175 3178 3181 3184 1937,
2592,2,n200,192,458,T2-n200-8,846,1132,526.8266,dijkstra,4,SUCCESS,0.1279,57,57,,658.5637,1477 2393 2397 1522 3172 3175 3178 3181 3184 1937,
2593,2,n200,192,458,T2-n200-8,846,1132,526.8266,dijkstra,5,SUCCESS,0.1354,57,57,,658.5637,1477 2393 2397 1522 3172 3175 3178 3181 3184 1937,
2594,2,n200,192,458,T2-n200-8,846,1132,526.8266,astar,5,SUCCESS,0.0778,16,16,,658.5637,1477 2393 2397 1522 3172 3175 3178 3181 3184 1937,
2595,2,n200,192,458,T2-n200-8,846,1132,526.8266,dfs,5,TIMEOUT,2000.034,52441000,158,0,,,
2596,2,n200,192,458,T2-n200-9,306,1778,647.3741,astar,1,SUCCESS,0.1234,34,34,,795.6484,511 515 518 521 7604 7606 7622 7625 7628 3134 3119 3155 3149 3148,
2597,2,n200,192,458,T2-n200-9,306,1778,647.3741,dijkstra,1,SUCCESS,0.2461,105,105,,795.6484,511 515 518 521 7604 7606 7622 7625 7628 3134 3119 3155 3149 3148,
2598,2,n200,192,458,T2-n200-9,306,1778,647.3741,dfs,1,TIMEOUT,2000.0391,54770000,149,0,,,
2599,2,n200,192,458,T2-n200-9,306,1778,647.3741,astar,2,SUCCESS,0.278,34,34,,795.6484,511 515 518 521 7604 7606 7622 7625 7628 3134 3119 3155 3149 3148,
2600,2,n200,192,458,T2-n200-9,306,1778,647.3741,dfs,2,TIMEOUT,2000.0314,54073000,149,0,,,
2601,2,n200,192,458,T2-n200-9,306,1778,647.3741,dijkstra,2,SUCCESS,0.2698,105,105,,795.6484,511 515 518 521 7604 7606 7622 7625 7628 3134 3119 3155 3149 3148,
2602,2,n200,192,458,T2-n200-9,306,1778,647.3741,dfs,3,TIMEOUT,2000.0198,53354000,149,0,,,
2603,2,n200,192,458,T2-n200-9,306,1778,647.3741,astar,3,SUCCESS,0.1706,34,34,,795.6484,511 515 518 521 7604 7606 7622 7625 7628 3134 3119 3155 3149 3148,
2604,2,n200,192,458,T2-n200-9,306,1778,647.3741,dijkstra,3,SUCCESS,0.2451,105,105,,795.6484,511 515 518 521 7604 7606 7622 7625 7628 3134 3119 3155 3149 3148,
2605,2,n200,192,458,T2-n200-9,306,1778,647.3741,astar,4,SUCCESS,0.1019,34,34,,795.6484,511 515 518 521 7604 7606 7622 7625 7628 3134 3119 3155 3149 3148,
2606,2,n200,192,458,T2-n200-9,306,1778,647.3741,dfs,4,TIMEOUT,2000.0349,54876000,149,0,,,
2607,2,n200,192,458,T2-n200-9,306,1778,647.3741,dijkstra,4,SUCCESS,0.3209,105,105,,795.6484,511 515 518 521 7604 7606 7622 7625 7628 3134 3119 3155 3149 3148,
2608,2,n200,192,458,T2-n200-9,306,1778,647.3741,astar,5,SUCCESS,0.2606,34,34,,795.6484,511 515 518 521 7604 7606 7622 7625 7628 3134 3119 3155 3149 3148,
2609,2,n200,192,458,T2-n200-9,306,1778,647.3741,dijkstra,5,SUCCESS,0.2497,105,105,,795.6484,511 515 518 521 7604 7606 7622 7625 7628 3134 3119 3155 3149 3148,
2610,2,n200,192,458,T2-n200-9,306,1778,647.3741,dfs,5,TIMEOUT,2000.0255,54525000,149,0,,,
2611,2,n200,192,458,T2-n200-10,3614,870,578.3413,astar,1,SUCCESS,0.1878,57,57,,859.8784,10819 7614 521 7604 7606 7624 8217 8283 1938 3185 4278 4287 4286 4265 4262 4259 1509,
2612,2,n200,192,458,T2-n200-10,3614,870,578.3413,dfs,1,TIMEOUT,2000.0229,54990000,151,234096,,,
2613,2,n200,192,458,T2-n200-10,3614,870,578.3413,dijkstra,1,SUCCESS,0.3635,124,124,,859.8784,10819 7614 521 7604 7606 7624 8217 8283 1938 3185 4278 4287 4286 4265 4262 4259 1509,
2614,2,n200,192,458,T2-n200-10,3614,870,578.3413,astar,2,SUCCESS,0.1828,57,57,,859.8784,10819 7614 521 7604 7606 7624 8217 8283 1938 3185 4278 4287 4286 4265 4262 4259 1509,
2615,2,n200,192,458,T2-n200-10,3614,870,578.3413,dijkstra,2,SUCCESS,0.2357,124,124,,859.8784,10819 7614 521 7604 7606 7624 8217 8283 1938 3185 4278 4287 4286 4265 4262 4259 1509,
2616,2,n200,192,458,T2-n200-10,3614,870,578.3413,dfs,2,TIMEOUT,2000.0359,54950000,151,233865,,,
2617,2,n200,192,458,T2-n200-10,3614,870,578.3413,dijkstra,3,SUCCESS,0.3147,124,124,,859.8784,10819 7614 521 7604 7606 7624 8217 8283 1938 3185 4278 4287 4286 4265 4262 4259 1509,
2618,2,n200,192,458,T2-n200-10,3614,870,578.3413,dfs,3,TIMEOUT,2000.024,54361000,151,229731,,,
2619,2,n200,192,458,T2-n200-10,3614,870,578.3413,astar,3,SUCCESS,0.2261,57,57,,859.8784,10819 7614 521 7604 7606 7624 8217 8283 1938 3185 4278 4287 4286 4265 4262 4259 1509,
2620,2,n200,192,458,T2-n200-10,3614,870,578.3413,dfs,4,TIMEOUT,2000.0302,54239000,151,228844,,,
2621,2,n200,192,458,T2-n200-10,3614,870,578.3413,dijkstra,4,SUCCESS,0.305,124,124,,859.8784,10819 7614 521 7604 7606 7624 8217 8283 1938 3185 4278 4287 4286 4265 4262 4259 1509,
2622,2,n200,192,458,T2-n200-10,3614,870,578.3413,astar,4,SUCCESS,0.1683,57,57,,859.8784,10819 7614 521 7604 7606 7624 8217 8283 1938 3185 4278 4287 4286 4265 4262 4259 1509,
2623,2,n200,192,458,T2-n200-10,3614,870,578.3413,astar,5,SUCCESS,0.2283,57,57,,859.8784,10819 7614 521 7604 7606 7624 8217 8283 1938 3185 4278 4287 4286 4265 4262 4259 1509,
2624,2,n200,192,458,T2-n200-10,3614,870,578.3413,dfs,5,TIMEOUT,2000.0169,52972000,151,222319,,,
2625,2,n200,192,458,T2-n200-10,3614,870,578.3413,dijkstra,5,SUCCESS,0.4953,124,124,,859.8784,10819 7614 521 7604 7606 7624 8217 8283 1938 3185 4278 4287 4286 4265 4262 4259 1509,
2626,2,r500,80,182,T2-r500-1,2250,1125,406.7052,astar,1,SUCCESS,0.2534,23,23,,531.4507,4258 4223 4220 4217 4213 4210 4207 4204 4201 1924 1927,
2627,2,r500,80,182,T2-r500-1,2250,1125,406.7052,dfs,1,SUCCESS,0.3887,10551,41,336,531.4507,4258 4223 4220 4217 4213 4210 4207 4204 4201 1924 1927,
2628,2,r500,80,182,T2-r500-1,2250,1125,406.7052,dijkstra,1,SUCCESS,0.2154,41,41,,531.4507,4258 4223 4220 4217 4213 4210 4207 4204 4201 1924 1927,
2629,2,r500,80,182,T2-r500-1,2250,1125,406.7052,dfs,2,SUCCESS,0.3938,10551,41,336,531.4507,4258 4223 4220 4217 4213 4210 4207 4204 4201 1924 1927,
2630,2,r500,80,182,T2-r500-1,2250,1125,406.7052,dijkstra,2,SUCCESS,0.1944,41,41,,531.4507,4258 4223 4220 4217 4213 4210 4207 4204 4201 1924 1927,
2631,2,r500,80,182,T2-r500-1,2250,1125,406.7052,astar,2,SUCCESS,0.1489,23,23,,531.4507,4258 4223 4220 4217 4213 4210 4207 4204 4201 1924 1927,
2632,2,r500,80,182,T2-r500-1,2250,1125,406.7052,astar,3,SUCCESS,0.2392,23,23,,531.4507,4258 4223 4220 4217 4213 4210 4207 4204 4201 1924 1927,
2633,2,r500,80,182,T2-r500-1,2250,1125,406.7052,dfs,3,SUCCESS,0.7324,10551,41,336,531.4507,4258 4223 4220 4217 4213 4210 4207 4204 4201 1924 1927,
2634,2,r500,80,182,T2-r500-1,2250,1125,406.7052,dijkstra,3,SUCCESS,0.1303,41,41,,531.4507,4258 4223 4220 4217 4213 4210 4207 4204 4201 1924 1927,
2635,2,r500,80,182,T2-r500-1,2250,1125,406.7052,dijkstra,4,SUCCESS,0.1348,41,41,,531.4507,4258 4223 4220 4217 4213 4210 4207 4204 4201 1924 1927,
2636,2,r500,80,182,T2-r500-1,2250,1125,406.7052,dfs,4,SUCCESS,0.3854,10551,41,336,531.4507,4258 4223 4220 4217 4213 4210 4207 4204 4201 1924 1927,
2637,2,r500,80,182,T2-r500-1,2250,1125,406.7052,astar,4,SUCCESS,0.1045,23,23,,531.4507,4258 4223 4220 4217 4213 4210 4207 4204 4201 1924 1927,
2638,2,r500,80,182,T2-r500-1,2250,1125,406.7052,astar,5,SUCCESS,0.0979,23,23,,531.4507,4258 4223 4220 4217 4213 4210 4207 4204 4201 1924 1927,
2639,2,r500,80,182,T2-r500-1,2250,1125,406.7052,dfs,5,SUCCESS,0.4141,10551,41,336,531.4507,4258 4223 4220 4217 4213 4210 4207 4204 4201 1924 1927,
2640,2,r500,80,182,T2-r500-1,2250,1125,406.7052,dijkstra,5,SUCCESS,0.111,41,41,,531.4507,4258 4223 4220 4217 4213 4210 4207 4204 4201 1924 1927,
2641,2,r500,80,182,T2-r500-2,4151,869,430.1218,astar,1,SUCCESS,0.1191,51,51,,987.0501,10325 9294 9298 4213 4210 4207 4204 4201 1924 1927 1932 5304 7884 9304 3174 3173 4292 8317 1515,
2642,2,r500,80,182,T2-r500-2,4151,869,430.1218,dijkstra,1,SUCCESS,0.1054,55,55,,987.0501,10325 9294 9298 4213 4210 4207 4204 4201 1924 1927 1932 5304 7884 9304 3174 3173 4292 8317 1515,
2643,2,r500,80,182,T2-r500-2,4151,869,430.1218,dfs,1,SUCCESS,1.6767,39047,80,544,987.0501,10325 9294 9298 4213 4210 4207 4204 4201 1924 1927 1932 5304 7884 9304 3174 3173 4292 8317 1515,
2644,2,r500,80,182,T2-r500-2,4151,869,430.1218,dfs,2,SUCCESS,1.591,39047,80,544,987.0501,10325 9294 9298 4213 4210 4207 4204 4201 1924 1927 1932 5304 7884 9304 3174 3173 4292 8317 1515,
2645,2,r500,80,182,T2-r500-2,4151,869,430.1218,astar,2,SUCCESS,0.1743,51,51,,987.0501,10325 9294 9298 4213 4210 4207 4204 4201 1924 1927 1932 5304 7884 9304 3174 3173 4292 8317 1515,
2646,2,r500,80,182,T2-r500-2,4151,869,430.1218,dijkstra,2,SUCCESS,0.0818,55,55,,987.0501,10325 9294 9298 4213 4210 4207 4204 4201 1924 1927 1932 5304 7884 9304 3174 3173 4292 8317 1515,
2647,2,r500,80,182,T2-r500-2,4151,869,430.1218,astar,3,SUCCESS,0.1149,51,51,,987.0501,10325 9294 9298 4213 4210 4207 4204 4201 1924 1927 1932 5304 7884 9304 3174 3173 4292 8317 1515,
2648,2,r500,80,182,T2-r500-2,4151,869,430.1218,dfs,3,SUCCESS,1.3136,39047,80,544,987.0501,10325 9294 9298 4213 4210 4207 4204 4201 1924 1927 1932 5304 7884 9304 3174 3173 4292 8317 1515,
2649,2,r500,80,182,T2-r500-2,4151,869,430.1218,dijkstra,3,SUCCESS,0.2032,55,55,,987.0501,10325 9294 9298 4213 4210 4207 4204 4201 1924 1927 1932 5304 7884 9304 3174 3173 4292 8317 1515,
2650,2,r500,80,182,T2-r500-2,4151,869,430.1218,dfs,4,SUCCESS,1.292,39047,80,544,987.0501,10325 9294 9298 4213 4210 4207 4204 4201 1924 1927 1932 5304 7884 9304 3174 3173 4292 8317 1515,
2651,2,r500,80,182,T2-r500-2,4151,869,430.1218,dijkstra,4,SUCCESS,0.1139,55,55,,987.0501,10325 9294 9298 4213 4210 4207 4204 4201 1924 1927 1932 5304 7884 9304 3174 3173 4292 8317 1515,
2652,2,r500,80,182,T2-r500-2,4151,869,430.1218,astar,4,SUCCESS,0.1201,51,51,,987.0501,10325 9294 9298 4213 4210 4207 4204 4201 1924 1927 1932 5304 7884 9304 3174 3173 4292 8317 1515,
2653,2,r500,80,182,T2-r500-2,4151,869,430.1218,dfs,5,SUCCESS,1.2903,39047,80,544,987.0501,10325 9294 9298 4213 4210 4207 4204 4201 1924 1927 1932 5304 7884 9304 3174 3173 4292 8317 1515,
2654,2,r500,80,182,T2-r500-2,4151,869,430.1218,dijkstra,5,SUCCESS,0.1827,55,55,,987.0501,10325 9294 9298 4213 4210 4207 4204 4201 1924 1927 1932 5304 7884 9304 3174 3173 4292 8317 1515,
2655,2,r500,80,182,T2-r500-2,4151,869,430.1218,astar,5,SUCCESS,0.1248,51,51,,987.0501,10325 9294 9298 4213 4210 4207 4204 4201 1924 1927 1932 5304 7884 9304 3174 3173 4292 8317 1515,
2656,2,r500,80,182,T2-r500-3,845,853,381.4351,dfs,1,SUCCESS,0.5854,15735,79,2,461.7852,1474 1477 2393 2396 4959 4957 4956 10313 1488 1486,
2657,2,r500,80,182,T2-r500-3,845,853,381.4351,dijkstra,1,SUCCESS,0.0697,20,20,,461.7852,1474 1477 2393 2396 4959 4957 4956 10313 1488 1486,
2658,2,r500,80,182,T2-r500-3,845,853,381.4351,astar,1,SUCCESS,0.0675,15,15,,461.7852,1474 1477 2393 2396 4959 4957 4956 10313 1488 1486,
2659,2,r500,80,182,T2-r500-3,845,853,381.4351,dfs,2,SUCCESS,0.6631,15735,79,2,461.7852,1474 1477 2393 2396 4959 4957 4956 10313 1488 1486,
2660,2,r500,80,182,T2-r500-3,845,853,381.4351,dijkstra,2,SUCCESS,0.1711,20,20,,461.7852,1474 1477 2393 2396 4959 4957 4956 10313 1488 1486,
2661,2,r500,80,182,T2-r500-3,845,853,381.4351,astar,2,SUCCESS,0.0797,15,15,,461.7852,1474 1477 2393 2396 4959 4957 4956 10313 1488 1486,
2662,2,r500,80,182,T2-r500-3,845,853,381.4351,dijkstra,3,SUCCESS,0.0771,20,20,,461.7852,1474 1477 2393 2396 4959 4957 4956 10313 1488 1486,
2663,2,r500,80,182,T2-r500-3,845,853,381.4351,dfs,3,SUCCESS,0.596,15735,79,2,461.7852,1474 1477 2393 2396 4959 4957 4956 10313 1488 1486,
2664,2,r500,80,182,T2-r500-3,845,853,381.4351,astar,3,SUCCESS,0.0694,15,15,,461.7852,1474 1477 2393 2396 4959 4957 4956 10313 1488 1486,
2665,2,r500,80,182,T2-r500-3,845,853,381.4351,astar,4,SUCCESS,0.0779,15,15,,461.7852,1474 1477 2393 2396 4959 4957 4956 10313 1488 1486,
2666,2,r500,80,182,T2-r500-3,845,853,381.4351,dfs,4,SUCCESS,0.6207,15735,79,2,461.7852,1474 1477 2393 2396 4959 4957 4956 10313 1488 1486,
2667,2,r500,80,182,T2-r500-3,845,853,381.4351,dijkstra,4,SUCCESS,0.0891,20,20,,461.7852,1474 1477 2393 2396 4959 4957 4956 10313 1488 1486,
2668,2,r500,80,182,T2-r500-3,845,853,381.4351,astar,5,SUCCESS,0.0758,15,15,,461.7852,1474 1477 2393 2396 4959 4957 4956 10313 1488 1486,
2669,2,r500,80,182,T2-r500-3,845,853,381.4351,dijkstra,5,SUCCESS,0.0733,20,20,,461.7852,1474 1477 2393 2396 4959 4957 4956 10313 1488 1486,
2670,2,r500,80,182,T2-r500-3,845,853,381.4351,dfs,5,SUCCESS,0.5895,15735,79,2,461.7852,1474 1477 2393 2396 4959 4957 4956 10313 1488 1486,
2671,2,r500,80,182,T2-r500-4,869,2584,345.0964,dfs,1,SUCCESS,0.3682,7890,80,4,433.1725,1513 1516 1519 1523 2396 4959,
2672,2,r500,80,182,T2-r500-4,869,2584,345.0964,dijkstra,1,SUCCESS,0.0903,20,20,,433.1725,1513 1516 1519 1523 2396 4959,
2673,2,r500,80,182,T2-r500-4,869,2584,345.0964,astar,1,SUCCESS,0.0633,8,8,,433.1725,1513 1516 1519 1523 2396 4959,
2674,2,r500,80,182,T2-r500-4,869,2584,345.0964,dfs,2,SUCCESS,0.3649,7890,80,4,433.1725,1513 1516 1519 1523 2396 4959,
2675,2,r500,80,182,T2-r500-4,869,2584,345.0964,astar,2,SUCCESS,0.0946,8,8,,433.1725,1513 1516 1519 1523 2396 4959,
2676,2,r500,80,182,T2-r500-4,869,2584,345.0964,dijkstra,2,SUCCESS,0.1092,20,20,,433.1725,1513 1516 1519 1523 2396 4959,
2677,2,r500,80,182,T2-r500-4,869,2584,345.0964,dfs,3,SUCCESS,0.3857,7890,80,4,433.1725,1513 1516 1519 1523 2396 4959,
2678,2,r500,80,182,T2-r500-4,869,2584,345.0964,astar,3,SUCCESS,0.0953,8,8,,433.1725,1513 1516 1519 1523 2396 4959,
2679,2,r500,80,182,T2-r500-4,869,2584,345.0964,dijkstra,3,SUCCESS,0.0821,20,20,,433.1725,1513 1516 1519 1523 2396 4959,
2680,2,r500,80,182,T2-r500-4,869,2584,345.0964,dijkstra,4,SUCCESS,0.0835,20,20,,433.1725,1513 1516 1519 1523 2396 4959,
2681,2,r500,80,182,T2-r500-4,869,2584,345.0964,dfs,4,SUCCESS,0.3525,7890,80,4,433.1725,1513 1516 1519 1523 2396 4959,
2682,2,r500,80,182,T2-r500-4,869,2584,345.0964,astar,4,SUCCESS,0.0623,8,8,,433.1725,1513 1516 1519 1523 2396 4959,
2683,2,r500,80,182,T2-r500-4,869,2584,345.0964,dijkstra,5,SUCCESS,0.0796,20,20,,433.1725,1513 1516 1519 1523 2396 4959,
2684,2,r500,80,182,T2-r500-4,869,2584,345.0964,dfs,5,SUCCESS,0.3151,7890,80,4,433.1725,1513 1516 1519 1523 2396 4959,
2685,2,r500,80,182,T2-r500-4,869,2584,345.0964,astar,5,SUCCESS,0.0726,8,8,,433.1725,1513 1516 1519 1523 2396 4959,
2686,2,r500,80,182,T2-r500-5,1123,861,413.218,astar,1,SUCCESS,0.0895,23,23,,693.7863,1927 1932 5304 7884 9304 3174 3171 1521 1520 10319 1490 1494,
2687,2,r500,80,182,T2-r500-5,1123,861,413.218,dfs,1,SUCCESS,0.1811,4011,80,4,693.7863,1927 1932 5304 7884 9304 3174 3171 1521 1520 10319 1490 1494,
2688,2,r500,80,182,T2-r500-5,1123,861,413.218,dijkstra,1,SUCCESS,0.1347,60,60,,693.7863,1927 1932 5304 7884 9304 3174 3171 1521 1520 10319 1490 1494,
2689,2,r500,80,182,T2-r500-5,1123,861,413.218,dfs,2,SUCCESS,0.1788,4011,80,4,693.7863,1927 1932 5304 7884 9304 3174 3171 1521 1520 10319 1490 1494,
2690,2,r500,80,182,T2-r500-5,1123,861,413.218,dijkstra,2,SUCCESS,0.1303,60,60,,693.7863,1927 1932 5304 7884 9304 3174 3171 1521 1520 10319 1490 1494,
2691,2,r500,80,182,T2-r500-5,1123,861,413.218,astar,2,SUCCESS,0.0784,23,23,,693.7863,1927 1932 5304 7884 9304 3174 3171 1521 1520 10319 1490 1494,
2692,2,r500,80,182,T2-r500-5,1123,861,413.218,astar,3,SUCCESS,0.0773,23,23,,693.7863,1927 1932 5304 7884 9304 3174 3171 1521 1520 10319 1490 1494,
2693,2,r500,80,182,T2-r500-5,1123,861,413.218,dijkstra,3,SUCCESS,0.1365,60,60,,693.7863,1927 1932 5304 7884 9304 3174 3171 1521 1520 10319 1490 1494,
2694,2,r500,80,182,T2-r500-5,1123,861,413.218,dfs,3,SUCCESS,0.1764,4011,80,4,693.7863,1927 1932 5304 7884 9304 3174 3171 1521 1520 10319 1490 1494,
2695,2,r500,80,182,T2-r500-5,1123,861,413.218,astar,4,SUCCESS,0.0884,23,23,,693.7863,1927 1932 5304 7884 9304 3174 3171 1521 1520 10319 1490 1494,
2696,2,r500,80,182,T2-r500-5,1123,861,413.218,dijkstra,4,SUCCESS,0.1328,60,60,,693.7863,1927 1932 5304 7884 9304 3174 3171 1521 1520 10319 1490 1494,
2697,2,r500,80,182,T2-r500-5,1123,861,413.218,dfs,4,SUCCESS,0.2122,4011,80,4,693.7863,1927 1932 5304 7884 9304 3174 3171 1521 1520 10319 1490 1494,
2698,2,r500,80,182,T2-r500-5,1123,861,413.218,astar,5,SUCCESS,0.1043,23,23,,693.7863,1927 1932 5304 7884 9304 3174 3171 1521 1520 10319 1490 1494,
2699,2,r500,80,182,T2-r500-5,1123,861,413.218,dfs,5,SUCCESS,0.1748,4011,80,4,693.7863,1927 1932 5304 7884 9304 3174 3171 1521 1520 10319 1490 1494,
2700,2,r500,80,182,T2-r500-5,1123,861,413.218,dijkstra,5,SUCCESS,0.1267,60,60,,693.7863,1927 1932 5304 7884 9304 3174 3171 1521 1520 10319 1490 1494,
2701,2,r500,80,182,T2-r500-6,862,1123,403.8721,dijkstra,1,SUCCESS,0.0865,34,34,,770.6642,1498 1495 1492 1491 10320 1519 1522 3172 3176 9305 7883 5303 1929,
2702,2,r500,80,182,T2-r500-6,862,1123,403.8721,dfs,1,SUCCESS,0.0277,220,41,4,770.6642,1498 1495 1492 1491 10320 1519 1522 3172 3176 9305 7883 5303 1929,
2703,2,r500,80,182,T2-r500-6,862,1123,403.8721,astar,1,SUCCESS,0.0944,20,20,,770.6642,1498 1495 1492 1491 10320 1519 1522 3172 3176 9305 7883 5303 1929,
2704,2,r500,80,182,T2-r500-6,862,1123,403.8721,astar,2,SUCCESS,0.12,20,20,,770.6642,1498 1495 1492 1491 10320 1519 1522 3172 3176 9305 7883 5303 1929,
2705,2,r500,80,182,T2-r500-6,862,1123,403.8721,dfs,2,SUCCESS,0.0424,220,41,4,770.6642,1498 1495 1492 1491 10320 1519 1522 3172 3176 9305 7883 5303 1929,
2706,2,r500,80,182,T2-r500-6,862,1123,403.8721,dijkstra,2,SUCCESS,0.1154,34,34,,770.6642,1498 1495 1492 1491 10320 1519 1522 3172 3176 9305 7883 5303 1929,
2707,2,r500,80,182,T2-r500-6,862,1123,403.8721,dfs,3,SUCCESS,0.0327,220,41,4,770.6642,1498 1495 1492 1491 10320 1519 1522 3172 3176 9305 7883 5303 1929,
2708,2,r500,80,182,T2-r500-6,862,1123,403.8721,astar,3,SUCCESS,0.0891,20,20,,770.6642,1498 1495 1492 1491 10320 1519 1522 3172 3176 9305 7883 5303 1929,
2709,2,r500,80,182,T2-r500-6,862,1123,403.8721,dijkstra,3,SUCCESS,0.1013,34,34,,770.6642,1498 1495 1492 1491 10320 1519 1522 3172 3176 9305 7883 5303 1929,
2710,2,r500,80,182,T2-r500-6,862,1123,403.8721,dijkstra,4,SUCCESS,0.1667,34,34,,770.6642,1498 1495 1492 1491 10320 1519 1522 3172 3176 9305 7883 5303 1929,
2711,2,r500,80,182,T2-r500-6,862,1123,403.8721,astar,4,SUCCESS,0.0838,20,20,,770.6642,1498 1495 1492 1491 10320 1519 1522 3172 3176 9305 7883 5303 1929,
2712,2,r500,80,182,T2-r500-6,862,1123,403.8721,dfs,4,SUCCESS,0.0373,220,41,4,770.6642,1498 1495 1492 1491 10320 1519 1522 3172 3176 9305 7883 5303 1929,
2713,2,r500,80,182,T2-r500-6,862,1123,403.8721,astar,5,SUCCESS,0.0788,20,20,,770.6642,1498 1495 1492 1491 10320 1519 1522 3172 3176 9305 7883 5303 1929,
2714,2,r500,80,182,T2-r500-6,862,1123,403.8721,dijkstra,5,SUCCESS,0.0897,34,34,,770.6642,1498 1495 1492 1491 10320 1519 1522 3172 3176 9305 7883 5303 1929,
2715,2,r500,80,182,T2-r500-6,862,1123,403.8721,dfs,5,SUCCESS,0.0325,220,41,4,770.6642,1498 1495 1492 1491 10320 1519 1522 3172 3176 9305 7883 5303 1929,
2716,2,r500,80,182,T2-r500-7,2256,877,376.7815,astar,1,SUCCESS,0.5402,43,43,,701.3411,4240 4238 4207 4204 4201 1924 1927 1932 5304 7884 9304 3174,
2717,2,r500,80,182,T2-r500-7,2256,877,376.7815,dfs,1,SUCCESS,0.225,4605,49,15,701.3411,4240 4238 4207 4204 4201 1924 1927 1932 5304 7884 9304 3174,
2718,2,r500,80,182,T2-r500-7,2256,877,376.7815,dijkstra,1,SUCCESS,0.1205,49,49,,701.3411,4240 4238 4207 4204 4201 1924 1927 1932 5304 7884 9304 3174,
2719,2,r500,80,182,T2-r500-7,2256,877,376.7815,dfs,2,SUCCESS,0.215,4605,49,15,701.3411,4240 4238 4207 4204 4201 1924 1927 1932 5304 7884 9304 3174,
2720,2,r500,80,182,T2-r500-7,2256,877,376.7815,astar,2,SUCCESS,0.1319,43,43,,701.3411,4240 4238 4207 4204 4201 1924 1927 1932 5304 7884 9304 3174,
2721,2,r500,80,182,T2-r500-7,2256,877,376.7815,dijkstra,2,SUCCESS,0.1175,49,49,,701.3411,4240 4238 4207 4204 4201 1924 1927 1932 5304 7884 9304 3174,
2722,2,r500,80,182,T2-r500-7,2256,877,376.7815,dijkstra,3,SUCCESS,0.1781,49,49,,701.3411,4240 4238 4207 4204 4201 1924 1927 1932 5304 7884 9304 3174,
2723,2,r500,80,182,T2-r500-7,2256,877,376.7815,dfs,3,SUCCESS,0.2248,4605,49,15,701.3411,4240 4238 4207 4204 4201 1924 1927 1932 5304 7884 9304 3174,
2724,2,r500,80,182,T2-r500-7,2256,877,376.7815,astar,3,SUCCESS,0.1888,43,43,,701.3411,4240 4238 4207 4204 4201 1924 1927 1932 5304 7884 9304 3174,
2725,2,r500,80,182,T2-r500-7,2256,877,376.7815,dfs,4,SUCCESS,0.2776,4605,49,15,701.3411,4240 4238 4207 4204 4201 1924 1927 1932 5304 7884 9304 3174,
2726,2,r500,80,182,T2-r500-7,2256,877,376.7815,astar,4,SUCCESS,0.1389,43,43,,701.3411,4240 4238 4207 4204 4201 1924 1927 1932 5304 7884 9304 3174,
2727,2,r500,80,182,T2-r500-7,2256,877,376.7815,dijkstra,4,SUCCESS,0.117,49,49,,701.3411,4240 4238 4207 4204 4201 1924 1927 1932 5304 7884 9304 3174,
2728,2,r500,80,182,T2-r500-7,2256,877,376.7815,dfs,5,SUCCESS,0.3679,4605,49,15,701.3411,4240 4238 4207 4204 4201 1924 1927 1932 5304 7884 9304 3174,
2729,2,r500,80,182,T2-r500-7,2256,877,376.7815,astar,5,SUCCESS,0.1585,43,43,,701.3411,4240 4238 4207 4204 4201 1924 1927 1932 5304 7884 9304 3174,
2730,2,r500,80,182,T2-r500-7,2256,877,376.7815,dijkstra,5,SUCCESS,0.1613,49,49,,701.3411,4240 4238 4207 4204 4201 1924 1927 1932 5304 7884 9304 3174,
2731,2,r500,80,182,T2-r500-8,2262,876,409.8636,dfs,1,SUCCESS,0.2178,4327,61,34,670.5375,10684 4250 1921 1924 1927 1932 5304 7884 9304 3174 3171,
2732,2,r500,80,182,T2-r500-8,2262,876,409.8636,dijkstra,1,SUCCESS,0.125,52,52,,670.5375,10684 4250 1921 1924 1927 1932 5304 7884 9304 3174 3171,
2733,2,r500,80,182,T2-r500-8,2262,876,409.8636,astar,1,SUCCESS,0.129,36,36,,670.5375,10684 4250 1921 1924 1927 1932 5304 7884 9304 3174 3171,
2734,2,r500,80,182,T2-r500-8,2262,876,409.8636,dijkstra,2,SUCCESS,0.1676,52,52,,670.5375,10684 4250 1921 1924 1927 1932 5304 7884 9304 3174 3171,
2735,2,r500,80,182,T2-r500-8,2262,876,409.8636,dfs,2,SUCCESS,0.2186,4327,61,34,670.5375,10684 4250 1921 1924 1927 1932 5304 7884 9304 3174 3171,
2736,2,r500,80,182,T2-r500-8,2262,876,409.8636,astar,2,SUCCESS,0.1333,36,36,,670.5375,10684 4250 1921 1924 1927 1932 5304 7884 9304 3174 3171,
2737,2,r500,80,182,T2-r500-8,2262,876,409.8636,astar,3,SUCCESS,0.1173,36,36,,670.5375,10684 4250 1921 1924 1927 1932 5304 7884 9304 3174 3171,
2738,2,r500,80,182,T2-r500-8,2262,876,409.8636,dijkstra,3,SUCCESS,0.1223,52,52,,670.5375,10684 4250 1921 1924 1927 1932 5304 7884 9304 3174 3171,
2739,2,r500,80,182,T2-r500-8,2262,876,409.8636,dfs,3,SUCCESS,0.247,4327,61,34,670.5375,10684 4250 1921 1924 1927 1932 5304 7884 9304 3174 3171,
2740,2,r500,80,182,T2-r500-8,2262,876,409.8636,dfs,4,SUCCESS,0.2042,4327,61,34,670.5375,10684 4250 1921 1924 1927 1932 5304 7884 9304 3174 3171,
2741,2,r500,80,182,T2-r500-8,2262,876,409.8636,dijkstra,4,SUCCESS,0.1365,52,52,,670.5375,10684 4250 1921 1924 1927 1932 5304 7884 9304 3174 3171,
2742,2,r500,80,182,T2-r500-8,2262,876,409.8636,astar,4,SUCCESS,0.1159,36,36,,670.5375,10684 4250 1921 1924 1927 1932 5304 7884 9304 3174 3171,
2743,2,r500,80,182,T2-r500-8,2262,876,409.8636,dijkstra,5,SUCCESS,0.1192,52,52,,670.5375,10684 4250 1921 1924 1927 1932 5304 7884 9304 3174 3171,
2744,2,r500,80,182,T2-r500-8,2262,876,409.8636,astar,5,SUCCESS,0.1189,36,36,,670.5375,10684 4250 1921 1924 1927 1932 5304 7884 9304 3174 3171,
2745,2,r500,80,182,T2-r500-8,2262,876,409.8636,dfs,5,SUCCESS,0.2018,4327,61,34,670.5375,10684 4250 1921 1924 1927 1932 5304 7884 9304 3174 3171,
2746,2,r500,80,182,T2-r500-9,2236,875,330.257,dfs,1,SUCCESS,0.1941,4080,80,34,700.2759,4204 4201 1924 1927 1932 5304 7884 9304 3174 3173 4292,
2747,2,r500,80,182,T2-r500-9,2236,875,330.257,astar,1,SUCCESS,0.1325,44,44,,700.2759,4204 4201 1924 1927 1932 5304 7884 9304 3174 3173 4292,
2748,2,r500,80,182,T2-r500-9,2236,875,330.257,dijkstra,1,SUCCESS,0.1206,51,51,,700.2759,4204 4201 1924 1927 1932 5304 7884 9304 3174 3173 4292,
2749,2,r500,80,182,T2-r500-9,2236,875,330.257,dfs,2,SUCCESS,0.1903,4080,80,34,700.2759,4204 4201 1924 1927 1932 5304 7884 9304 3174 3173 4292,
2750,2,r500,80,182,T2-r500-9,2236,875,330.257,astar,2,SUCCESS,0.1354,44,44,,700.2759,4204 4201 1924 1927 1932 5304 7884 9304 3174 3173 4292,
2751,2,r500,80,182,T2-r500-9,2236,875,330.257,dijkstra,2,SUCCESS,0.466,51,51,,700.2759,4204 4201 1924 1927 1932 5304 7884 9304 3174 3173 4292,
2752,2,r500,80,182,T2-r500-9,2236,875,330.257,astar,3,SUCCESS,0.1431,44,44,,700.2759,4204 4201 1924 1927 1932 5304 7884 9304 3174 3173 4292,
2753,2,r500,80,182,T2-r500-9,2236,875,330.257,dijkstra,3,SUCCESS,0.1196,51,51,,700.2759,4204 4201 1924 1927 1932 5304 7884 9304 3174 3173 4292,
2754,2,r500,80,182,T2-r500-9,2236,875,330.257,dfs,3,SUCCESS,0.2046,4080,80,34,700.2759,4204 4201 1924 1927 1932 5304 7884 9304 3174 3173 4292,
2755,2,r500,80,182,T2-r500-9,2236,875,330.257,astar,4,SUCCESS,0.1306,44,44,,700.2759,4204 4201 1924 1927 1932 5304 7884 9304 3174 3173 4292,
2756,2,r500,80,182,T2-r500-9,2236,875,330.257,dijkstra,4,SUCCESS,0.1196,51,51,,700.2759,4204 4201 1924 1927 1932 5304 7884 9304 3174 3173 4292,
2757,2,r500,80,182,T2-r500-9,2236,875,330.257,dfs,4,SUCCESS,0.1921,4080,80,34,700.2759,4204 4201 1924 1927 1932 5304 7884 9304 3174 3173 4292,
2758,2,r500,80,182,T2-r500-9,2236,875,330.257,dfs,5,SUCCESS,0.2376,4080,80,34,700.2759,4204 4201 1924 1927 1932 5304 7884 9304 3174 3173 4292,
2759,2,r500,80,182,T2-r500-9,2236,875,330.257,dijkstra,5,SUCCESS,0.1312,51,51,,700.2759,4204 4201 1924 1927 1932 5304 7884 9304 3174 3173 4292,
2760,2,r500,80,182,T2-r500-9,2236,875,330.257,astar,5,SUCCESS,0.1297,44,44,,700.2759,4204 4201 1924 1927 1932 5304 7884 9304 3174 3173 4292,
2761,2,r500,80,182,T2-r500-10,1119,856,378.0308,astar,1,SUCCESS,0.1492,61,61,,932.3388,1921 1924 1927 1932 5304 7884 9304 3174 3171 1523 2396 4959 4957 4956 10313 1489,
2762,2,r500,80,182,T2-r500-10,1119,856,378.0308,dijkstra,1,SUCCESS,0.1411,71,71,,932.3388,1921 1924 1927 1932 5304 7884 9304 3174 3171 1523 2396 4959 4957 4956 10313 1489,
2763,2,r500,80,182,T2-r500-10,1119,856,378.0308,dfs,1,SUCCESS,0.2514,5637,79,68,932.3388,1921 1924 1927 1932 5304 7884 9304 3174 3171 1523 2396 4959 4957 4956 10313 1489,
2764,2,r500,80,182,T2-r500-10,1119,856,378.0308,astar,2,SUCCESS,0.1527,61,61,,932.3388,1921 1924 1927 1932 5304 7884 9304 3174 3171 1523 2396 4959 4957 4956 10313 1489,
2765,2,r500,80,182,T2-r500-10,1119,856,378.0308,dfs,2,SUCCESS,0.2538,5637,79,68,932.3388,1921 1924 1927 1932 5304 7884 9304 3174 3171 1523 2396 4959 4957 4956 10313 1489,
2766,2,r500,80,182,T2-r500-10,1119,856,378.0308,dijkstra,2,SUCCESS,0.1432,71,71,,932.3388,1921 1924 1927 1932 5304 7884 9304 3174 3171 1523 2396 4959 4957 4956 10313 1489,
2767,2,r500,80,182,T2-r500-10,1119,856,378.0308,dijkstra,3,SUCCESS,0.1463,71,71,,932.3388,1921 1924 1927 1932 5304 7884 9304 3174 3171 1523 2396 4959 4957 4956 10313 1489,
2768,2,r500,80,182,T2-r500-10,1119,856,378.0308,dfs,3,SUCCESS,0.3709,5637,79,68,932.3388,1921 1924 1927 1932 5304 7884 9304 3174 3171 1523 2396 4959 4957 4956 10313 1489,
2769,2,r500,80,182,T2-r500-10,1119,856,378.0308,astar,3,SUCCESS,0.1973,61,61,,932.3388,1921 1924 1927 1932 5304 7884 9304 3174 3171 1523 2396 4959 4957 4956 10313 1489,
2770,2,r500,80,182,T2-r500-10,1119,856,378.0308,dijkstra,4,SUCCESS,0.1414,71,71,,932.3388,1921 1924 1927 1932 5304 7884 9304 3174 3171 1523 2396 4959 4957 4956 10313 1489,
2771,2,r500,80,182,T2-r500-10,1119,856,378.0308,astar,4,SUCCESS,0.187,61,61,,932.3388,1921 1924 1927 1932 5304 7884 9304 3174 3171 1523 2396 4959 4957 4956 10313 1489,
2772,2,r500,80,182,T2-r500-10,1119,856,378.0308,dfs,4,SUCCESS,0.2749,5637,79,68,932.3388,1921 1924 1927 1932 5304 7884 9304 3174 3171 1523 2396 4959 4957 4956 10313 1489,
2773,2,r500,80,182,T2-r500-10,1119,856,378.0308,dijkstra,5,SUCCESS,0.1463,71,71,,932.3388,1921 1924 1927 1932 5304 7884 9304 3174 3171 1523 2396 4959 4957 4956 10313 1489,
2774,2,r500,80,182,T2-r500-10,1119,856,378.0308,dfs,5,SUCCESS,0.2535,5637,79,68,932.3388,1921 1924 1927 1932 5304 7884 9304 3174 3171 1523 2396 4959 4957 4956 10313 1489,
2775,2,r500,80,182,T2-r500-10,1119,856,378.0308,astar,5,SUCCESS,0.15,61,61,,932.3388,1921 1924 1927 1932 5304 7884 9304 3174 3171 1523 2396 4959 4957 4956 10313 1489,
2776,2,r1000,552,1320,T2-r1000-1,2246,1505,898.7335,dfs,1,TIMEOUT,2000.0536,53979000,209,0,,,
2777,2,r1000,552,1320,T2-r1000-1,2246,1505,898.7335,astar,1,SUCCESS,0.8101,307,307,,2427.9944,9299 9298 4213 4210 4207 4204 4201 1924 1927 1930 1934 1939 8284 8218 7622 7625 7627 3122 4573 535 414 415 417 419 420 421 425 7529 3880 4951 2883 2880 2868 3809 3876 4948 4945 4942 2546 2550 2553 2556 2559 2564 3187 3191 3192,
2778,2,r1000,552,1320,T2-r1000-1,2246,1505,898.7335,dijkstra,1,SUCCESS,0.9366,534,534,,2427.9944,9299 9298 4213 4210 4207 4204 4201 1924 1927 1930 1934 1939 8284 8218 7622 7625 7627 3122 4573 535 414 415 417 419 420 421 425 7529 3880 4951 2883 2880 2868 3809 3876 4948 4945 4942 2546 2550 2553 2556 2559 2564 3187 3191 3192,
2779,2,r1000,552,1320,T2-r1000-1,2246,1505,898.7335,dijkstra,2,SUCCESS,0.9659,534,534,,2427.9944,9299 9298 4213 4210 4207 4204 4201 1924 1927 1930 1934 1939 8284 8218 7622 7625 7627 3122 4573 535 414 415 417 419 420 421 425 7529 3880 4951 2883 2880 2868 3809 3876 4948 4945 4942 2546 2550 2553 2556 2559 2564 3187 3191 3192,
2780,2,r1000,552,1320,T2-r1000-1,2246,1505,898.7335,dfs,2,TIMEOUT,2000.0259,53692000,209,0,,,
2781,2,r1000,552,1320,T2-r1000-1,2246,1505,898.7335,astar,2,SUCCESS,0.8074,307,307,,2427.9944,9299 9298 4213 4210 4207 4204 4201 1924 1927 1930 1934 1939 8284 8218 7622 7625 7627 3122 4573 535 414 415 417 419 420 421 425 7529 3880 4951 2883 2880 2868 3809 3876 4948 4945 4942 2546 2550 2553 2556 2559 2564 3187 3191 3192,
2782,2,r1000,552,1320,T2-r1000-1,2246,1505,898.7335,astar,3,SUCCESS,1.0791,307,307,,2427.9944,9299 9298 4213 4210 4207 4204 4201 1924 1927 1930 1934 1939 8284 8218 7622 7625 7627 3122 4573 535 414 415 417 419 420 421 425 7529 3880 4951 2883 2880 2868 3809 3876 4948 4945 4942 2546 2550 2553 2556 2559 2564 3187 3191 3192,
2783,2,r1000,552,1320,T2-r1000-1,2246,1505,898.7335,dfs,3,TIMEOUT,2000.0184,53722000,209,0,,,
2784,2,r1000,552,1320,T2-r1000-1,2246,1505,898.7335,dijkstra,3,SUCCESS,1.0842,534,534,,2427.9944,9299 9298 4213 4210 4207 4204 4201 1924 1927 1930 1934 1939 8284 8218 7622 7625 7627 3122 4573 535 414 415 417 419 420 421 425 7529 3880 4951 2883 2880 2868 3809 3876 4948 4945 4942 2546 2550 2553 2556 2559 2564 3187 3191 3192,
2785,2,r1000,552,1320,T2-r1000-1,2246,1505,898.7335,astar,4,SUCCESS,1.1222,307,307,,2427.9944,9299 9298 4213 4210 4207 4204 4201 1924 1927 1930 1934 1939 8284 8218 7622 7625 7627 3122 4573 535 414 415 417 419 420 421 425 7529 3880 4951 2883 2880 2868 3809 3876 4948 4945 4942 2546 2550 2553 2556 2559 2564 3187 3191 3192,
2786,2,r1000,552,1320,T2-r1000-1,2246,1505,898.7335,dfs,4,TIMEOUT,2000.032,53513000,209,0,,,
2787,2,r1000,552,1320,T2-r1000-1,2246,1505,898.7335,dijkstra,4,SUCCESS,1.0673,534,534,,2427.9944,9299 9298 4213 4210 4207 4204 4201 1924 1927 1930 1934 1939 8284 8218 7622 7625 7627 3122 4573 535 414 415 417 419 420 421 425 7529 3880 4951 2883 2880 2868 3809 3876 4948 4945 4942 2546 2550 2553 2556 2559 2564 3187 3191 3192,
2788,2,r1000,552,1320,T2-r1000-1,2246,1505,898.7335,dijkstra,5,SUCCESS,1.3767,534,534,,2427.9944,9299 9298 4213 4210 4207 4204 4201 1924 1927 1930 1934 1939 8284 8218 7622 7625 7627 3122 4573 535 414 415 417 419 420 421 425 7529 3880 4951 2883 2880 2868 3809 3876 4948 4945 4942 2546 2550 2553 2556 2559 2564 3187 3191 3192,
2789,2,r1000,552,1320,T2-r1000-1,2246,1505,898.7335,dfs,5,TIMEOUT,2000.0579,54046000,209,0,,,
2790,2,r1000,552,1320,T2-r1000-1,2246,1505,898.7335,astar,5,SUCCESS,0.7505,307,307,,2427.9944,9299 9298 4213 4210 4207 4204 4201 1924 1927 1930 1934 1939 8284 8218 7622 7625 7627 3122 4573 535 414 415 417 419 420 421 425 7529 3880 4951 2883 2880 2868 3809 3876 4948 4945 4942 2546 2550 2553 2556 2559 2564 3187 3191 3192,
2791,2,r1000,552,1320,T2-r1000-2,2102,1612,952.3289,dijkstra,1,SUCCESS,0.8281,248,248,,990.9288,3886 7528 3884 8202 4941 8204 8206 8209 8210 7668 531 534 537 540 543 546 549 552 555 558 561 564 567 7689 2801 2798,
2792,2,r1000,552,1320,T2-r1000-2,2102,1612,952.3289,dfs,1,TIMEOUT,2000.0365,54965000,319,0,,,
2793,2,r1000,552,1320,T2-r1000-2,2102,1612,952.3289,astar,1,SUCCESS,0.2423,41,41,,990.9288,3886 7528 3884 8202 4941 8204 8206 8209 8210 7668 531 534 537 540 543 546 549 552 555 558 561 564 567 7689 2801 2798,
2794,2,r1000,552,1320,T2-r1000-2,2102,1612,952.3289,dfs,2,TIMEOUT,2000.0449,55166000,319,0,,,
2795,2,r1000,552,1320,T2-r1000-2,2102,1612,952.3289,astar,2,SUCCESS,0.2036,41,41,,990.9288,3886 7528 3884 8202 4941 8204 8206 8209 8210 7668 531 534 537 540 543 546 549 552 555 558 561 564 567 7689 2801 2798,
2796,2,r1000,552,1320,T2-r1000-2,2102,1612,952.3289,dijkstra,2,SUCCESS,0.4829,248,248,,990.9288,3886 7528 3884 8202 4941 8204 8206 8209 8210 7668 531 534 537 540 543 546 549 552 555 558 561 564 567 7689 2801 2798,
2797,2,r1000,552,1320,T2-r1000-2,2102,1612,952.3289,astar,3,SUCCESS,0.1332,41,41,,990.9288,3886 7528 3884 8202 4941 8204 8206 8209 8210 7668 531 534 537 540 543 546 549 552 555 558 561 564 567 7689 2801 2798,
2798,2,r1000,552,1320,T2-r1000-2,2102,1612,952.3289,dfs,3,TIMEOUT,2000.0422,55276000,319,0,,,
2799,2,r1000,552,1320,T2-r1000-2,2102,1612,952.3289,dijkstra,3,SUCCESS,0.5675,248,248,,990.9288,3886 7528 3884 8202 4941 8204 8206 8209 8210 7668 531 534 537 540 543 546 549 552 555 558 561 564 567 7689 2801 2798,
2800,2,r1000,552,1320,T2-r1000-2,2102,1612,952.3289,dijkstra,4,SUCCESS,0.5418,248,248,,990.9288,3886 7528 3884 8202 4941 8204 8206 8209 8210 7668 531 534 537 540 543 546 549 552 555 558 561 564 567 7689 2801 2798,
2801,2,r1000,552,1320,T2-r1000-2,2102,1612,952.3289,dfs,4,TIMEOUT,2000.0507,55510000,319,0,,,
2802,2,r1000,552,1320,T2-r1000-2,2102,1612,952.3289,astar,4,SUCCESS,0.2026,41,41,,990.9288,3886 7528 3884 8202 4941 8204 8206 8209 8210 7668 531 534 537 540 543 546 549 552 555 558 561 564 567 7689 2801 2798,
2803,2,r1000,552,1320,T2-r1000-2,2102,1612,952.3289,dfs,5,TIMEOUT,2000.0219,55396000,319,0,,,
2804,2,r1000,552,1320,T2-r1000-2,2102,1612,952.3289,dijkstra,5,SUCCESS,0.5642,248,248,,990.9288,3886 7528 3884 8202 4941 8204 8206 8209 8210 7668 531 534 537 540 543 546 549 552 555 558 561 564 567 7689 2801 2798,
2805,2,r1000,552,1320,T2-r1000-2,2102,1612,952.3289,astar,5,SUCCESS,0.1934,41,41,,990.9288,3886 7528 3884 8202 4941 8204 8206 8209 8210 7668 531 534 537 540 543 546 549 552 555 558 561 564 567 7689 2801 2798,
2806,2,r1000,552,1320,T2-r1000-3,231,3662,1287.2958,dijkstra,1,SUCCESS,0.915,481,481,,2079.3569,419 420 421 425 7528 3884 8202 4941 8204 8206 8209 8210 7668 532 8211 8213 4275 1941 8214 8216 1841 7609 7855 7720 2713 7783 7780 7777 7774,
2807,2,r1000,552,1320,T2-r1000-3,231,3662,1287.2958,astar,1,SUCCESS,0.3268,133,133,,2079.3569,419 420 421 425 7528 3884 8202 4941 8204 8206 8209 8210 7668 532 8211 8213 4275 1941 8214 8216 1841 7609 7855 7720 2713 7783 7780 7777 7774,
2808,2,r1000,552,1320,T2-r1000-3,231,3662,1287.2958,dfs,1,TIMEOUT,2000.0146,48846000,236,0,,,
2809,2,r1000,552,1320,T2-r1000-3,231,3662,1287.2958,dfs,2,TIMEOUT,2000.0604,49099000,236,0,,,
2810,2,r1000,552,1320,T2-r1000-3,231,3662,1287.2958,dijkstra,2,SUCCESS,1.1855,481,481,,2079.3569,419 420 421 425 7528 3884 8202 4941 8204 8206 8209 8210 7668 532 8211 8213 4275 1941 8214 8216 1841 7609 7855 7720 2713 7783 7780 7777 7774,
2811,2,r1000,552,1320,T2-r1000-3,231,3662,1287.2958,astar,2,SUCCESS,0.2625,133,133,,2079.3569,419 420 421 425 7528 3884 8202 4941 8204 8206 8209 8210 7668 532 8211 8213 4275 1941 8214 8216 1841 7609 7855 7720 2713 7783 7780 7777 7774,
2812,2,r1000,552,1320,T2-r1000-3,231,3662,1287.2958,dfs,3,TIMEOUT,2000.0354,49058000,236,0,,,
2813,2,r1000,552,1320,T2-r1000-3,231,3662,1287.2958,astar,3,SUCCESS,0.422,133,133,,2079.3569,419 420 421 425 7528 3884 8202 4941 8204 8206 8209 8210 7668 532 8211 8213 4275 1941 8214 8216 1841 7609 7855 7720 2713 7783 7780 7777 7774,
2814,2,r1000,552,1320,T2-r1000-3,231,3662,1287.2958,dijkstra,3,SUCCESS,0.9664,481,481,,2079.3569,419 420 421 425 7528 3884 8202 4941 8204 8206 8209 8210 7668 532 8211 8213 4275 1941 8214 8216 1841 7609 7855 7720 2713 7783 7780 7777 7774,
2815,2,r1000,552,1320,T2-r1000-3,231,3662,1287.2958,astar,4,SUCCESS,0.3112,133,133,,2079.3569,419 420 421 425 7528 3884 8202 4941 8204 8206 8209 8210 7668 532 8211 8213 4275 1941 8214 8216 1841 7609 7855 7720 2713 7783 7780 7777 7774,
2816,2,r1000,552,1320,T2-r1000-3,231,3662,1287.2958,dfs,4,TIMEOUT,2000.0218,49763000,236,0,,,
2817,2,r1000,552,1320,T2-r1000-3,231,3662,1287.2958,dijkstra,4,SUCCESS,0.9536,481,481,,2079.3569,419 420 421 425 7528 3884 8202 4941 8204 8206 8209 8210 7668 532 8211 8213 4275 1941 8214 8216 1841 7609 7855 7720 2713 7783 7780 7777 7774,
2818,2,r1000,552,1320,T2-r1000-3,231,3662,1287.2958,dfs,5,TIMEOUT,2000.0409,49496000,236,0,,,
2819,2,r1000,552,1320,T2-r1000-3,231,3662,1287.2958,dijkstra,5,SUCCESS,1.0105,481,481,,2079.3569,419 420 421 425 7528 3884 8202 4941 8204 8206 8209 8210 7668 532 8211 8213 4275 1941 8214 8216 1841 7609 7855 7720 2713 7783 7780 7777 7774,
2820,2,r1000,552,1320,T2-r1000-3,231,3662,1287.2958,astar,5,SUCCESS,0.3661,133,133,,2079.3569,419 420 421 425 7528 3884 8202 4941 8204 8206 8209 8210 7668 532 8211 8213 4275 1941 8214 8216 1841 7609 7855 7720 2713 7783 7780 7777 7774,
2821,2,r1000,552,1320,T2-r1000-4,433,1099,998.1139,astar,1,SUCCESS,0.1925,51,51,,1209.8563,2706 682 9246 2723 520 517 514 512 2709 2713 7783 7780 7777 7774 7772 7762 7764 9433 9435 7749,
2822,2,r1000,552,1320,T2-r1000-4,433,1099,998.1139,dijkstra,1,SUCCESS,0.5778,305,305,,1209.8563,2706 682 9246 2723 520 517 514 512 2709 2713 7783 7780 7777 7774 7772 7762 7764 9433 9435 7749,
2823,2,r1000,552,1320,T2-r1000-4,433,1099,998.1139,dfs,1,TIMEOUT,2000.019,52990000,354,1890,,,
2824,2,r1000,552,1320,T2-r1000-4,433,1099,998.1139,dfs,2,TIMEOUT,2000.0537,53530000,354,1890,,,
2825,2,r1000,552,1320,T2-r1000-4,433,1099,998.1139,dijkstra,2,SUCCESS,0.7362,305,305,,1209.8563,2706 682 9246 2723 520 517 514 512 2709 2713 7783 7780 7777 7774 7772 7762 7764 9433 9435 7749,
2826,2,r1000,552,1320,T2-r1000-4,433,1099,998.1139,astar,2,SUCCESS,0.1545,51,51,,1209.8563,2706 682 9246 2723 520 517 514 512 2709 2713 7783 7780 7777 7774 7772 7762 7764 9433 9435 7749,
2827,2,r1000,552,1320,T2-r1000-4,433,1099,998.1139,dfs,3,TIMEOUT,2000.0395,53066000,354,1890,,,
2828,2,r1000,552,1320,T2-r1000-4,433,1099,998.1139,astar,3,SUCCESS,0.2796,51,51,,1209.8563,2706 682 9246 2723 520 517 514 512 2709 2713 7783 7780 7777 7774 7772 7762 7764 9433 9435 7749,
2829,2,r1000,552,1320,T2-r1000-4,433,1099,998.1139,dijkstra,3,SUCCESS,0.6286,305,305,,1209.8563,2706 682 9246 2723 520 517 514 512 2709 2713 7783 7780 7777 7774 7772 7762 7764 9433 9435 7749,
2830,2,r1000,552,1320,T2-r1000-4,433,1099,998.1139,astar,4,SUCCESS,0.1519,51,51,,1209.8563,2706 682 9246 2723 520 517 514 512 2709 2713 7783 7780 7777 7774 7772 7762 7764 9433 9435 7749,
2831,2,r1000,552,1320,T2-r1000-4,433,1099,998.1139,dfs,4,TIMEOUT,2000.0289,54230000,354,1890,,,
2832,2,r1000,552,1320,T2-r1000-4,433,1099,998.1139,dijkstra,4,SUCCESS,1.0021,305,305,,1209.8563,2706 682 9246 2723 520 517 514 512 2709 2713 7783 7780 7777 7774 7772 7762 7764 9433 9435 7749,
2833,2,r1000,552,1320,T2-r1000-4,433,1099,998.1139,dijkstra,5,SUCCESS,0.523,305,305,,1209.8563,2706 682 9246 2723 520 517 514 512 2709 2713 7783 7780 7777 7774 7772 7762 7764 9433 9435 7749,
2834,2,r1000,552,1320,T2-r1000-4,433,1099,998.1139,astar,5,SUCCESS,0.1066,51,51,,1209.8563,2706 682 9246 2723 520 517 514 512 2709 2713 7783 7780 7777 7774 7772 7762 7764 9433 9435 7749,
2835,2,r1000,552,1320,T2-r1000-4,433,1099,998.1139,dfs,5,TIMEOUT,2000.0334,55661000,354,1890,,,
2836,2,r1000,552,1320,T2-r1000-5,1518,876,952.0725,dfs,1,TIMEOUT,2000.0537,54767000,301,1,,,
2837,2,r1000,552,1320,T2-r1000-5,1518,876,952.0725,dijkstra,1,SUCCESS,0.7912,263,263,,1584.514,2596 2595 2833 2837 2871 2875 2839 2842 2845 2848 2854 2878 2884 4952 3879 3883 4938 4941 8204 8206 8209 8210 7667 7670 7673 7676 7679 1506 1508 1513 1516 1519,
2838,2,r1000,552,1320,T2-r1000-5,1518,876,952.0725,astar,1,SUCCESS,0.2978,130,130,,1584.514,2596 2595 2833 2837 2871 2875 2839 2842 2845 2848 2854 2878 2884 4952 3879 3883 4938 4941 8204 8206 8209 8210 7667 7670 7673 7676 7679 1506 1508 1513 1516 1519,
2839,2,r1000,552,1320,T2-r1000-5,1518,876,952.0725,dijkstra,2,SUCCESS,0.5087,263,263,,1584.514,2596 2595 2833 2837 2871 2875 2839 2842 2845 2848 2854 2878 2884 4952 3879 3883 4938 4941 8204 8206 8209 8210 7667 7670 7673 7676 7679 1506 1508 1513 1516 1519,
2840,2,r1000,552,1320,T2-r1000-5,1518,876,952.0725,dfs,2,TIMEOUT,2000.0434,55360000,301,1,,,
2841,2,r1000,552,1320,T2-r1000-5,1518,876,952.0725,astar,2,SUCCESS,0.3765,130,130,,1584.514,2596 2595 2833 2837 2871 2875 2839 2842 2845 2848 2854 2878 2884 4952 3879 3883 4938 4941 8204 8206 8209 8210 7667 7670 7673 7676 7679 1506 1508 1513 1516 1519,
2842,2,r1000,552,1320,T2-r1000-5,1518,876,952.0725,astar,3,SUCCESS,0.2995,130,130,,1584.514,2596 2595 2833 2837 2871 2875 2839 2842 2845 2848 2854 2878 2884 4952 3879 3883 4938 4941 8204 8206 8209 8210 7667 7670 7673 7676 7679 1506 1508 1513 1516 1519,
2843,2,r1000,552,1320,T2-r1000-5,1518,876,952.0725,dfs,3,TIMEOUT,2000.0406,55030000,301,1,,,
2844,2,r1000,552,1320,T2-r1000-5,1518,876,952.0725,dijkstra,3,SUCCESS,0.5646,263,263,,1584.514,2596 2595 2833 2837 2871 2875 2839 2842 2845 2848 2854 2878 2884 4952 3879 3883 4938 4941 8204 8206 8209 8210 7667 7670 7673 7676 7679 1506 1508 1513 1516 1519,
2845,2,r1000,552,1320,T2-r1000-5,1518,876,952.0725,dfs,4,TIMEOUT,2000.0456,55034000,301,1,,,
2846,2,r1000,552,1320,T2-r1000-5,1518,876,952.0725,dijkstra,4,SUCCESS,0.5945,263,263,,1584.514,2596 2595 2833 2837 2871 2875 2839 2842 2845 2848 2854 2878 2884 4952 3879 3883 4938 4941 8204 8206 8209 8210 7667 7670 7673 7676 7679 1506 1508 1513 1516 1519,
2847,2,r1000,552,1320,T2-r1000-5,1518,876,952.0725,astar,4,SUCCESS,0.2964,130,130,,1584.514,2596 2595 2833 2837 2871 2875 2839 2842 2845 2848 2854 2878 2884 4952 3879 3883 4938 4941 8204 8206 8209 8210 7667 7670 7673 7676 7679 1506 1508 1513 1516 1519,
2848,2,r1000,552,1320,T2-r1000-5,1518,876,952.0725,dfs,5,TIMEOUT,2000.0345,54645000,301,1,,,
2849,2,r1000,552,1320,T2-r1000-5,1518,876,952.0725,astar,5,SUCCESS,0.426,130,130,,1584.514,2596 2595 2833 2837 2871 2875 2839 2842 2845 2848 2854 2878 2884 4952 3879 3883 4938 4941 8204 8206 8209 8210 7667 7670 7673 7676 7679 1506 1508 1513 1516 1519,
2850,2,r1000,552,1320,T2-r1000-5,1518,876,952.0725,dijkstra,5,SUCCESS,0.5415,263,263,,1584.514,2596 2595 2833 2837 2871 2875 2839 2842 2845 2848 2854 2878 2884 4952 3879 3883 4938 4941 8204 8206 8209 8210 7667 7670 7673 7676 7679 1506 1508 1513 1516 1519,
2851,2,r1000,552,1320,T2-r1000-6,2276,875,1113.2473,dijkstra,1,SUCCESS,0.6873,347,347,,2036.7176,4301 4298 2891 5598 5597 1862 1270 8386 1893 1897 1900 1903 1906 1909 1912 1915 1918 1921 1924 1927 1932 5302 3180 3177 3174 3173 4292,
2852,2,r1000,552,1320,T2-r1000-6,2276,875,1113.2473,astar,1,SUCCESS,0.3612,96,96,,2036.7176,4301 4298 2891 5598 5597 1862 1270 8386 1893 1897 1900 1903 1906 1909 1912 1915 1918 1921 1924 1927 1932 5302 3180 3177 3174 3173 4292,
2853,2,r1000,552,1320,T2-r1000-6,2276,875,1113.2473,dfs,1,TIMEOUT,2000.0155,53112000,244,22820,,,
2854,2,r1000,552,1320,T2-r1000-6,2276,875,1113.2473,dijkstra,2,SUCCESS,0.8364,347,347,,2036.7176,4301 4298 2891 5598 5597 1862 1270 8386 1893 1897 1900 1903 1906 1909 1912 1915 1918 1921 1924 1927 1932 5302 3180 3177 3174 3173 4292,
2855,2,r1000,552,1320,T2-r1000-6,2276,875,1113.2473,astar,2,SUCCESS,0.3002,96,96,,2036.7176,4301 4298 2891 5598 5597 1862 1270 8386 1893 1897 1900 1903 1906 1909 1912 1915 1918 1921 1924 1927 1932 5302 3180 3177 3174 3173 4292,
2856,2,r1000,552,1320,T2-r1000-6,2276,875,1113.2473,dfs,2,TIMEOUT,2000.0387,53130000,244,22821,,,
2857,2,r1000,552,1320,T2-r1000-6,2276,875,1113.2473,dijkstra,3,SUCCESS,0.7324,347,347,,2036.7176,4301 4298 2891 5598 5597 1862 1270 8386 1893 1897 1900 1903 1906 1909 1912 1915 1918 1921 1924 1927 1932 5302 3180 3177 3174 3173 4292,
2858,2,r1000,552,1320,T2-r1000-6,2276,875,1113.2473,astar,3,SUCCESS,0.2349,96,96,,2036.7176,4301 4298 2891 5598 5597 1862 1270 8386 1893 1897 1900 1903 1906 1909 1912 1915 1918 1921 1924 1927 1932 5302 3180 3177 3174 3173 4292,
2859,2,r1000,552,1320,T2-r1000-6,2276,875,1113.2473,dfs,3,TIMEOUT,2000.0502,54454000,244,23179,,,
2860,2,r1000,552,1320,T2-r1000-6,2276,875,1113.2473,dijkstra,4,SUCCESS,0.7634,347,347,,2036.7176,4301 4298 2891 5598 5597 1862 1270 8386 1893 1897 1900 1903 1906 1909 1912 1915 1918 1921 1924 1927 1932 5302 3180 3177 3174 3173 4292,
2861,2,r1000,552,1320,T2-r1000-6,2276,875,1113.2473,dfs,4,TIMEOUT,2000.0356,53203000,244,22821,,,
2862,2,r1000,552,1320,T2-r1000-6,2276,875,1113.2473,astar,4,SUCCESS,0.5322,96,96,,2036.7176,4301 4298 2891 5598 5597 1862 1270 8386 1893 1897 1900 1903 1906 1909 1912 1915 1918 1921 1924 1927 1932 5302 3180 3177 3174 3173 4292,
2863,2,r1000,552,1320,T2-r1000-6,2276,875,1113.2473,dfs,5,TIMEOUT,2000.0388,53090000,244,22814,,,
2864,2,r1000,552,1320,T2-r1000-6,2276,875,1113.2473,astar,5,SUCCESS,0.3936,96,96,,2036.7176,4301 4298 2891 5598 5597 1862 1270 8386 1893 1897 1900 1903 1906 1909 1912 1915 1918 1921 1924 1927 1932 5302 3180 3177 3174 3173 4292,
2865,2,r1000,552,1320,T2-r1000-6,2276,875,1113.2473,dijkstra,5,SUCCESS,0.6752,347,347,,2036.7176,4301 4298 2891 5598 5597 1862 1270 8386 1893 1897 1900 1903 1906 1909 1912 1915 1918 1921 1924 1927 1932 5302 3180 3177 3174 3173 4292,
2866,2,r1000,552,1320,T2-r1000-7,4483,3581,1068.0738,astar,1,SUCCESS,0.1976,136,136,,1501.4839,10796 10366 2821 10369 10372 10375 7691 566 563 560 557 554 551 548 545 542 539 538 4570 414 415 417 419 420 421 425 7529 3880 4951 2882 2876 2853 2856 2860 10857,
2867,2,r1000,552,1320,T2-r1000-7,4483,3581,1068.0738,dfs,1,TIMEOUT,2000.0447,53546000,367,0,,,
2868,2,r1000,552,1320,T2-r1000-7,4483,3581,1068.0738,dijkstra,1,SUCCESS,1.5448,398,398,,1501.4839,10796 10366 2821 10369 10372 10375 7691 566 563 560 557 554 551 548 545 542 539 538 4570 414 415 417 419 420 421 425 7529 3880 4951 2882 2876 2853 2856 2860 10857,
2869,2,r1000,552,1320,T2-r1000-7,4483,3581,1068.0738,dijkstra,2,SUCCESS,0.8045,398,398,,1501.4839,10796 10366 2821 10369 10372 10375 7691 566 563 560 557 554 551 548 545 542 539 538 4570 414 415 417 419 420 421 425 7529 3880 4951 2882 2876 2853 2856 2860 10857,
2870,2,r1000,552,1320,T2-r1000-7,4483,3581,1068.0738,dfs,2,TIMEOUT,2000.0448,54233000,367,0,,,
2871,2,r1000,552,1320,T2-r1000-7,4483,3581,1068.0738,astar,2,SUCCESS,0.4174,136,136,,1501.4839,10796 10366 2821 10369 10372 10375 7691 566 563 560 557 554 551 548 545 542 539 538 4570 414 415 417 419 420 421 425 7529 3880 4951 2882 2876 2853 2856 2860 10857,
2872,2,r1000,552,1320,T2-r1000-7,4483,3581,1068.0738,dijkstra,3,SUCCESS,1.0616,398,398,,1501.4839,10796 10366 2821 10369 10372 10375 7691 566 563 560 557 554 551 548 545 542 539 538 4570 414 415 417 419 420 421 425 7529 3880 4951 2882 2876 2853 2856 2860 10857,
2873,2,r1000,552,1320,T2-r1000-7,4483,3581,1068.0738,dfs,3,TIMEOUT,2000.0514,53277000,367,0,,,
2874,2,r1000,552,1320,T2-r1000-7,4483,3581,1068.0738,astar,3,SUCCESS,0.4465,136,136,,1501.4839,10796 10366 2821 10369 10372 10375 7691 566 563 560 557 554 551 548 545 542 539 538 4570 414 415 417 419 420 421 425 7529 3880 4951 2882 2876 2853 2856 2860 10857,
2875,2,r1000,552,1320,T2-r1000-7,4483,3581,1068.0738,astar,4,SUCCESS,0.3449,136,136,,1501.4839,10796 10366 2821 10369 10372 10375 7691 566 563 560 557 554 551 548 545 542 539 538 4570 414 415 417 419 420 421 425 7529 3880 4951 2882 2876 2853 2856 2860 10857,
2876,2,r1000,552,1320,T2-r1000-7,4483,3581,1068.0738,dfs,4,TIMEOUT,2000.0313,53423000,367,0,,,
2877,2,r1000,552,1320,T2-r1000-7,4483,3581,1068.0738,dijkstra,4,SUCCESS,0.9158,398,398,,1501.4839,10796 10366 2821 10369 10372 10375 7691 566 563 560 557 554 551 548 545 542 539 538 4570 414 415 417 419 420 421 425 7529 3880 4951 2882 2876 2853 2856 2860 10857,
2878,2,r1000,552,1320,T2-r1000-7,4483,3581,1068.0738,dfs,5,TIMEOUT,2000.0467,53720000,367,0,,,
2879,2,r1000,552,1320,T2-r1000-7,4483,3581,1068.0738,dijkstra,5,SUCCESS,0.9584,398,398,,1501.4839,10796 10366 2821 10369 10372 10375 7691 566 563 560 557 554 551 548 545 542 539 538 4570 414 415 417 419 420 421 425 7529 3880 4951 2882 2876 2853 2856 2860 10857,
2880,2,r1000,552,1320,T2-r1000-7,4483,3581,1068.0738,astar,5,SUCCESS,0.3507,136,136,,1501.4839,10796 10366 2821 10369 10372 10375 7691 566 563 560 557 554 551 548 545 542 539 538 4570 414 415 417 419 420 421 425 7529 3880 4951 2882 2876 2853 2856 2860 10857,
2881,2,r1000,552,1320,T2-r1000-8,3648,1642,1246.9538,dfs,1,TIMEOUT,2000.0372,56198000,296,1,,,
2882,2,r1000,552,1320,T2-r1000-8,3648,1642,1246.9538,dijkstra,1,SUCCESS,0.9184,429,429,,1817.2203,9260 7723 7853 7722 7856 7608 7611 7604 7606 7622 7625 7627 3122 4573 535 414 415 417 419 420 421 425 7529 3880 4951 2882 2876 2852 2849,
2883,2,r1000,552,1320,T2-r1000-8,3648,1642,1246.9538,astar,1,SUCCESS,0.5828,228,228,,1817.2203,9260 7723 7853 7722 7856 7608 7611 7604 7606 7622 7625 7627 3122 4573 535 414 415 417 419 420 421 425 7529 3880 4951 2882 2876 2852 2849,
2884,2,r1000,552,1320,T2-r1000-8,3648,1642,1246.9538,dfs,2,TIMEOUT,2000.0521,55998000,296,1,,,
2885,2,r1000,552,1320,T2-r1000-8,3648,1642,1246.9538,astar,2,SUCCESS,0.721,228,228,,1817.2203,9260 7723 7853 7722 7856 7608 7611 7604 7606 7622 7625 7627 3122 4573 535 414 415 417 419 420 421 425 7529 3880 4951 2882 2876 2852 2849,
2886,2,r1000,552,1320,T2-r1000-8,3648,1642,1246.9538,dijkstra,2,SUCCESS,0.8078,429,429,,1817.2203,9260 7723 7853 7722 7856 7608 7611 7604 7606 7622 7625 7627 3122 4573 535 414 415 417 419 420 421 425 7529 3880 4951 2882 2876 2852 2849,
2887,2,r1000,552,1320,T2-r1000-8,3648,1642,1246.9538,dfs,3,TIMEOUT,2000.0317,54920000,296,1,,,
2888,2,r1000,552,1320,T2-r1000-8,3648,1642,1246.9538,dijkstra,3,SUCCESS,1.6023,429,429,,1817.2203,9260 7723 7853 7722 7856 7608 7611 7604 7606 7622 7625 7627 3122 4573 535 414 415 417 419 420 421 425 7529 3880 4951 2882 2876 2852 2849,
2889,2,r1000,552,1320,T2-r1000-8,3648,1642,1246.9538,astar,3,SUCCESS,0.7464,228,228,,1817.2203,9260 7723 7853 7722 7856 7608 7611 7604 7606 7622 7625 7627 3122 4573 535 414 415 417 419 420 421 425 7529 3880 4951 2882 2876 2852 2849,
2890,2,r1000,552,1320,T2-r1000-8,3648,1642,1246.9538,astar,4,SUCCESS,0.6037,228,228,,1817.2203,9260 7723 7853 7722 7856 7608 7611 7604 7606 7622 7625 7627 3122 4573 535 414 415 417 419 420 421 425 7529 3880 4951 2882 2876 2852 2849,
2891,2,r1000,552,1320,T2-r1000-8,3648,1642,1246.9538,dijkstra,4,SUCCESS,0.7276,429,429,,1817.2203,9260 7723 7853 7722 7856 7608 7611 7604 7606 7622 7625 7627 3122 4573 535 414 415 417 419 420 421 425 7529 3880 4951 2882 2876 2852 2849,
2892,2,r1000,552,1320,T2-r1000-8,3648,1642,1246.9538,dfs,4,TIMEOUT,2000.0355,55141000,296,1,,,
2893,2,r1000,552,1320,T2-r1000-8,3648,1642,1246.9538,astar,5,SUCCESS,1.3532,228,228,,1817.2203,9260 7723 7853 7722 7856 7608 7611 7604 7606 7622 7625 7627 3122 4573 535 414 415 417 419 420 421 425 7529 3880 4951 2882 2876 2852 2849,
2894,2,r1000,552,1320,T2-r1000-8,3648,1642,1246.9538,dfs,5,TIMEOUT,2000.03,35078000,295,0,,,
2895,2,r1000,552,1320,T2-r1000-8,3648,1642,1246.9538,dijkstra,5,SUCCESS,1.6281,429,429,,1817.2203,9260 7723 7853 7722 7856 7608 7611 7604 7606 7622 7625 7627 3122 4573 535 414 415 417 419 420 421 425 7529 3880 4951 2882 2876 2852 2849,
2896,2,r1000,552,1320,T2-r1000-9,2260,1622,833.7593,astar,1,SUCCESS,0.29,75,75,,1118.7505,10383 4244 4240 4238 4207 4204 4201 1924 1927 1930 1934 1939 8284 8218 7623 3125 3109 2742 7695 7692 2801 2800,
2897,2,r1000,552,1320,T2-r1000-9,2260,1622,833.7593,dfs,1,TIMEOUT,2000.07,35624000,173,0,,,
2898,2,r1000,552,1320,T2-r1000-9,2260,1622,833.7593,dijkstra,1,SUCCESS,1.5083,236,236,,1118.7505,10383 4244 4240 4238 4207 4204 4201 1924 1927 1930 1934 1939 8284 8218 7623 3125 3109 2742 7695 7692 2801 2800,
2899,2,r1000,552,1320,T2-r1000-9,2260,1622,833.7593,astar,2,SUCCESS,0.3681,75,75,,1118.7505,10383 4244 4240 4238 4207 4204 4201 1924 1927 1930 1934 1939 8284 8218 7623 3125 3109 2742 7695 7692 2801 2800,
2900,2,r1000,552,1320,T2-r1000-9,2260,1622,833.7593,dijkstra,2,SUCCESS,0.9874,236,236,,1118.7505,10383 4244 4240 4238 4207 4204 4201 1924 1927 1930 1934 1939 8284 8218 7623 3125 3109 2742 7695 7692 2801 2800,
2901,2,r1000,552,1320,T2-r1000-9,2260,1622,833.7593,dfs,2,TIMEOUT,2000.0462,31129000,173,0,,,
2902,2,r1000,552,1320,T2-r1000-9,2260,1622,833.7593,dijkstra,3,SUCCESS,0.9758,236,236,,1118.7505,10383 4244 4240 4238 4207 4204 4201 1924 1927 1930 1934 1939 8284 8218 7623 3125 3109 2742 7695 7692 2801 2800,
2903,2,r1000,552,1320,T2-r1000-9,2260,1622,833.7593,dfs,3,TIMEOUT,2000.1005,30878000,173,0,,,
2904,2,r1000,552,1320,T2-r1000-9,2260,1622,833.7593,astar,3,SUCCESS,0.5013,75,75,,1118.7505,10383 4244 4240 4238 4207 4204 4201 1924 1927 1930 1934 1939 8284 8218 7623 3125 3109 2742 7695 7692 2801 2800,
2905,2,r1000,552,1320,T2-r1000-9,2260,1622,833.7593,dfs,4,TIMEOUT,2000.0381,31025000,173,0,,,
2906,2,r1000,552,1320,T2-r1000-9,2260,1622,833.7593,astar,4,SUCCESS,0.5096,75,75,,1118.7505,10383 4244 4240 4238 4207 4204 4201 1924 1927 1930 1934 1939 8284 8218 7623 3125 3109 2742 7695 7692 2801 2800,
2907,2,r1000,552,1320,T2-r1000-9,2260,1622,833.7593,dijkstra,4,SUCCESS,1.0817,236,236,,1118.7505,10383 4244 4240 4238 4207 4204 4201 1924 1927 1930 1934 1939 8284 8218 7623 3125 3109 2742 7695 7692 2801 2800,
2908,2,r1000,552,1320,T2-r1000-9,2260,1622,833.7593,dijkstra,5,SUCCESS,0.6569,236,236,,1118.7505,10383 4244 4240 4238 4207 4204 4201 1924 1927 1930 1934 1939 8284 8218 7623 3125 3109 2742 7695 7692 2801 2800,
2909,2,r1000,552,1320,T2-r1000-9,2260,1622,833.7593,dfs,5,TIMEOUT,2000.0632,33762000,173,0,,,
2910,2,r1000,552,1320,T2-r1000-9,2260,1622,833.7593,astar,5,SUCCESS,0.484,75,75,,1118.7505,10383 4244 4240 4238 4207 4204 4201 1924 1927 1930 1934 1939 8284 8218 7623 3125 3109 2742 7695 7692 2801 2800,
2911,2,r1000,552,1320,T2-r1000-10,1645,1122,965.4343,dfs,1,TIMEOUT,2000.0377,35728000,386,0,,,
2912,2,r1000,552,1320,T2-r1000-10,1645,1122,965.4343,astar,1,SUCCESS,0.9605,121,121,,1457.5281,2878 2884 4952 3879 3883 4938 4941 8204 8206 8209 8210 7667 7670 7673 7676 7679 1506 1510 4260 4263 4267 4284 4288 4279 3184 1936 1933 1929 1926 1923 1922,
2913,2,r1000,552,1320,T2-r1000-10,1645,1122,965.4343,dijkstra,1,SUCCESS,0.9944,360,360,,1457.5281,2878 2884 4952 3879 3883 4938 4941 8204 8206 8209 8210 7667 7670 7673 7676 7679 1506 1510 4260 4263 4267 4284 4288 4279 3184 1936 1933 1929 1926 1923 1922,
2914,2,r1000,552,1320,T2-r1000-10,1645,1122,965.4343,dijkstra,2,SUCCESS,1.0012,360,360,,1457.5281,2878 2884 4952 3879 3883 4938 4941 8204 8206 8209 8210 7667 7670 7673 7676 7679 1506 1510 4260 4263 4267 4284 4288 4279 3184 1936 1933 1929 1926 1923 1922,
2915,2,r1000,552,1320,T2-r1000-10,1645,1122,965.4343,astar,2,SUCCESS,0.4008,121,121,,1457.5281,2878 2884 4952 3879 3883 4938 4941 8204 8206 8209 8210 7667 7670 7673 7676 7679 1506 1510 4260 4263 4267 4284 4288 4279 3184 1936 1933 1929 1926 1923 1922,
2916,2,r1000,552,1320,T2-r1000-10,1645,1122,965.4343,dfs,2,TIMEOUT,2000.0621,34764000,386,0,,,
2917,2,r1000,552,1320,T2-r1000-10,1645,1122,965.4343,dfs,3,TIMEOUT,2000.0551,35676000,386,0,,,
2918,2,r1000,552,1320,T2-r1000-10,1645,1122,965.4343,astar,3,SUCCESS,0.7055,121,121,,1457.5281,2878 2884 4952 3879 3883 4938 4941 8204 8206 8209 8210 7667 7670 7673 7676 7679 1506 1510 4260 4263 4267 4284 4288 4279 3184 1936 1933 1929 1926 1923 1922,
2919,2,r1000,552,1320,T2-r1000-10,1645,1122,965.4343,dijkstra,3,SUCCESS,0.9251,360,360,,1457.5281,2878 2884 4952 3879 3883 4938 4941 8204 8206 8209 8210 7667 7670 7673 7676 7679 1506 1510 4260 4263 4267 4284 4288 4279 3184 1936 1933 1929 1926 1923 1922,
2920,2,r1000,552,1320,T2-r1000-10,1645,1122,965.4343,dfs,4,TIMEOUT,2000.0294,36032000,386,0,,,
2921,2,r1000,552,1320,T2-r1000-10,1645,1122,965.4343,dijkstra,4,SUCCESS,1.488,360,360,,1457.5281,2878 2884 4952 3879 3883 4938 4941 8204 8206 8209 8210 7667 7670 7673 7676 7679 1506 1510 4260 4263 4267 4284 4288 4279 3184 1936 1933 1929 1926 1923 1922,
2922,2,r1000,552,1320,T2-r1000-10,1645,1122,965.4343,astar,4,SUCCESS,0.4551,121,121,,1457.5281,2878 2884 4952 3879 3883 4938 4941 8204 8206 8209 8210 7667 7670 7673 7676 7679 1506 1510 4260 4263 4267 4284 4288 4279 3184 1936 1933 1929 1926 1923 1922,
2923,2,r1000,552,1320,T2-r1000-10,1645,1122,965.4343,dfs,5,TIMEOUT,2000.0498,33142000,386,0,,,
2924,2,r1000,552,1320,T2-r1000-10,1645,1122,965.4343,astar,5,SUCCESS,0.6063,121,121,,1457.5281,2878 2884 4952 3879 3883 4938 4941 8204 8206 8209 8210 7667 7670 7673 7676 7679 1506 1510 4260 4263 4267 4284 4288 4279 3184 1936 1933 1929 1926 1923 1922,
2925,2,r1000,552,1320,T2-r1000-10,1645,1122,965.4343,dijkstra,5,SUCCESS,1.5574,360,360,,1457.5281,2878 2884 4952 3879 3883 4938 4941 8204 8206 8209 8210 7667 7670 7673 7676 7679 1506 1510 4260 4263 4267 4284 4288 4279 3184 1936 1933 1929 1926 1923 1922,
2926,2,r2000,1573,3736,T2-r2000-1,4178,2860,1605.889,dijkstra,1,SUCCESS,6.715,1302,1302,,2701.0982,9407 9378 9381 9385 9413 9361 2685 2683 2673 4575 2670 2658 1480 425 7528 3884 8202 4941 8204 8206 8209 8210 7667 7670 7673 7676 7679 1506 1510 4260 4263 4267 4284 4288 4279 3184 1936 1933 1929 1926 1923 1920 1917 1914 1911 1908 1905 1902 1899 1896 1895 8385 1268 1861 1857 1854 1853 10655,
2927,2,r2000,1573,3736,T2-r2000-1,4178,2860,1605.889,astar,1,SUCCESS,0.5404,343,343,,2701.0982,9407 9378 9381 9385 9413 9361 2685 2683 2673 4575 2670 2658 1480 425 7528 3884 8202 4941 8204 8206 8209 8210 7667 7670 7673 7676 7679 1506 1510 4260 4263 4267 4284 4288 4279 3184 1936 1933 1929 1926 1923 1920 1917 1914 1911 1908 1905 1902 1899 1896 1895 8385 1268 1861 1857 1854 1853 10655,
2928,2,r2000,1573,3736,T2-r2000-1,4178,2860,1605.889,dfs,1,TIMEOUT,2000.0802,31210000,601,0,,,
2929,2,r2000,1573,3736,T2-r2000-1,4178,2860,1605.889,dfs,2,TIMEOUT,2000.0693,28286000,601,0,,,
2930,2,r2000,1573,3736,T2-r2000-1,4178,2860,1605.889,astar,2,SUCCESS,1.6902,343,343,,2701.0982,9407 9378 9381 9385 9413 9361 2685 2683 2673 4575 2670 2658 1480 425 7528 3884 8202 4941 8204 8206 8209 8210 7667 7670 7673 7676 7679 1506 1510 4260 4263 4267 4284 4288 4279 3184 1936 1933 1929 1926 1923 1920 1917 1914 1911 1908 1905 1902 1899 1896 1895 8385 1268 1861 1857 1854 1853 10655,
2931,2,r2000,1573,3736,T2-r2000-1,4178,2860,1605.889,dijkstra,2,SUCCESS,4.7101,1302,1302,,2701.0982,9407 9378 9381 9385 9413 9361 2685 2683 2673 4575 2670 2658 1480 425 7528 3884 8202 4941 8204 8206 8209 8210 7667 7670 7673 7676 7679 1506 1510 4260 4263 4267 4284 4288 4279 3184 1936 1933 1929 1926 1923 1920 1917 1914 1911 1908 1905 1902 1899 1896 1895 8385 1268 1861 1857 1854 1853 10655,
2932,2,r2000,1573,3736,T2-r2000-1,4178,2860,1605.889,dfs,3,TIMEOUT,2000.0531,27382000,601,0,,,
2933,2,r2000,1573,3736,T2-r2000-1,4178,2860,1605.889,astar,3,SUCCESS,1.4483,343,343,,2701.0982,9407 9378 9381 9385 9413 9361 2685 2683 2673 4575 2670 2658 1480 425 7528 3884 8202 4941 8204 8206 8209 8210 7667 7670 7673 7676 7679 1506 1510 4260 4263 4267 4284 4288 4279 3184 1936 1933 1929 1926 1923 1920 1917 1914 1911 1908 1905 1902 1899 1896 1895 8385 1268 1861 1857 1854 1853 10655,
2934,2,r2000,1573,3736,T2-r2000-1,4178,2860,1605.889,dijkstra,3,SUCCESS,3.4858,1302,1302,,2701.0982,9407 9378 9381 9385 9413 9361 2685 2683 2673 4575 2670 2658 1480 425 7528 3884 8202 4941 8204 8206 8209 8210 7667 7670 7673 7676 7679 1506 1510 4260 4263 4267 4284 4288 4279 3184 1936 1933 1929 1926 1923 1920 1917 1914 1911 1908 1905 1902 1899 1896 1895 8385 1268 1861 1857 1854 1853 10655,
2935,2,r2000,1573,3736,T2-r2000-1,4178,2860,1605.889,dijkstra,4,SUCCESS,3.3737,1302,1302,,2701.0982,9407 9378 9381 9385 9413 9361 2685 2683 2673 4575 2670 2658 1480 425 7528 3884 8202 4941 8204 8206 8209 8210 7667 7670 7673 7676 7679 1506 1510 4260 4263 4267 4284 4288 4279 3184 1936 1933 1929 1926 1923 1920 1917 1914 1911 1908 1905 1902 1899 1896 1895 8385 1268 1861 1857 1854 1853 10655,
2936,2,r2000,1573,3736,T2-r2000-1,4178,2860,1605.889,astar,4,SUCCESS,2.1669,343,343,,2701.0982,9407 9378 9381 9385 9413 9361 2685 2683 2673 4575 2670 2658 1480 425 7528 3884 8202 4941 8204 8206 8209 8210 7667 7670 7673 7676 7679 1506 1510 4260 4263 4267 4284 4288 4279 3184 1936 1933 1929 1926 1923 1920 1917 1914 1911 1908 1905 1902 1899 1896 1895 8385 1268 1861 1857 1854 1853 10655,
2937,2,r2000,1573,3736,T2-r2000-1,4178,2860,1605.889,dfs,4,TIMEOUT,2000.0333,30088000,601,0,,,
2938,2,r2000,1573,3736,T2-r2000-1,4178,2860,1605.889,dijkstra,5,SUCCESS,5.4781,1302,1302,,2701.0982,9407 9378 9381 9385 9413 9361 2685 2683 2673 4575 2670 2658 1480 425 7528 3884 8202 4941 8204 8206 8209 8210 7667 7670 7673 7676 7679 1506 1510 4260 4263 4267 4284 4288 4279 3184 1936 1933 1929 1926 1923 1920 1917 1914 1911 1908 1905 1902 1899 1896 1895 8385 1268 1861 1857 1854 1853 10655,
2939,2,r2000,1573,3736,T2-r2000-1,4178,2860,1605.889,astar,5,SUCCESS,1.6374,343,343,,2701.0982,9407 9378 9381 9385 9413 9361 2685 2683 2673 4575 2670 2658 1480 425 7528 3884 8202 4941 8204 8206 8209 8210 7667 7670 7673 7676 7679 1506 1510 4260 4263 4267 4284 4288 4279 3184 1936 1933 1929 1926 1923 1920 1917 1914 1911 1908 1905 1902 1899 1896 1895 8385 1268 1861 1857 1854 1853 10655,
2940,2,r2000,1573,3736,T2-r2000-1,4178,2860,1605.889,dfs,5,TIMEOUT,2000.0875,30651000,601,0,,,
2941,2,r2000,1573,3736,T2-r2000-2,662,4183,2439.3821,astar,1,SUCCESS,2.6601,1071,1071,,3804.6466,4699 1192 6210 8177 8173 6206 8170 8167 6202 3093 3090 3087 3084 3081 3077 3073 3070 3067 3066 7597 4160 7599 7602 8291 8290 2697 2700 2703 2706 685 2774 2778 2782 2751 2786 2742 7695 7692 2802 7691 569 7685 3289 10607 9716 9725 9719 9721 8424 8232 8229 3762 8227 8225 4567 2641 8222 8219 2688 2687 9363 9412 9384 9387 9391,
2942,2,r2000,1573,3736,T2-r2000-2,662,4183,2439.3821,dijkstra,1,SUCCESS,4.5199,1452,1452,,3804.6466,4699 1192 6210 8177 8173 6206 8170 8167 6202 3093 3090 3087 3084 3081 3077 3073 3070 3067 3066 7597 4160 7599 7602 8291 8290 2697 2700 2703 2706 685 2774 2778 2782 2751 2786 2742 7695 7692 2802 7691 569 7685 3289 10607 9716 9725 9719 9721 8424 8232 8229 3762 8227 8225 4567 2641 8222 8219 2688 2687 9363 9412 9384 9387 9391,
2943,2,r2000,1573,3736,T2-r2000-2,662,4183,2439.3821,dfs,1,TIMEOUT,2000.0908,26660000,1036,190128,,,
2944,2,r2000,1573,3736,T2-r2000-2,662,4183,2439.3821,dfs,2,TIMEOUT,2000.0946,29418000,1036,190128,,,
2945,2,r2000,1573,3736,T2-r2000-2,662,4183,2439.3821,astar,2,SUCCESS,5.0063,1071,1071,,3804.6466,4699 1192 6210 8177 8173 6206 8170 8167 6202 3093 3090 3087 3084 3081 3077 3073 3070 3067 3066 7597 4160 7599 7602 8291 8290 2697 2700 2703 2706 685 2774 2778 2782 2751 2786 2742 7695 7692 2802 7691 569 7685 3289 10607 9716 9725 9719 9721 8424 8232 8229 3762 8227 8225 4567 2641 8222 8219 2688 2687 9363 9412 9384 9387 9391,
2946,2,r2000,1573,3736,T2-r2000-2,662,4183,2439.3821,dijkstra,2,SUCCESS,3.3108,1452,1452,,3804.6466,4699 1192 6210 8177 8173 6206 8170 8167 6202 3093 3090 3087 3084 3081 3077 3073 3070 3067 3066 7597 4160 7599 7602 8291 8290 2697 2700 2703 2706 685 2774 2778 2782 2751 2786 2742 7695 7692 2802 7691 569 7685 3289 10607 9716 9725 9719 9721 8424 8232 8229 3762 8227 8225 4567 2641 8222 8219 2688 2687 9363 9412 9384 9387 9391,
2947,2,r2000,1573,3736,T2-r2000-2,662,4183,2439.3821,dfs,3,TIMEOUT,2000.0448,28834000,1036,190128,,,
2948,2,r2000,1573,3736,T2-r2000-2,662,4183,2439.3821,dijkstra,3,SUCCESS,4.9214,1452,1452,,3804.6466,4699 1192 6210 8177 8173 6206 8170 8167 6202 3093 3090 3087 3084 3081 3077 3073 3070 3067 3066 7597 4160 7599 7602 8291 8290 2697 2700 2703 2706 685 2774 2778 2782 2751 2786 2742 7695 7692 2802 7691 569 7685 3289 10607 9716 9725 9719 9721 8424 8232 8229 3762 8227 8225 4567 2641 8222 8219 2688 2687 9363 9412 9384 9387 9391,
2949,2,r2000,1573,3736,T2-r2000-2,662,4183,2439.3821,astar,3,SUCCESS,5.3406,1071,1071,,3804.6466,4699 1192 6210 8177 8173 6206 8170 8167 6202 3093 3090 3087 3084 3081 3077 3073 3070 3067 3066 7597 4160 7599 7602 8291 8290 2697 2700 2703 2706 685 2774 2778 2782 2751 2786 2742 7695 7692 2802 7691 569 7685 3289 10607 9716 9725 9719 9721 8424 8232 8229 3762 8227 8225 4567 2641 8222 8219 2688 2687 9363 9412 9384 9387 9391,
2950,2,r2000,1573,3736,T2-r2000-2,662,4183,2439.3821,astar,4,SUCCESS,2.1057,1071,1071,,3804.6466,4699 1192 6210 8177 8173 6206 8170 8167 6202 3093 3090 3087 3084 3081 3077 3073 3070 3067 3066 7597 4160 7599 7602 8291 8290 2697 2700 2703 2706 685 2774 2778 2782 2751 2786 2742 7695 7692 2802 7691 569 7685 3289 10607 9716 9725 9719 9721 8424 8232 8229 3762 8227 8225 4567 2641 8222 8219 2688 2687 9363 9412 9384 9387 9391,
2951,2,r2000,1573,3736,T2-r2000-2,662,4183,2439.3821,dijkstra,4,SUCCESS,1.2825,1452,1452,,3804.6466,4699 1192 6210 8177 8173 6206 8170 8167 6202 3093 3090 3087 3084 3081 3077 3073 3070 3067 3066 7597 4160 7599 7602 8291 8290 2697 2700 2703 2706 685 2774 2778 2782 2751 2786 2742 7695 7692 2802 7691 569 7685 3289 10607 9716 9725 9719 9721 8424 8232 8229 3762 8227 8225 4567 2641 8222 8219 2688 2687 9363 9412 9384 9387 9391,
2952,2,r2000,1573,3736,T2-r2000-2,662,4183,2439.3821,dfs,4,TIMEOUT,2000.0821,29986000,1036,190128,,,
2953,2,r2000,1573,3736,T2-r2000-2,662,4183,2439.3821,astar,5,SUCCESS,4.53,1071,1071,,3804.6466,4699 1192 6210 8177 8173 6206 8170 8167 6202 3093 3090 3087 3084 3081 3077 3073 3070 3067 3066 7597 4160 7599 7602 8291 8290 2697 2700 2703 2706 685 2774 2778 2782 2751 2786 2742 7695 7692 2802 7691 569 7685 3289 10607 9716 9725 9719 9721 8424 8232 8229 3762 8227 8225 4567 2641 8222 8219 2688 2687 9363 9412 9384 9387 9391,
2954,2,r2000,1573,3736,T2-r2000-2,662,4183,2439.3821,dijkstra,5,SUCCESS,4.2707,1452,1452,,3804.6466,4699 1192 6210 8177 8173 6206 8170 8167 6202 3093 3090 3087 3084 3081 3077 3073 3070 3067 3066 7597 4160 7599 7602 8291 8290 2697 2700 2703 2706 685 2774 2778 2782 2751 2786 2742 7695 7692 2802 7691 569 7685 3289 10607 9716 9725 9719 9721 8424 8232 8229 3762 8227 8225 4567 2641 8222 8219 2688 2687 9363 9412 9384 9387 9391,
2955,2,r2000,1573,3736,T2-r2000-2,662,4183,2439.3821,dfs,5,TIMEOUT,2000.1467,29861000,1036,190128,,,
2956,2,r2000,1573,3736,T2-r2000-3,673,4604,2657.4291,dfs,1,TIMEOUT,2000.0453,32340000,949,0,,,
2957,2,r2000,1573,3736,T2-r2000-3,673,4604,2657.4291,dijkstra,1,SUCCESS,4.2121,1095,1095,,3506.094,10034 1207 1204 1201 1198 1195 10011 10027 10008 10024 7867 1846 1849 1852 1855 1858 1862 1270 8386 1894 7738 7735 7732 7729 7726 7723 7853 7722 7856 7608 7610 7612 7614 523 2720 2717 2714 2694 2698 8288 2823 7961 2829 2828 4141 4144 3003 3000 2997 2993 2990 2989 10848,
2958,2,r2000,1573,3736,T2-r2000-3,673,4604,2657.4291,astar,1,SUCCESS,1.8129,432,432,,3506.094,10034 1207 1204 1201 1198 1195 10011 10027 10008 10024 7867 1846 1849 1852 1855 1858 1862 1270 8386 1894 7738 7735 7732 7729 7726 7723 7853 7722 7856 7608 7610 7612 7614 523 2720 2717 2714 2694 2698 8288 2823 7961 2829 2828 4141 4144 3003 3000 2997 2993 2990 2989 10848,
2959,2,r2000,1573,3736,T2-r2000-3,673,4604,2657.4291,dijkstra,2,SUCCESS,2.5116,1095,1095,,3506.094,10034 1207 1204 1201 1198 1195 10011 10027 10008 10024 7867 1846 1849 1852 1855 1858 1862 1270 8386 1894 7738 7735 7732 7729 7726 7723 7853 7722 7856 7608 7610 7612 7614 523 2720 2717 2714 2694 2698 8288 2823 7961 2829 2828 4141 4144 3003 3000 2997 2993 2990 2989 10848,
2960,2,r2000,1573,3736,T2-r2000-3,673,4604,2657.4291,astar,2,SUCCESS,1.5161,432,432,,3506.094,10034 1207 1204 1201 1198 1195 10011 10027 10008 10024 7867 1846 1849 1852 1855 1858 1862 1270 8386 1894 7738 7735 7732 7729 7726 7723 7853 7722 7856 7608 7610 7612 7614 523 2720 2717 2714 2694 2698 8288 2823 7961 2829 2828 4141 4144 3003 3000 2997 2993 2990 2989 10848,
2961,2,r2000,1573,3736,T2-r2000-3,673,4604,2657.4291,dfs,2,TIMEOUT,2000.0688,34945000,949,0,,,
2962,2,r2000,1573,3736,T2-r2000-3,673,4604,2657.4291,dijkstra,3,SUCCESS,3.2771,1095,1095,,3506.094,10034 1207 1204 1201 1198 1195 10011 10027 10008 10024 7867 1846 1849 1852 1855 1858 1862 1270 8386 1894 7738 7735 7732 7729 7726 7723 7853 7722 7856 7608 7610 7612 7614 523 2720 2717 2714 2694 2698 8288 2823 7961 2829 2828 4141 4144 3003 3000 2997 2993 2990 2989 10848,
2963,2,r2000,1573,3736,T2-r2000-3,673,4604,2657.4291,astar,3,SUCCESS,2.311,432,432,,3506.094,10034 1207 1204 1201 1198 1195 10011 10027 10008 10024 7867 1846 1849 1852 1855 1858 1862 1270 8386 1894 7738 7735 7732 7729 7726 7723 7853 7722 7856 7608 7610 7612 7614 523 2720 2717 2714 2694 2698 8288 2823 7961 2829 2828 4141 4144 3003 3000 2997 2993 2990 2989 10848,
2964,2,r2000,1573,3736,T2-r2000-3,673,4604,2657.4291,dfs,3,TIMEOUT,2000.0889,34494000,949,0,,,
2965,2,r2000,1573,3736,T2-r2000-3,673,4604,2657.4291,astar,4,SUCCESS,1.7911,432,432,,3506.094,10034 1207 1204 1201 1198 1195 10011 10027 10008 10024 7867 1846 1849 1852 1855 1858 1862 1270 8386 1894 7738 7735 7732 7729 7726 7723 7853 7722 7856 7608 7610 7612 7614 523 2720 2717 2714 2694 2698 8288 2823 7961 2829 2828 4141 4144 3003 3000 2997 2993 2990 2989 10848,
2966,2,r2000,1573,3736,T2-r2000-3,673,4604,2657.4291,dijkstra,4,SUCCESS,3.1153,1095,1095,,3506.094,10034 1207 1204 1201 1198 1195 10011 10027 10008 10024 7867 1846 1849 1852 1855 1858 1862 1270 8386 1894 7738 7735 7732 7729 7726 7723 7853 7722 7856 7608 7610 7612 7614 523 2720 2717 2714 2694 2698 8288 2823 7961 2829 2828 4141 4144 3003 3000 2997 2993 2990 2989 10848,
2967,2,r2000,1573,3736,T2-r2000-3,673,4604,2657.4291,dfs,4,TIMEOUT,2000.0622,31798000,949,0,,,
2968,2,r2000,1573,3736,T2-r2000-3,673,4604,2657.4291,dijkstra,5,SUCCESS,3.7418,1095,1095,,3506.094,10034 1207 1204 1201 1198 1195 10011 10027 10008 10024 7867 1846 1849 1852 1855 1858 1862 1270 8386 1894 7738 7735 7732 7729 7726 7723 7853 7722 7856 7608 7610 7612 7614 523 2720 2717 2714 2694 2698 8288 2823 7961 2829 2828 4141 4144 3003 3000 2997 2993 2990 2989 10848,
2969,2,r2000,1573,3736,T2-r2000-3,673,4604,2657.4291,astar,5,SUCCESS,1.7301,432,432,,3506.094,10034 1207 1204 1201 1198 1195 10011 10027 10008 10024 7867 1846 1849 1852 1855 1858 1862 1270 8386 1894 7738 7735 7732 7729 7726 7723 7853 7722 7856 7608 7610 7612 7614 523 2720 2717 2714 2694 2698 8288 2823 7961 2829 2828 4141 4144 3003 3000 2997 2993 2990 2989 10848,
2970,2,r2000,1573,3736,T2-r2000-3,673,4604,2657.4291,dfs,5,TIMEOUT,2000.0623,33220000,949,0,,,
2971,2,r2000,1573,3736,T2-r2000-4,642,325,1726.9418,dfs,1,TIMEOUT,2000.0656,29280000,976,8,,,
2972,2,r2000,1573,3736,T2-r2000-4,642,325,1726.9418,dijkstra,1,SUCCESS,2.4322,678,678,,2009.7532,8402 8405 8408 8411 8414 8814 7763 7773 7775 7778 7781 7784 2711 2708 511 515 518 521 7604 7606 7622 7625 7627 3122 4572,
2973,2,r2000,1573,3736,T2-r2000-4,642,325,1726.9418,astar,1,SUCCESS,0.5439,138,138,,2009.7532,8402 8405 8408 8411 8414 8814 7763 7773 7775 7778 7781 7784 2711 2708 511 515 518 521 7604 7606 7622 7625 7627 3122 4572,
2974,2,r2000,1573,3736,T2-r2000-4,642,325,1726.9418,astar,2,SUCCESS,0.4232,138,138,,2009.7532,8402 8405 8408 8411 8414 8814 7763 7773 7775 7778 7781 7784 2711 2708 511 515 518 521 7604 7606 7622 7625 7627 3122 4572,
2975,2,r2000,1573,3736,T2-r2000-4,642,325,1726.9418,dfs,2,TIMEOUT,2000.1197,29474000,976,8,,,
2976,2,r2000,1573,3736,T2-r2000-4,642,325,1726.9418,dijkstra,2,SUCCESS,3.5351,678,678,,2009.7532,8402 8405 8408 8411 8414 8814 7763 7773 7775 7778 7781 7784 2711 2708 511 515 518 521 7604 7606 7622 7625 7627 3122 4572,
2977,2,r2000,1573,3736,T2-r2000-4,642,325,1726.9418,dfs,3,TIMEOUT,2000.0541,29855000,976,8,,,
2978,2,r2000,1573,3736,T2-r2000-4,642,325,1726.9418,dijkstra,3,SUCCESS,2.6141,678,678,,2009.7532,8402 8405 8408 8411 8414 8814 7763 7773 7775 7778 7781 7784 2711 2708 511 515 518 521 7604 7606 7622 7625 7627 3122 4572,
2979,2,r2000,1573,3736,T2-r2000-4,642,325,1726.9418,astar,3,SUCCESS,0.5917,138,138,,2009.7532,8402 8405 8408 8411 8414 8814 7763 7773 7775 7778 7781 7784 2711 2708 511 515 518 521 7604 7606 7622 7625 7627 3122 4572,
2980,2,r2000,1573,3736,T2-r2000-4,642,325,1726.9418,dijkstra,4,SUCCESS,2.0442,678,678,,2009.7532,8402 8405 8408 8411 8414 8814 7763 7773 7775 7778 7781 7784 2711 2708 511 515 518 521 7604 7606 7622 7625 7627 3122 4572,
2981,2,r2000,1573,3736,T2-r2000-4,642,325,1726.9418,astar,4,SUCCESS,0.5724,138,138,,2009.7532,8402 8405 8408 8411 8414 8814 7763 7773 7775 7778 7781 7784 2711 2708 511 515 518 521 7604 7606 7622 7625 7627 3122 4572,
2982,2,r2000,1573,3736,T2-r2000-4,642,325,1726.9418,dfs,4,TIMEOUT,2000.0746,31238000,976,8,,,
2983,2,r2000,1573,3736,T2-r2000-4,642,325,1726.9418,dfs,5,TIMEOUT,2000.0525,36532000,976,8,,,
2984,2,r2000,1573,3736,T2-r2000-4,642,325,1726.9418,dijkstra,5,SUCCESS,1.0605,678,678,,2009.7532,8402 8405 8408 8411 8414 8814 7763 7773 7775 7778 7781 7784 2711 2708 511 515 518 521 7604 7606 7622 7625 7627 3122 4572,
2985,2,r2000,1573,3736,T2-r2000-4,642,325,1726.9418,astar,5,SUCCESS,0.5062,138,138,,2009.7532,8402 8405 8408 8411 8414 8814 7763 7773 7775 7778 7781 7784 2711 2708 511 515 518 521 7604 7606 7622 7625 7627 3122 4572,
2986,2,r2000,1573,3736,T2-r2000-5,341,2843,1732.0115,dfs,1,TIMEOUT,2000.0267,83512000,776,3802,,,
2987,2,r2000,1573,3736,T2-r2000-5,341,2843,1732.0115,astar,1,SUCCESS,0.6094,383,383,,2698.9776,8383 558 561 564 569 7685 3287 3292 3294 3299 3316 3319 5559 5569 7007 6998,
2988,2,r2000,1573,3736,T2-r2000-5,341,2843,1732.0115,dijkstra,1,SUCCESS,1.5834,1524,1524,,2698.9776,8383 558 561 564 569 7685 3287 3292 3294 3299 3316 3319 5559 5569 7007 6998,
2989,2,r2000,1573,3736,T2-r2000-5,341,2843,1732.0115,dijkstra,2,SUCCESS,0.8258,1524,1524,,2698.9776,8383 558 561 564 569 7685 3287 3292 3294 3299 3316 3319 5559 5569 7007 6998,
2990,2,r2000,1573,3736,T2-r2000-5,341,2843,1732.0115,astar,2,SUCCESS,0.5623,383,383,,2698.9776,8383 558 561 564 569 7685 3287 3292 3294 3299 3316 3319 5559 5569 7007 6998,
2991,2,r2000,1573,3736,T2-r2000-5,341,2843,1732.0115,dfs,2,TIMEOUT,2000.0284,60200000,776,2856,,,
2992,2,r2000,1573,3736,T2-r2000-5,341,2843,1732.0115,dijkstra,3,SUCCESS,2.7883,1524,1524,,2698.9776,8383 558 561 564 569 7685 3287 3292 3294 3299 3316 3319 5559 5569 7007 6998,
2993,2,r2000,1573,3736,T2-r2000-5,341,2843,1732.0115,astar,3,SUCCESS,0.5905,383,383,,2698.9776,8383 558 561 564 569 7685 3287 3292 3294 3299 3316 3319 5559 5569 7007 6998,
2994,2,r2000,1573,3736,T2-r2000-5,341,2843,1732.0115,dfs,3,TIMEOUT,2000.0484,53037000,776,1904,,,
2995,2,r2000,1573,3736,T2-r2000-5,341,2843,1732.0115,dijkstra,4,SUCCESS,3.3461,1524,1524,,2698.9776,8383 558 561 564 569 7685 3287 3292 3294 3299 3316 3319 5559 5569 7007 6998,
2996,2,r2000,1573,3736,T2-r2000-5,341,2843,1732.0115,dfs,4,TIMEOUT,2000.0304,52477000,776,1904,,,
2997,2,r2000,1573,3736,T2-r2000-5,341,2843,1732.0115,astar,4,SUCCESS,1.7832,383,383,,2698.9776,8383 558 561 564 569 7685 3287 3292 3294 3299 3316 3319 5559 5569 7007 6998,
2998,2,r2000,1573,3736,T2-r2000-5,341,2843,1732.0115,dfs,5,TIMEOUT,2000.0284,51122000,776,1904,,,
2999,2,r2000,1573,3736,T2-r2000-5,341,2843,1732.0115,dijkstra,5,SUCCESS,2.7712,1524,1524,,2698.9776,8383 558 561 564 569 7685 3287 3292 3294 3299 3316 3319 5559 5569 7007 6998,
3000,2,r2000,1573,3736,T2-r2000-5,341,2843,1732.0115,astar,5,SUCCESS,0.4326,383,383,,2698.9776,8383 558 561 564 569 7685 3287 3292 3294 3299 3316 3319 5559 5569 7007 6998,
3001,2,r2000,1573,3736,T2-r2000-6,3688,1714,1684.4969,dijkstra,1,SUCCESS,2.0997,1072,1072,,2540.2925,7859 10396 5608 10653 10656 1852 1855 1858 1862 1270 8386 1894 7738 7735 7732 7729 7726 7723 7853 7722 7856 7608 7610 7612 7614 523 2720 2717 2714 2694 2698 8288 2823 7961 2829 2828 4141 4144 3003 3002 6056 6059 3010 2970,
3002,2,r2000,1573,3736,T2-r2000-6,3688,1714,1684.4969,dfs,1,TIMEOUT,2000.0486,51600000,910,15,,,
3003,2,r2000,1573,3736,T2-r2000-6,3688,1714,1684.4969,astar,1,SUCCESS,1.1183,389,389,,2540.2925,7859 10396 5608 10653 10656 1852 1855 1858 1862 1270 8386 1894 7738 7735 7732 7729 7726 7723 7853 7722 7856 7608 7610 7612 7614 523 2720 2717 2714 2694 2698 8288 2823 7961 2829 2828 4141 4144 3003 3002 6056 6059 3010 2970,
3004,2,r2000,1573,3736,T2-r2000-6,3688,1714,1684.4969,astar,2,SUCCESS,0.7216,389,389,,2540.2925,7859 10396 5608 10653 10656 1852 1855 1858 1862 1270 8386 1894 7738 7735 7732 7729 7726 7723 7853 7722 7856 7608 7610 7612 7614 523 2720 2717 2714 2694 2698 8288 2823 7961 2829 2828 4141 4144 3003 3002 6056 6059 3010 2970,
3005,2,r2000,1573,3736,T2-r2000-6,3688,1714,1684.4969,dfs,2,TIMEOUT,2000.0297,53384000,910,15,,,
3006,2,r2000,1573,3736,T2-r2000-6,3688,1714,1684.4969,dijkstra,2,SUCCESS,2.0137,1072,1072,,2540.2925,7859 10396 5608 10653 10656 1852 1855 1858 1862 1270 8386 1894 7738 7735 7732 7729 7726 7723 7853 7722 7856 7608 7610 7612 7614 523 2720 2717 2714 2694 2698 8288 2823 7961 2829 2828 4141 4144 3003 3002 6056 6059 3010 2970,
3007,2,r2000,1573,3736,T2-r2000-6,3688,1714,1684.4969,dfs,3,TIMEOUT,2000.0417,53961000,910,15,,,
3008,2,r2000,1573,3736,T2-r2000-6,3688,1714,1684.4969,dijkstra,3,SUCCESS,3.1448,1072,1072,,2540.2925,7859 10396 5608 10653 10656 1852 1855 1858 1862 1270 8386 1894 7738 7735 7732 7729 7726 7723 7853 7722 7856 7608 7610 7612 7614 523 2720 2717 2714 2694 2698 8288 2823 7961 2829 2828 4141 4144 3003 3002 6056 6059 3010 2970,
3009,2,r2000,1573,3736,T2-r2000-6,3688,1714,1684.4969,astar,3,SUCCESS,0.993,389,389,,2540.2925,7859 10396 5608 10653 10656 1852 1855 1858 1862 1270 8386 1894 7738 7735 7732 7729 7726 7723 7853 7722 7856 7608 7610 7612 7614 523 2720 2717 2714 2694 2698 8288 2823 7961 2829 2828 4141 4144 3003 3002 6056 6059 3010 2970,
3010,2,r2000,1573,3736,T2-r2000-6,3688,1714,1684.4969,dijkstra,4,SUCCESS,2.4367,1072,1072,,2540.2925,7859 10396 5608 10653 10656 1852 1855 1858 1862 1270 8386 1894 7738 7735 7732 7729 7726 7723 7853 7722 7856 7608 7610 7612 7614 523 2720 2717 2714 2694 2698 8288 2823 7961 2829 2828 4141 4144 3003 3002 6056 6059 3010 2970,
3011,2,r2000,1573,3736,T2-r2000-6,3688,1714,1684.4969,dfs,4,TIMEOUT,2000.046,52619000,910,15,,,
3012,2,r2000,1573,3736,T2-r2000-6,3688,1714,1684.4969,astar,4,SUCCESS,1.1219,389,389,,2540.2925,7859 10396 5608 10653 10656 1852 1855 1858 1862 1270 8386 1894 7738 7735 7732 7729 7726 7723 7853 7722 7856 7608 7610 7612 7614 523 2720 2717 2714 2694 2698 8288 2823 7961 2829 2828 4141 4144 3003 3002 6056 6059 3010 2970,
3013,2,r2000,1573,3736,T2-r2000-6,3688,1714,1684.4969,astar,5,SUCCESS,0.7066,389,389,,2540.2925,7859 10396 5608 10653 10656 1852 1855 1858 1862 1270 8386 1894 7738 7735 7732 7729 7726 7723 7853 7722 7856 7608 7610 7612 7614 523 2720 2717 2714 2694 2698 8288 2823 7961 2829 2828 4141 4144 3003 3002 6056 6059 3010 2970,
3014,2,r2000,1573,3736,T2-r2000-6,3688,1714,1684.4969,dijkstra,5,SUCCESS,1.3626,1072,1072,,2540.2925,7859 10396 5608 10653 10656 1852 1855 1858 1862 1270 8386 1894 7738 7735 7732 7729 7726 7723 7853 7722 7856 7608 7610 7612 7614 523 2720 2717 2714 2694 2698 8288 2823 7961 2829 2828 4141 4144 3003 3002 6056 6059 3010 2970,
3015,2,r2000,1573,3736,T2-r2000-6,3688,1714,1684.4969,dfs,5,TIMEOUT,2000.0369,52590000,910,15,,,
3016,2,r2000,1573,3736,T2-r2000-7,4484,3102,2202.3424,astar,1,SUCCESS,0.5042,383,383,,2677.4505,10371 10368 2820 10365 8338 8342 686 682 9246 2723 520 517 514 512 2709 2713 7783 7780 7777 7774 7772 7761 8817 8413 8410 8407 8404 8401 1163 6237 6234 6231 6228 6227 6241,
3017,2,r2000,1573,3736,T2-r2000-7,4484,3102,2202.3424,dijkstra,1,SUCCESS,1.4401,1531,1531,,2677.4505,10371 10368 2820 10365 8338 8342 686 682 9246 2723 520 517 514 512 2709 2713 7783 7780 7777 7774 7772 7761 8817 8413 8410 8407 8404 8401 1163 6237 6234 6231 6228 6227 6241,
3018,2,r2000,1573,3736,T2-r2000-7,4484,3102,2202.3424,dfs,1,TIMEOUT,2000.064,49639000,685,0,,,
3019,2,r2000,1573,3736,T2-r2000-7,4484,3102,2202.3424,astar,2,SUCCESS,1.124,383,383,,2677.4505,10371 10368 2820 10365 8338 8342 686 682 9246 2723 520 517 514 512 2709 2713 7783 7780 7777 7774 7772 7761 8817 8413 8410 8407 8404 8401 1163 6237 6234 6231 6228 6227 6241,
3020,2,r2000,1573,3736,T2-r2000-7,4484,3102,2202.3424,dijkstra,2,SUCCESS,3.5612,1531,1531,,2677.4505,10371 10368 2820 10365 8338 8342 686 682 9246 2723 520 517 514 512 2709 2713 7783 7780 7777 7774 7772 7761 8817 8413 8410 8407 8404 8401 1163 6237 6234 6231 6228 6227 6241,
3021,2,r2000,1573,3736,T2-r2000-7,4484,3102,2202.3424,dfs,2,TIMEOUT,2000.0453,50356000,685,0,,,
3022,2,r2000,1573,3736,T2-r2000-7,4484,3102,2202.3424,dfs,3,TIMEOUT,2000.0559,50667000,685,0,,,
3023,2,r2000,1573,3736,T2-r2000-7,4484,3102,2202.3424,dijkstra,3,SUCCESS,3.5502,1531,1531,,2677.4505,10371 10368 2820 10365 8338 8342 686 682 9246 2723 520 517 514 512 2709 2713 7783 7780 7777 7774 7772 7761 8817 8413 8410 8407 8404 8401 1163 6237 6234 6231 6228 6227 6241,
3024,2,r2000,1573,3736,T2-r2000-7,4484,3102,2202.3424,astar,3,SUCCESS,0.4656,383,383,,2677.4505,10371 10368 2820 10365 8338 8342 686 682 9246 2723 520 517 514 512 2709 2713 7783 7780 7777 7774 7772 7761 8817 8413 8410 8407 8404 8401 1163 6237 6234 6231 6228 6227 6241,
3025,2,r2000,1573,3736,T2-r2000-7,4484,3102,2202.3424,dijkstra,4,SUCCESS,0.8217,1531,1531,,2677.4505,10371 10368 2820 10365 8338 8342 686 682 9246 2723 520 517 514 512 2709 2713 7783 7780 7777 7774 7772 7761 8817 8413 8410 8407 8404 8401 1163 6237 6234 6231 6228 6227 6241,
3026,2,r2000,1573,3736,T2-r2000-7,4484,3102,2202.3424,dfs,4,TIMEOUT,2000.0698,49489000,685,0,,,
3027,2,r2000,1573,3736,T2-r2000-7,4484,3102,2202.3424,astar,4,SUCCESS,1.5613,383,383,,2677.4505,10371 10368 2820 10365 8338 8342 686 682 9246 2723 520 517 514 512 2709 2713 7783 7780 7777 7774 7772 7761 8817 8413 8410 8407 8404 8401 1163 6237 6234 6231 6228 6227 6241,
3028,2,r2000,1573,3736,T2-r2000-7,4484,3102,2202.3424,dijkstra,5,SUCCESS,3.7008,1531,1531,,2677.4505,10371 10368 2820 10365 8338 8342 686 682 9246 2723 520 517 514 512 2709 2713 7783 7780 7777 7774 7772 7761 8817 8413 8410 8407 8404 8401 1163 6237 6234 6231 6228 6227 6241,
3029,2,r2000,1573,3736,T2-r2000-7,4484,3102,2202.3424,dfs,5,TIMEOUT,2000.0473,51243000,685,0,,,
3030,2,r2000,1573,3736,T2-r2000-7,4484,3102,2202.3424,astar,5,SUCCESS,1.1102,383,383,,2677.4505,10371 10368 2820 10365 8338 8342 686 682 9246 2723 520 517 514 512 2709 2713 7783 7780 7777 7774 7772 7761 8817 8413 8410 8407 8404 8401 1163 6237 6234 6231 6228 6227 6241,
3031,2,r2000,1573,3736,T2-r2000-8,725,2064,2065.1707,dfs,1,TIMEOUT,2000.0614,49755000,759,1,,,
3032,2,r2000,1573,3736,T2-r2000-8,725,2064,2065.1707,astar,1,SUCCESS,2.3349,610,610,,2694.6332,5731 1282 1279 1278 5163 5166 5752 5804 2950 4150 4154 4158 1963 1761 1965 7632 8340 10366 2821 10369 10372 10375 7691 566 563 560 557 554 551 548 545 542 539 538 4570 414 415 417 419 420 421 425 7529 3880 4951 2883 2880 2868 3808 3812,
3033,2,r2000,1573,3736,T2-r2000-8,725,2064,2065.1707,dijkstra,1,SUCCESS,2.0681,1346,1346,,2694.6332,5731 1282 1279 1278 5163 5166 5752 5804 2950 4150 4154 4158 1963 1761 1965 7632 8340 10366 2821 10369 10372 10375 7691 566 563 560 557 554 551 548 545 542 539 538 4570 414 415 417 419 420 421 425 7529 3880 4951 2883 2880 2868 3808 3812,
3034,2,r2000,1573,3736,T2-r2000-8,725,2064,2065.1707,dfs,2,TIMEOUT,2000.0479,52758000,759,1,,,
3035,2,r2000,1573,3736,T2-r2000-8,725,2064,2065.1707,dijkstra,2,SUCCESS,2.6728,1346,1346,,2694.6332,5731 1282 1279 1278 5163 5166 5752 5804 2950 4150 4154 4158 1963 1761 1965 7632 8340 10366 2821 10369 10372 10375 7691 566 563 560 557 554 551 548 545 542 539 538 4570 414 415 417 419 420 421 425 7529 3880 4951 2883 2880 2868 3808 3812,
3036,2,r2000,1573,3736,T2-r2000-8,725,2064,2065.1707,astar,2,SUCCESS,1.7186,610,610,,2694.6332,5731 1282 1279 1278 5163 5166 5752 5804 2950 4150 4154 4158 1963 1761 1965 7632 8340 10366 2821 10369 10372 10375 7691 566 563 560 557 554 551 548 545 542 539 538 4570 414 415 417 419 420 421 425 7529 3880 4951 2883 2880 2868 3808 3812,
3037,2,r2000,1573,3736,T2-r2000-8,725,2064,2065.1707,dfs,3,TIMEOUT,2000.0389,51659000,759,1,,,
3038,2,r2000,1573,3736,T2-r2000-8,725,2064,2065.1707,dijkstra,3,SUCCESS,2.5696,1346,1346,,2694.6332,5731 1282 1279 1278 5163 5166 5752 5804 2950 4150 4154 4158 1963 1761 1965 7632 8340 10366 2821 10369 10372 10375 7691 566 563 560 557 554 551 548 545 542 539 538 4570 414 415 417 419 420 421 425 7529 3880 4951 2883 2880 2868 3808 3812,
3039,2,r2000,1573,3736,T2-r2000-8,725,2064,2065.1707,astar,3,SUCCESS,0.6497,610,610,,2694.6332,5731 1282 1279 1278 5163 5166 5752 5804 2950 4150 4154 4158 1963 1761 1965 7632 8340 10366 2821 10369 10372 10375 7691 566 563 560 557 554 551 548 545 542 539 538 4570 414 415 417 419 420 421 425 7529 3880 4951 2883 2880 2868 3808 3812,
3040,2,r2000,1573,3736,T2-r2000-8,725,2064,2065.1707,astar,4,SUCCESS,0.542,610,610,,2694.6332,5731 1282 1279 1278 5163 5166 5752 5804 2950 4150 4154 4158 1963 1761 1965 7632 8340 10366 2821 10369 10372 10375 7691 566 563 560 557 554 551 548 545 542 539 538 4570 414 415 417 419 420 421 425 7529 3880 4951 2883 2880 2868 3808 3812,
3041,2,r2000,1573,3736,T2-r2000-8,725,2064,2065.1707,dfs,4,TIMEOUT,2000.0462,50399000,759,1,,,
3042,2,r2000,1573,3736,T2-r2000-8,725,2064,2065.1707,dijkstra,4,SUCCESS,2.6206,1346,1346,,2694.6332,5731 1282 1279 1278 5163 5166 5752 5804 2950 4150 4154 4158 1963 1761 1965 7632 8340 10366 2821 10369 10372 10375 7691 566 563 560 557 554 551 548 545 542 539 538 4570 414 415 417 419 420 421 425 7529 3880 4951 2883 2880 2868 3808 3812,
3043,2,r2000,1573,3736,T2-r2000-8,725,2064,2065.1707,dijkstra,5,SUCCESS,2.5186,1346,1346,,2694.6332,5731 1282 1279 1278 5163 5166 5752 5804 2950 4150 4154 4158 1963 1761 1965 7632 8340 10366 2821 10369 10372 10375 7691 566 563 560 557 554 551 548 545 542 539 538 4570 414 415 417 419 420 421 425 7529 3880 4951 2883 2880 2868 3808 3812,
3044,2,r2000,1573,3736,T2-r2000-8,725,2064,2065.1707,dfs,5,TIMEOUT,2000.0253,50764000,759,1,,,
3045,2,r2000,1573,3736,T2-r2000-8,725,2064,2065.1707,astar,5,SUCCESS,1.6131,610,610,,2694.6332,5731 1282 1279 1278 5163 5166 5752 5804 2950 4150 4154 4158 1963 1761 1965 7632 8340 10366 2821 10369 10372 10375 7691 566 563 560 557 554 551 548 545 542 539 538 4570 414 415 417 419 420 421 425 7529 3880 4951 2883 2880 2868 3808 3812,
3046,2,r2000,1573,3736,T2-r2000-9,1555,3616,1870.162,dfs,1,TIMEOUT,2000.0614,51746000,1095,0,,,
3047,2,r2000,1573,3736,T2-r2000-9,1555,3616,1870.162,astar,1,SUCCESS,1.6615,401,401,,2425.7723,3887 2650 2646 2643 2642 4568 8226 8228 3763 8230 8234 8423 9722 9720 9726 9717 10608 3288 7684 567 7689 2803 7693 7696 2743 2785 2748 2747 2765 2768 2771 2723 522 3061 3063 2939 3065 3751 7617,
3048,2,r2000,1573,3736,T2-r2000-9,1555,3616,1870.162,dijkstra,1,SUCCESS,2.5914,1192,1192,,2425.7723,3887 2650 2646 2643 2642 4568 8226 8228 3763 8230 8234 8423 9722 9720 9726 9717 10608 3288 7684 567 7689 2803 7693 7696 2743 2785 2748 2747 2765 2768 2771 2723 522 3061 3063 2939 3065 3751 7617,
3049,2,r2000,1573,3736,T2-r2000-9,1555,3616,1870.162,dijkstra,2,SUCCESS,3.0614,1192,1192,,2425.7723,3887 2650 2646 2643 2642 4568 8226 8228 3763 8230 8234 8423 9722 9720 9726 9717 10608 3288 7684 567 7689 2803 7693 7696 2743 2785 2748 2747 2765 2768 2771 2723 522 3061 3063 2939 3065 3751 7617,
3050,2,r2000,1573,3736,T2-r2000-9,1555,3616,1870.162,dfs,2,TIMEOUT,2000.0634,48631000,1095,0,,,
3051,2,r2000,1573,3736,T2-r2000-9,1555,3616,1870.162,astar,2,SUCCESS,1.3892,401,401,,2425.7723,3887 2650 2646 2643 2642 4568 8226 8228 3763 8230 8234 8423 9722 9720 9726 9717 10608 3288 7684 567 7689 2803 7693 7696 2743 2785 2748 2747 2765 2768 2771 2723 522 3061 3063 2939 3065 3751 7617,
3052,2,r2000,1573,3736,T2-r2000-9,1555,3616,1870.162,dijkstra,3,SUCCESS,2.0036,1192,1192,,2425.7723,3887 2650 2646 2643 2642 4568 8226 8228 3763 8230 8234 8423 9722 9720 9726 9717 10608 3288 7684 567 7689 2803 7693 7696 2743 2785 2748 2747 2765 2768 2771 2723 522 3061 3063 2939 3065 3751 7617,
3053,2,r2000,1573,3736,T2-r2000-9,1555,3616,1870.162,astar,3,SUCCESS,0.9118,401,401,,2425.7723,3887 2650 2646 2643 2642 4568 8226 8228 3763 8230 8234 8423 9722 9720 9726 9717 10608 3288 7684 567 7689 2803 7693 7696 2743 2785 2748 2747 2765 2768 2771 2723 522 3061 3063 2939 3065 3751 7617,
3054,2,r2000,1573,3736,T2-r2000-9,1555,3616,1870.162,dfs,3,TIMEOUT,2000.0685,50634000,1095,0,,,
3055,2,r2000,1573,3736,T2-r2000-9,1555,3616,1870.162,dfs,4,TIMEOUT,2000.0474,47462000,1095,0,,,
3056,2,r2000,1573,3736,T2-r2000-9,1555,3616,1870.162,dijkstra,4,SUCCESS,2.8375,1192,1192,,2425.7723,3887 2650 2646 2643 2642 4568 8226 8228 3763 8230 8234 8423 9722 9720 9726 9717 10608 3288 7684 567 7689 2803 7693 7696 2743 2785 2748 2747 2765 2768 2771 2723 522 3061 3063 2939 3065 3751 7617,
3057,2,r2000,1573,3736,T2-r2000-9,1555,3616,1870.162,astar,4,SUCCESS,1.716,401,401,,2425.7723,3887 2650 2646 2643 2642 4568 8226 8228 3763 8230 8234 8423 9722 9720 9726 9717 10608 3288 7684 567 7689 2803 7693 7696 2743 2785 2748 2747 2765 2768 2771 2723 522 3061 3063 2939 3065 3751 7617,
3058,2,r2000,1573,3736,T2-r2000-9,1555,3616,1870.162,dijkstra,5,SUCCESS,2.9852,1192,1192,,2425.7723,3887 2650 2646 2643 2642 4568 8226 8228 3763 8230 8234 8423 9722 9720 9726 9717 10608 3288 7684 567 7689 2803 7693 7696 2743 2785 2748 2747 2765 2768 2771 2723 522 3061 3063 2939 3065 3751 7617,
3059,2,r2000,1573,3736,T2-r2000-9,1555,3616,1870.162,dfs,5,TIMEOUT,2000.0475,43538000,1095,0,,,
3060,2,r2000,1573,3736,T2-r2000-9,1555,3616,1870.162,astar,5,SUCCESS,1.8292,401,401,,2425.7723,3887 2650 2646 2643 2642 4568 8226 8228 3763 8230 8234 8423 9722 9720 9726 9717 10608 3288 7684 567 7689 2803 7693 7696 2743 2785 2748 2747 2765 2768 2771 2723 522 3061 3063 2939 3065 3751 7617,
3061,2,r2000,1573,3736,T2-r2000-10,1521,1047,1928.187,dijkstra,1,SUCCESS,0.4988,832,832,,2350.2382,2603 2606 2609 2612 7524 5146 2865 7525 7527 3886 7530 423 1481 2659 2671 4576 2674 2684 2690 8220 8223 2642 4568 8226 8228 3763 8230 8234 8423 9722 9720 9726 9717 10608 3290 10969 10970 10972 7638 7635 877 720 1801 1798 1796,
3062,2,r2000,1573,3736,T2-r2000-10,1521,1047,1928.187,dfs,1,TIMEOUT,2000.069,42771000,1189,0,,,
3063,2,r2000,1573,3736,T2-r2000-10,1521,1047,1928.187,astar,1,SUCCESS,0.9317,279,279,,2350.2382,2603 2606 2609 2612 7524 5146 2865 7525 7527 3886 7530 423 1481 2659 2671 4576 2674 2684 2690 8220 8223 2642 4568 8226 8228 3763 8230 8234 8423 9722 9720 9726 9717 10608 3290 10969 10970 10972 7638 7635 877 720 1801 1798 1796,
3064,2,r2000,1573,3736,T2-r2000-10,1521,1047,1928.187,astar,2,SUCCESS,0.8747,279,279,,2350.2382,2603 2606 2609 2612 7524 5146 2865 7525 7527 3886 7530 423 1481 2659 2671 4576 2674 2684 2690 8220 8223 2642 4568 8226 8228 3763 8230 8234 8423 9722 9720 9726 9717 10608 3290 10969 10970 10972 7638 7635 877 720 1801 1798 1796,
3065,2,r2000,1573,3736,T2-r2000-10,1521,1047,1928.187,dfs,2,TIMEOUT,2000.041,48730000,1189,0,,,
3066,2,r2000,1573,3736,T2-r2000-10,1521,1047,1928.187,dijkstra,2,SUCCESS,2.3386,832,832,,2350.2382,2603 2606 2609 2612 7524 5146 2865 7525 7527 3886 7530 423 1481 2659 2671 4576 2674 2684 2690 8220 8223 2642 4568 8226 8228 3763 8230 8234 8423 9722 9720 9726 9717 10608 3290 10969 10970 10972 7638 7635 877 720 1801 1798 1796,
3067,2,r2000,1573,3736,T2-r2000-10,1521,1047,1928.187,astar,3,SUCCESS,0.9428,279,279,,2350.2382,2603 2606 2609 2612 7524 5146 2865 7525 7527 3886 7530 423 1481 2659 2671 4576 2674 2684 2690 8220 8223 2642 4568 8226 8228 3763 8230 8234 8423 9722 9720 9726 9717 10608 3290 10969 10970 10972 7638 7635 877 720 1801 1798 1796,
3068,2,r2000,1573,3736,T2-r2000-10,1521,1047,1928.187,dfs,3,TIMEOUT,2000.0528,43108000,1189,0,,,
3069,2,r2000,1573,3736,T2-r2000-10,1521,1047,1928.187,dijkstra,3,SUCCESS,2.0906,832,832,,2350.2382,2603 2606 2609 2612 7524 5146 2865 7525 7527 3886 7530 423 1481 2659 2671 4576 2674 2684 2690 8220 8223 2642 4568 8226 8228 3763 8230 8234 8423 9722 9720 9726 9717 10608 3290 10969 10970 10972 7638 7635 877 720 1801 1798 1796,
3070,2,r2000,1573,3736,T2-r2000-10,1521,1047,1928.187,dijkstra,4,SUCCESS,1.8134,832,832,,2350.2382,2603 2606 2609 2612 7524 5146 2865 7525 7527 3886 7530 423 1481 2659 2671 4576 2674 2684 2690 8220 8223 2642 4568 8226 8228 3763 8230 8234 8423 9722 9720 9726 9717 10608 3290 10969 10970 10972 7638 7635 877 720 1801 1798 1796,
3071,2,r2000,1573,3736,T2-r2000-10,1521,1047,1928.187,dfs,4,TIMEOUT,2000.0652,48187000,1189,0,,,
3072,2,r2000,1573,3736,T2-r2000-10,1521,1047,1928.187,astar,4,SUCCESS,0.9048,279,279,,2350.2382,2603 2606 2609 2612 7524 5146 2865 7525 7527 3886 7530 423 1481 2659 2671 4576 2674 2684 2690 8220 8223 2642 4568 8226 8228 3763 8230 8234 8423 9722 9720 9726 9717 10608 3290 10969 10970 10972 7638 7635 877 720 1801 1798 1796,
3073,2,r2000,1573,3736,T2-r2000-10,1521,1047,1928.187,astar,5,SUCCESS,0.6567,279,279,,2350.2382,2603 2606 2609 2612 7524 5146 2865 7525 7527 3886 7530 423 1481 2659 2671 4576 2674 2684 2690 8220 8223 2642 4568 8226 8228 3763 8230 8234 8423 9722 9720 9726 9717 10608 3290 10969 10970 10972 7638 7635 877 720 1801 1798 1796,
3074,2,r2000,1573,3736,T2-r2000-10,1521,1047,1928.187,dijkstra,5,SUCCESS,1.5297,832,832,,2350.2382,2603 2606 2609 2612 7524 5146 2865 7525 7527 3886 7530 423 1481 2659 2671 4576 2674 2684 2690 8220 8223 2642 4568 8226 8228 3763 8230 8234 8423 9722 9720 9726 9717 10608 3290 10969 10970 10972 7638 7635 877 720 1801 1798 1796,
3075,2,r2000,1573,3736,T2-r2000-10,1521,1047,1928.187,dfs,5,TIMEOUT,2000.107,48164000,1189,0,,,
3076,2,r3000,2455,5833,T2-r3000-1,2399,2106,3043.2507,dijkstra,1,SUCCESS,2.4808,631,631,,3625.7682,6040 4531 4528 4506 4509 4488 4487 4495 2238 7532 7523 396 5148 2614 7524 5146 2865 7525 7527 3886 7528 3884 8202 4941 8204 8206 8209 8210 7668 531 534 537 540 543 546 549 552 555 558 561 564 567 7690 10374 10371 10368 2820 10365 8339 7634 8344 3893,
3077,2,r3000,2455,5833,T2-r3000-1,2399,2106,3043.2507,astar,1,SUCCESS,0.2744,69,69,,3625.7682,6040 4531 4528 4506 4509 4488 4487 4495 2238 7532 7523 396 5148 2614 7524 5146 2865 7525 7527 3886 7528 3884 8202 4941 8204 8206 8209 8210 7668 531 534 537 540 543 546 549 552 555 558 561 564 567 7690 10374 10371 10368 2820 10365 8339 7634 8344 3893,
3078,2,r3000,2455,5833,T2-r3000-1,2399,2106,3043.2507,dfs,1,TIMEOUT,2000.0446,45021000,1271,0,,,
3079,2,r3000,2455,5833,T2-r3000-1,2399,2106,3043.2507,astar,2,SUCCESS,0.3181,69,69,,3625.7682,6040 4531 4528 4506 4509 4488 4487 4495 2238 7532 7523 396 5148 2614 7524 5146 2865 7525 7527 3886 7528 3884 8202 4941 8204 8206 8209 8210 7668 531 534 537 540 543 546 549 552 555 558 561 564 567 7690 10374 10371 10368 2820 10365 8339 7634 8344 3893,
3080,2,r3000,2455,5833,T2-r3000-1,2399,2106,3043.2507,dfs,2,TIMEOUT,2000.0637,46000000,1271,0,,,
3081,2,r3000,2455,5833,T2-r3000-1,2399,2106,3043.2507,dijkstra,2,SUCCESS,1.5508,631,631,,3625.7682,6040 4531 4528 4506 4509 4488 4487 4495 2238 7532 7523 396 5148 2614 7524 5146 2865 7525 7527 3886 7528 3884 8202 4941 8204 8206 8209 8210 7668 531 534 537 540 543 546 549 552 555 558 561 564 567 7690 10374 10371 10368 2820 10365 8339 7634 8344 3893,
3082,2,r3000,2455,5833,T2-r3000-1,2399,2106,3043.2507,dijkstra,3,SUCCESS,1.4408,631,631,,3625.7682,6040 4531 4528 4506 4509 4488 4487 4495 2238 7532 7523 396 5148 2614 7524 5146 2865 7525 7527 3886 7528 3884 8202 4941 8204 8206 8209 8210 7668 531 534 537 540 543 546 549 552 555 558 561 564 567 7690 10374 10371 10368 2820 10365 8339 7634 8344 3893,
3083,2,r3000,2455,5833,T2-r3000-1,2399,2106,3043.2507,dfs,3,TIMEOUT,2000.0674,45131000,1271,0,,,
3084,2,r3000,2455,5833,T2-r3000-1,2399,2106,3043.2507,astar,3,SUCCESS,0.4248,69,69,,3625.7682,6040 4531 4528 4506 4509 4488 4487 4495 2238 7532 7523 396 5148 2614 7524 5146 2865 7525 7527 3886 7528 3884 8202 4941 8204 8206 8209 8210 7668 531 534 537 540 543 546 549 552 555 558 561 564 567 7690 10374 10371 10368 2820 10365 8339 7634 8344 3893,
3085,2,r3000,2455,5833,T2-r3000-1,2399,2106,3043.2507,dijkstra,4,SUCCESS,1.797,631,631,,3625.7682,6040 4531 4528 4506 4509 4488 4487 4495 2238 7532 7523 396 5148 2614 7524 5146 2865 7525 7527 3886 7528 3884 8202 4941 8204 8206 8209 8210 7668 531 534 537 540 543 546 549 552 555 558 561 564 567 7690 10374 10371 10368 2820 10365 8339 7634 8344 3893,
3086,2,r3000,2455,5833,T2-r3000-1,2399,2106,3043.2507,astar,4,SUCCESS,0.219,69,69,,3625.7682,6040 4531 4528 4506 4509 4488 4487 4495 2238 7532 7523 396 5148 2614 7524 5146 2865 7525 7527 3886 7528 3884 8202 4941 8204 8206 8209 8210 7668 531 534 537 540 543 546 549 552 555 558 561 564 567 7690 10374 10371 10368 2820 10365 8339 7634 8344 3893,
3087,2,r3000,2455,5833,T2-r3000-1,2399,2106,3043.2507,dfs,4,TIMEOUT,2000.0528,51216000,1271,0,,,
3088,2,r3000,2455,5833,T2-r3000-1,2399,2106,3043.2507,astar,5,SUCCESS,0.3158,69,69,,3625.7682,6040 4531 4528 4506 4509 4488 4487 4495 2238 7532 7523 396 5148 2614 7524 5146 2865 7525 7527 3886 7528 3884 8202 4941 8204 8206 8209 8210 7668 531 534 537 540 543 546 549 552 555 558 561 564 567 7690 10374 10371 10368 2820 10365 8339 7634 8344 3893,
3089,2,r3000,2455,5833,T2-r3000-1,2399,2106,3043.2507,dfs,5,TIMEOUT,2000.0512,45747000,1271,0,,,
3090,2,r3000,2455,5833,T2-r3000-1,2399,2106,3043.2507,dijkstra,5,SUCCESS,2.0241,631,631,,3625.7682,6040 4531 4528 4506 4509 4488 4487 4495 2238 7532 7523 396 5148 2614 7524 5146 2865 7525 7527 3886 7528 3884 8202 4941 8204 8206 8209 8210 7668 531 534 537 540 543 546 549 552 555 558 561 564 567 7690 10374 10371 10368 2820 10365 8339 7634 8344 3893,
3091,2,r3000,2455,5833,T2-r3000-2,656,532,2618.7764,dijkstra,1,SUCCESS,2.5474,1784,1784,,3058.1291,9992 1183 1186 1189 1192 6210 8177 8173 6206 8170 8167 6203 8164 5583 8161 8160 9120 10916 10918 10919 10145 2373 10921 7588 1278 5164 8351 10336 10349 10330 10331 10333 10354 5623 10357 10897 10892 10894 973 10901 572 577 581 585 587 589 592 596 600 606 7647 950 644 849,
3092,2,r3000,2455,5833,T2-r3000-2,656,532,2618.7764,dfs,1,TIMEOUT,2000.0422,51172000,1289,1,,,
3093,2,r3000,2455,5833,T2-r3000-2,656,532,2618.7764,astar,1,SUCCESS,0.8442,260,260,,3058.1291,9992 1183 1186 1189 1192 6210 8177 8173 6206 8170 8167 6203 8164 5583 8161 8160 9120 10916 10918 10919 10145 2373 10921 7588 1278 5164 8351 10336 10349 10330 10331 10333 10354 5623 10357 10897 10892 10894 973 10901 572 577 581 585 587 589 592 596 600 606 7647 950 644 849,
3094,2,r3000,2455,5833,T2-r3000-2,656,532,2618.7764,dijkstra,2,SUCCESS,4.037,1784,1784,,3058.1291,9992 1183 1186 1189 1192 6210 8177 8173 6206 8170 8167 6203 8164 5583 8161 8160 9120 10916 10918 10919 10145 2373 10921 7588 1278 5164 8351 10336 10349 10330 10331 10333 10354 5623 10357 10897 10892 10894 973 10901 572 577 581 585 587 589 592 596 600 606 7647 950 644 849,
3095,2,r3000,2455,5833,T2-r3000-2,656,532,2618.7764,astar,2,SUCCESS,0.3043,260,260,,3058.1291,9992 1183 1186 1189 1192 6210 8177 8173 6206 8170 8167 6203 8164 5583 8161 8160 9120 10916 10918 10919 10145 2373 10921 7588 1278 5164 8351 10336 10349 10330 10331 10333 10354 5623 10357 10897 10892 10894 973 10901 572 577 581 585 587 589 592 596 600 606 7647 950 644 849,
3096,2,r3000,2455,5833,T2-r3000-2,656,532,2618.7764,dfs,2,TIMEOUT,2000.0487,55338000,1289,1,,,
3097,2,r3000,2455,5833,T2-r3000-2,656,532,2618.7764,astar,3,SUCCESS,0.7766,260,260,,3058.1291,9992 1183 1186 1189 1192 6210 8177 8173 6206 8170 8167 6203 8164 5583 8161 8160 9120 10916 10918 10919 10145 2373 10921 7588 1278 5164 8351 10336 10349 10330 10331 10333 10354 5623 10357 10897 10892 10894 973 10901 572 577 581 585 587 589 592 596 600 606 7647 950 644 849,
3098,2,r3000,2455,5833,T2-r3000-2,656,532,2618.7764,dfs,3,TIMEOUT,2000.0275,50541000,1289,1,,,
3099,2,r3000,2455,5833,T2-r3000-2,656,532,2618.7764,dijkstra,3,SUCCESS,3.846,1784,1784,,3058.1291,9992 1183 1186 1189 1192 6210 8177 8173 6206 8170 8167 6203 8164 5583 8161 8160 9120 10916 10918 10919 10145 2373 10921 7588 1278 5164 8351 10336 10349 10330 10331 10333 10354 5623 10357 10897 10892 10894 973 10901 572 577 581 585 587 589 592 596 600 606 7647 950 644 849,
3100,2,r3000,2455,5833,T2-r3000-2,656,532,2618.7764,dijkstra,4,SUCCESS,2.4613,1784,1784,,3058.1291,9992 1183 1186 1189 1192 6210 8177 8173 6206 8170 8167 6203 8164 5583 8161 8160 9120 10916 10918 10919 10145 2373 10921 7588 1278 5164 8351 10336 10349 10330 10331 10333 10354 5623 10357 10897 10892 10894 973 10901 572 577 581 585 587 589 592 596 600 606 7647 950 644 849,
3101,2,r3000,2455,5833,T2-r3000-2,656,532,2618.7764,astar,4,SUCCESS,0.2321,260,260,,3058.1291,9992 1183 1186 1189 1192 6210 8177 8173 6206 8170 8167 6203 8164 5583 8161 8160 9120 10916 10918 10919 10145 2373 10921 7588 1278 5164 8351 10336 10349 10330 10331 10333 10354 5623 10357 10897 10892 10894 973 10901 572 577 581 585 587 589 592 596 600 606 7647 950 644 849,
3102,2,r3000,2455,5833,T2-r3000-2,656,532,2618.7764,dfs,4,TIMEOUT,2000.0548,49483000,1289,1,,,
3103,2,r3000,2455,5833,T2-r3000-2,656,532,2618.7764,dijkstra,5,SUCCESS,6.0003,1784,1784,,3058.1291,9992 1183 1186 1189 1192 6210 8177 8173 6206 8170 8167 6203 8164 5583 8161 8160 9120 10916 10918 10919 10145 2373 10921 7588 1278 5164 8351 10336 10349 10330 10331 10333 10354 5623 10357 10897 10892 10894 973 10901 572 577 581 585 587 589 592 596 600 606 7647 950 644 849,
3104,2,r3000,2455,5833,T2-r3000-2,656,532,2618.7764,dfs,5,TIMEOUT,2000.0385,50452000,1289,1,,,
3105,2,r3000,2455,5833,T2-r3000-2,656,532,2618.7764,astar,5,SUCCESS,0.9253,260,260,,3058.1291,9992 1183 1186 1189 1192 6210 8177 8173 6206 8170 8167 6203 8164 5583 8161 8160 9120 10916 10918 10919 10145 2373 10921 7588 1278 5164 8351 10336 10349 10330 10331 10333 10354 5623 10357 10897 10892 10894 973 10901 572 577 581 585 587 589 592 596 600 606 7647 950 644 849,
3106,2,r3000,2455,5833,T2-r3000-3,3300,4305,3123.9871,dijkstra,1,SUCCESS,1.0091,1531,1531,,3756.5768,6739 6737 6740 5768 5764 5759 5756 4388 4385 4382 3817 7956 4579 8220 8223 2642 4568 8226 8228 3763 8230 8234 8423 9722 9720 9726 9717 10608 3290 10969 10970 10972 7640 1838 1840 2382 2380 1735 1737 3499 10988 7643 10990 10993 10903 10363 10891 9430 10334 8813 10338 10336 10348 9776 1138 9777,
3107,2,r3000,2455,5833,T2-r3000-3,3300,4305,3123.9871,astar,1,SUCCESS,0.9086,307,307,,3756.5768,6739 6737 6740 5768 5764 5759 5756 4388 4385 4382 3817 7956 4579 8220 8223 2642 4568 8226 8228 3763 8230 8234 8423 9722 9720 9726 9717 10608 3290 10969 10970 10972 7640 1838 1840 2382 2380 1735 1737 3499 10988 7643 10990 10993 10903 10363 10891 9430 10334 8813 10338 10336 10348 9776 1138 9777,
3108,2,r3000,2455,5833,T2-r3000-3,3300,4305,3123.9871,dfs,1,TIMEOUT,2000.0413,47749000,634,0,,,
3109,2,r3000,2455,5833,T2-r3000-3,3300,4305,3123.9871,dijkstra,2,SUCCESS,4.414,1531,1531,,3756.5768,6739 6737 6740 5768 5764 5759 5756 4388 4385 4382 3817 7956 4579 8220 8223 2642 4568 8226 8228 3763 8230 8234 8423 9722 9720 9726 9717 10608 3290 10969 10970 10972 7640 1838 1840 2382 2380 1735 1737 3499 10988 7643 10990 10993 10903 10363 10891 9430 10334 8813 10338 10336 10348 9776 1138 9777,
3110,2,r3000,2455,5833,T2-r3000-3,3300,4305,3123.9871,dfs,2,TIMEOUT,2000.0556,48001000,634,0,,,
3111,2,r3000,2455,5833,T2-r3000-3,3300,4305,3123.9871,astar,2,SUCCESS,1.1344,307,307,,3756.5768,6739 6737 6740 5768 5764 5759 5756 4388 4385 4382 3817 7956 4579 8220 8223 2642 4568 8226 8228 3763 8230 8234 8423 9722 9720 9726 9717 10608 3290 10969 10970 10972 7640 1838 1840 2382 2380 1735 1737 3499 10988 7643 10990 10993 10903 10363 10891 9430 10334 8813 10338 10336 10348 9776 1138 9777,
3112,2,r3000,2455,5833,T2-r3000-3,3300,4305,3123.9871,astar,3,SUCCESS,0.6598,307,307,,3756.5768,6739 6737 6740 5768 5764 5759 5756 4388 4385 4382 3817 7956 4579 8220 8223 2642 4568 8226 8228 3763 8230 8234 8423 9722 9720 9726 9717 10608 3290 10969 10970 10972 7640 1838 1840 2382 2380 1735 1737 3499 10988 7643 10990 10993 10903 10363 10891 9430 10334 8813 10338 10336 10348 9776 1138 9777,
3113,2,r3000,2455,5833,T2-r3000-3,3300,4305,3123.9871,dijkstra,3,SUCCESS,3.8033,1531,1531,,3756.5768,6739 6737 6740 5768 5764 5759 5756 4388 4385 4382 3817 7956 4579 8220 8223 2642 4568 8226 8228 3763 8230 8234 8423 9722 9720 9726 9717 10608 3290 10969 10970 10972 7640 1838 1840 2382 2380 1735 1737 3499 10988 7643 10990 10993 10903 10363 10891 9430 10334 8813 10338 10336 10348 9776 1138 9777,
3114,2,r3000,2455,5833,T2-r3000-3,3300,4305,3123.9871,dfs,3,TIMEOUT,2000.0717,53038000,634,0,,,
3115,2,r3000,2455,5833,T2-r3000-3,3300,4305,3123.9871,dijkstra,4,SUCCESS,3.2135,1531,1531,,3756.5768,6739 6737 6740 5768 5764 5759 5756 4388 4385 4382 3817 7956 4579 8220 8223 2642 4568 8226 8228 3763 8230 8234 8423 9722 9720 9726 9717 10608 3290 10969 10970 10972 7640 1838 1840 2382 2380 1735 1737 3499 10988 7643 10990 10993 10903 10363 10891 9430 10334 8813 10338 10336 10348 9776 1138 9777,
3116,2,r3000,2455,5833,T2-r3000-3,3300,4305,3123.9871,astar,4,SUCCESS,0.9609,307,307,,3756.5768,6739 6737 6740 5768 5764 5759 5756 4388 4385 4382 3817 7956 4579 8220 8223 2642 4568 8226 8228 3763 8230 8234 8423 9722 9720 9726 9717 10608 3290 10969 10970 10972 7640 1838 1840 2382 2380 1735 1737 3499 10988 7643 10990 10993 10903 10363 10891 9430 10334 8813 10338 10336 10348 9776 1138 9777,
3117,2,r3000,2455,5833,T2-r3000-3,3300,4305,3123.9871,dfs,4,TIMEOUT,2000.0506,53121000,634,0,,,
3118,2,r3000,2455,5833,T2-r3000-3,3300,4305,3123.9871,dijkstra,5,SUCCESS,4.7011,1531,1531,,3756.5768,6739 6737 6740 5768 5764 5759 5756 4388 4385 4382 3817 7956 4579 8220 8223 2642 4568 8226 8228 3763 8230 8234 8423 9722 9720 9726 9717 10608 3290 10969 10970 10972 7640 1838 1840 2382 2380 1735 1737 3499 10988 7643 10990 10993 10903 10363 10891 9430 10334 8813 10338 10336 10348 9776 1138 9777,
3119,2,r3000,2455,5833,T2-r3000-3,3300,4305,3123.9871,astar,5,SUCCESS,0.7549,307,307,,3756.5768,6739 6737 6740 5768 5764 5759 5756 4388 4385 4382 3817 7956 4579 8220 8223 2642 4568 8226 8228 3763 8230 8234 8423 9722 9720 9726 9717 10608 3290 10969 10970 10972 7640 1838 1840 2382 2380 1735 1737 3499 10988 7643 10990 10993 10903 10363 10891 9430 10334 8813 10338 10336 10348 9776 1138 9777,
3120,2,r3000,2455,5833,T2-r3000-3,3300,4305,3123.9871,dfs,5,TIMEOUT,2000.053,47643000,634,0,,,
3121,2,r3000,2455,5833,T2-r3000-4,1539,1046,3383.8911,astar,1,SUCCESS,0.6016,179,179,,3676.8159,4307 2626 2622 2619 2616 2566 2562 2558 2555 2552 2549 2547 4943 4946 4949 3877 3810 2869 2881 2884 4952 3879 3883 4938 4941 8204 8206 8209 8210 7668 531 534 537 540 543 546 549 552 555 558 561 564 567 7690 10374 10371 10368 2820 10365 8339 7634 8344 3893 8359 8354 7850 8805 3488 4187 5313 8807 8809 4157 2941 8371 5747 8811 8813 10338 10336 10348 9776 1138 9778 10907 10909 5684 10886 8294 1725 1757 1759 1733 1728 8250 8248 8245 4929,
3122,2,r3000,2455,5833,T2-r3000-4,1539,1046,3383.8911,dfs,1,TIMEOUT,2000.0484,46440000,1088,0,,,
3123,2,r3000,2455,5833,T2-r3000-4,1539,1046,3383.8911,dijkstra,1,SUCCESS,4.5316,1841,1841,,3676.8159,4307 2626 2622 2619 2616 2566 2562 2558 2555 2552 2549 2547 4943 4946 4949 3877 3810 2869 2881 2884 4952 3879 3883 4938 4941 8204 8206 8209 8210 7668 531 534 537 540 543 546 549 552 555 558 561 564 567 7690 10374 10371 10368 2820 10365 8339 7634 8344 3893 8359 8354 7850 8805 3488 4187 5313 8807 8809 4157 2941 8371 5747 8811 8813 10338 10336 10348 9776 1138 9778 10907 10909 5684 10886 8294 1725 1757 1759 1733 1728 8250 8248 8245 4929,
3124,2,r3000,2455,5833,T2-r3000-4,1539,1046,3383.8911,astar,2,SUCCESS,0.703,179,179,,3676.8159,4307 2626 2622 2619 2616 2566 2562 2558 2555 2552 2549 2547 4943 4946 4949 3877 3810 2869 2881 2884 4952 3879 3883 4938 4941 8204 8206 8209 8210 7668 531 534 537 540 543 546 549 552 555 558 561 564 567 7690 10374 10371 10368 2820 10365 8339 7634 8344 3893 8359 8354 7850 8805 3488 4187 5313 8807 8809 4157 2941 8371 5747 8811 8813 10338 10336 10348 9776 1138 9778 10907 10909 5684 10886 8294 1725 1757 1759 1733 1728 8250 8248 8245 4929,
3125,2,r3000,2455,5833,T2-r3000-4,1539,1046,3383.8911,dijkstra,2,SUCCESS,4.3602,1841,1841,,3676.8159,4307 2626 2622 2619 2616 2566 2562 2558 2555 2552 2549 2547 4943 4946 4949 3877 3810 2869 2881 2884 4952 3879 3883 4938 4941 8204 8206 8209 8210 7668 531 534 537 540 543 546 549 552 555 558 561 564 567 7690 10374 10371 10368 2820 10365 8339 7634 8344 3893 8359 8354 7850 8805 3488 4187 5313 8807 8809 4157 2941 8371 5747 8811 8813 10338 10336 10348 9776 1138 9778 10907 10909 5684 10886 8294 1725 1757 1759 1733 1728 8250 8248 8245 4929,
3126,2,r3000,2455,5833,T2-r3000-4,1539,1046,3383.8911,dfs,2,TIMEOUT,2000.0688,47203000,1088,0,,,
3127,2,r3000,2455,5833,T2-r3000-4,1539,1046,3383.8911,dfs,3,TIMEOUT,2000.0716,46183000,1088,0,,,
3128,2,r3000,2455,5833,T2-r3000-4,1539,1046,3383.8911,dijkstra,3,SUCCESS,4.009,1841,1841,,3676.8159,4307 2626 2622 2619 2616 2566 2562 2558 2555 2552 2549 2547 4943 4946 4949 3877 3810 2869 2881 2884 4952 3879 3883 4938 4941 8204 8206 8209 8210 7668 531 534 537 540 543 546 549 552 555 558 561 564 567 7690 10374 10371 10368 2820 10365 8339 7634 8344 3893 8359 8354 7850 8805 3488 4187 5313 8807 8809 4157 2941 8371 5747 8811 8813 10338 10336 10348 9776 1138 9778 10907 10909 5684 10886 8294 1725 1757 1759 1733 1728 8250 8248 8245 4929,
3129,2,r3000,2455,5833,T2-r3000-4,1539,1046,3383.8911,astar,3,SUCCESS,0.2469,179,179,,3676.8159,4307 2626 2622 2619 2616 2566 2562 2558 2555 2552 2549 2547 4943 4946 4949 3877 3810 2869 2881 2884 4952 3879 3883 4938 4941 8204 8206 8209 8210 7668 531 534 537 540 543 546 549 552 555 558 561 564 567 7690 10374 10371 10368 2820 10365 8339 7634 8344 3893 8359 8354 7850 8805 3488 4187 5313 8807 8809 4157 2941 8371 5747 8811 8813 10338 10336 10348 9776 1138 9778 10907 10909 5684 10886 8294 1725 1757 1759 1733 1728 8250 8248 8245 4929,
3130,2,r3000,2455,5833,T2-r3000-4,1539,1046,3383.8911,astar,4,SUCCESS,0.1936,179,179,,3676.8159,4307 2626 2622 2619 2616 2566 2562 2558 2555 2552 2549 2547 4943 4946 4949 3877 3810 2869 2881 2884 4952 3879 3883 4938 4941 8204 8206 8209 8210 7668 531 534 537 540 543 546 549 552 555 558 561 564 567 7690 10374 10371 10368 2820 10365 8339 7634 8344 3893 8359 8354 7850 8805 3488 4187 5313 8807 8809 4157 2941 8371 5747 8811 8813 10338 10336 10348 9776 1138 9778 10907 10909 5684 10886 8294 1725 1757 1759 1733 1728 8250 8248 8245 4929,
3131,2,r3000,2455,5833,T2-r3000-4,1539,1046,3383.8911,dfs,4,TIMEOUT,2000.0746,47857000,1088,0,,,
3132,2,r3000,2455,5833,T2-r3000-4,1539,1046,3383.8911,dijkstra,4,SUCCESS,4.1153,1841,1841,,3676.8159,4307 2626 2622 2619 2616 2566 2562 2558 2555 2552 2549 2547 4943 4946 4949 3877 3810 2869 2881 2884 4952 3879 3883 4938 4941 8204 8206 8209 8210 7668 531 534 537 540 543 546 549 552 555 558 561 564 567 7690 10374 10371 10368 2820 10365 8339 7634 8344 3893 8359 8354 7850 8805 3488 4187 5313 8807 8809 4157 2941 8371 5747 8811 8813 10338 10336 10348 9776 1138 9778 10907 10909 5684 10886 8294 1725 1757 1759 1733 1728 8250 8248 8245 4929,
3133,2,r3000,2455,5833,T2-r3000-4,1539,1046,3383.8911,dfs,5,TIMEOUT,2000.0604,52441000,1090,0,,,
3134,2,r3000,2455,5833,T2-r3000-4,1539,1046,3383.8911,astar,5,SUCCESS,0.6277,179,179,,3676.8159,4307 2626 2622 2619 2616 2566 2562 2558 2555 2552 2549 2547 4943 4946 4949 3877 3810 2869 2881 2884 4952 3879 3883 4938 4941 8204 8206 8209 8210 7668 531 534 537 540 543 546 549 552 555 558 561 564 567 7690 10374 10371 10368 2820 10365 8339 7634 8344 3893 8359 8354 7850 8805 3488 4187 5313 8807 8809 4157 2941 8371 5747 8811 8813 10338 10336 10348 9776 1138 9778 10907 10909 5684 10886 8294 1725 1757 1759 1733 1728 8250 8248 8245 4929,
3135,2,r3000,2455,5833,T2-r3000-4,1539,1046,3383.8911,dijkstra,5,SUCCESS,2.3902,1841,1841,,3676.8159,4307 2626 2622 2619 2616 2566 2562 2558 2555 2552 2549 2547 4943 4946 4949 3877 3810 2869 2881 2884 4952 3879 3883 4938 4941 8204 8206 8209 8210 7668 531 534 537 540 543 546 549 552 555 558 561 564 567 7690 10374 10371 10368 2820 10365 8339 7634 8344 3893 8359 8354 7850 8805 3488 4187 5313 8807 8809 4157 2941 8371 5747 8811 8813 10338 10336 10348 9776 1138 9778 10907 10909 5684 10886 8294 1725 1757 1759 1733 1728 8250 8248 8245 4929,
3136,2,r3000,2455,5833,T2-r3000-5,2658,2925,2683.6936,astar,1,SUCCESS,1.327,845,845,,3337.8397,5752 5804 2950 4150 4154 4158 1963 1761 1965 7632 8340 10366 2821 10369 10372 10375 7691 569 7685 3289 10607 9716 9725 9719 9721 8424 8232 8229 3762 8227 8225 4567 2641 8222 8221 4580 7957 3815 4381 4386 4390 5757 5761 5765 5769,
3137,2,r3000,2455,5833,T2-r3000-5,2658,2925,2683.6936,dijkstra,1,SUCCESS,0.8028,2104,2104,,3337.8397,5752 5804 2950 4150 4154 4158 1963 1761 1965 7632 8340 10366 2821 10369 10372 10375 7691 569 7685 3289 10607 9716 9725 9719 9721 8424 8232 8229 3762 8227 8225 4567 2641 8222 8221 4580 7957 3815 4381 4386 4390 5757 5761 5765 5769,
3138,2,r3000,2455,5833,T2-r3000-5,2658,2925,2683.6936,dfs,1,TIMEOUT,2000.0398,51239000,1428,0,,,
3139,2,r3000,2455,5833,T2-r3000-5,2658,2925,2683.6936,astar,2,SUCCESS,2.1846,845,845,,3337.8397,5752 5804 2950 4150 4154 4158 1963 1761 1965 7632 8340 10366 2821 10369 10372 10375 7691 569 7685 3289 10607 9716 9725 9719 9721 8424 8232 8229 3762 8227 8225 4567 2641 8222 8221 4580 7957 3815 4381 4386 4390 5757 5761 5765 5769,
3140,2,r3000,2455,5833,T2-r3000-5,2658,2925,2683.6936,dfs,2,TIMEOUT,2000.0614,52709000,1428,0,,,
3141,2,r3000,2455,5833,T2-r3000-5,2658,2925,2683.6936,dijkstra,2,SUCCESS,4.2535,2104,2104,,3337.8397,5752 5804 2950 4150 4154 4158 1963 1761 1965 7632 8340 10366 2821 10369 10372 10375 7691 569 7685 3289 10607 9716 9725 9719 9721 8424 8232 8229 3762 8227 8225 4567 2641 8222 8221 4580 7957 3815 4381 4386 4390 5757 5761 5765 5769,
3142,2,r3000,2455,5833,T2-r3000-5,2658,2925,2683.6936,dfs,3,TIMEOUT,2000.0518,50154000,1428,0,,,
3143,2,r3000,2455,5833,T2-r3000-5,2658,2925,2683.6936,dijkstra,3,SUCCESS,6.477,2104,2104,,3337.8397,5752 5804 2950 4150 4154 4158 1963 1761 1965 7632 8340 10366 2821 10369 10372 10375 7691 569 7685 3289 10607 9716 9725 9719 9721 8424 8232 8229 3762 8227 8225 4567 2641 8222 8221 4580 7957 3815 4381 4386 4390 5757 5761 5765 5769,
3144,2,r3000,2455,5833,T2-r3000-5,2658,2925,2683.6936,astar,3,SUCCESS,1.4109,845,845,,3337.8397,5752 5804 2950 4150 4154 4158 1963 1761 1965 7632 8340 10366 2821 10369 10372 10375 7691 569 7685 3289 10607 9716 9725 9719 9721 8424 8232 8229 3762 8227 8225 4567 2641 8222 8221 4580 7957 3815 4381 4386 4390 5757 5761 5765 5769,
3145,2,r3000,2455,5833,T2-r3000-5,2658,2925,2683.6936,dfs,4,TIMEOUT,2000.042,53834000,1428,0,,,
3146,2,r3000,2455,5833,T2-r3000-5,2658,2925,2683.6936,dijkstra,4,SUCCESS,5.1676,2104,2104,,3337.8397,5752 5804 2950 4150 4154 4158 1963 1761 1965 7632 8340 10366 2821 10369 10372 10375 7691 569 7685 3289 10607 9716 9725 9719 9721 8424 8232 8229 3762 8227 8225 4567 2641 8222 8221 4580 7957 3815 4381 4386 4390 5757 5761 5765 5769,
3147,2,r3000,2455,5833,T2-r3000-5,2658,2925,2683.6936,astar,4,SUCCESS,2.7021,845,845,,3337.8397,5752 5804 2950 4150 4154 4158 1963 1761 1965 7632 8340 10366 2821 10369 10372 10375 7691 569 7685 3289 10607 9716 9725 9719 9721 8424 8232 8229 3762 8227 8225 4567 2641 8222 8221 4580 7957 3815 4381 4386 4390 5757 5761 5765 5769,
3148,2,r3000,2455,5833,T2-r3000-5,2658,2925,2683.6936,dijkstra,5,SUCCESS,2.8404,2104,2104,,3337.8397,5752 5804 2950 4150 4154 4158 1963 1761 1965 7632 8340 10366 2821 10369 10372 10375 7691 569 7685 3289 10607 9716 9725 9719 9721 8424 8232 8229 3762 8227 8225 4567 2641 8222 8221 4580 7957 3815 4381 4386 4390 5757 5761 5765 5769,
3149,2,r3000,2455,5833,T2-r3000-5,2658,2925,2683.6936,dfs,5,TIMEOUT,2000.0553,53115000,1428,0,,,
3150,2,r3000,2455,5833,T2-r3000-5,2658,2925,2683.6936,astar,5,SUCCESS,2.6392,845,845,,3337.8397,5752 5804 2950 4150 4154 4158 1963 1761 1965 7632 8340 10366 2821 10369 10372 10375 7691 569 7685 3289 10607 9716 9725 9719 9721 8424 8232 8229 3762 8227 8225 4567 2641 8222 8221 4580 7957 3815 4381 4386 4390 5757 5761 5765 5769,
3151,2,r3000,2455,5833,T2-r3000-6,484,3813,3383.2292,dijkstra,1,SUCCESS,4.2503,2145,2145,,3842.1192,6750 6755 859 793 758 757 738 5730 11004 5697 10323 831 7657 2378 1830 1090 10975 10977 10979 10968 3289 10607 9716 9725 9719 9721 8424 8232 8229 3762 8227 8225 4567 2641 8222 8219 2689 2683 2673 4575 2670 2658 1479 1482 8235 8236 5145 7509 5149 7511 2235 8286 2496 8190 8196 8198,
3152,2,r3000,2455,5833,T2-r3000-6,484,3813,3383.2292,astar,1,SUCCESS,0.9857,356,356,,3842.1192,6750 6755 859 793 758 757 738 5730 11004 5697 10323 831 7657 2378 1830 1090 10975 10977 10979 10968 3289 10607 9716 9725 9719 9721 8424 8232 8229 3762 8227 8225 4567 2641 8222 8219 2689 2683 2673 4575 2670 2658 1479 1482 8235 8236 5145 7509 5149 7511 2235 8286 2496 8190 8196 8198,
3153,2,r3000,2455,5833,T2-r3000-6,484,3813,3383.2292,dfs,1,TIMEOUT,2000.041,49221000,693,0,,,
3154,2,r3000,2455,5833,T2-r3000-6,484,3813,3383.2292,astar,2,SUCCESS,1.1451,356,356,,3842.1192,6750 6755 859 793 758 757 738 5730 11004 5697 10323 831 7657 2378 1830 1090 10975 10977 10979 10968 3289 10607 9716 9725 9719 9721 8424 8232 8229 3762 8227 8225 4567 2641 8222 8219 2689 2683 2673 4575 2670 2658 1479 1482 8235 8236 5145 7509 5149 7511 2235 8286 2496 8190 8196 8198,
3155,2,r3000,2455,5833,T2-r3000-6,484,3813,3383.2292,dijkstra,2,SUCCESS,3.6812,2145,2145,,3842.1192,6750 6755 859 793 758 757 738 5730 11004 5697 10323 831 7657 2378 1830 1090 10975 10977 10979 10968 3289 10607 9716 9725 9719 9721 8424 8232 8229 3762 8227 8225 4567 2641 8222 8219 2689 2683 2673 4575 2670 2658 1479 1482 8235 8236 5145 7509 5149 7511 2235 8286 2496 8190 8196 8198,
3156,2,r3000,2455,5833,T2-r3000-6,484,3813,3383.2292,dfs,2,TIMEOUT,2000.0315,52730000,693,0,,,
3157,2,r3000,2455,5833,T2-r3000-6,484,3813,3383.2292,dijkstra,3,SUCCESS,3.2279,2145,2145,,3842.1192,6750 6755 859 793 758 757 738 5730 11004 5697 10323 831 7657 2378 1830 1090 10975 10977 10979 10968 3289 10607 9716 9725 9719 9721 8424 8232 8229 3762 8227 8225 4567 2641 8222 8219 2689 2683 2673 4575 2670 2658 1479 1482 8235 8236 5145 7509 5149 7511 2235 8286 2496 8190 8196 8198,
3158,2,r3000,2455,5833,T2-r3000-6,484,3813,3383.2292,dfs,3,TIMEOUT,2000.045,49781000,693,0,,,
3159,2,r3000,2455,5833,T2-r3000-6,484,3813,3383.2292,astar,3,SUCCESS,1.4234,356,356,,3842.1192,6750 6755 859 793 758 757 738 5730 11004 5697 10323 831 7657 2378 1830 1090 10975 10977 10979 10968 3289 10607 9716 9725 9719 9721 8424 8232 8229 3762 8227 8225 4567 2641 8222 8219 2689 2683 2673 4575 2670 2658 1479 1482 8235 8236 5145 7509 5149 7511 2235 8286 2496 8190 8196 8198,
3160,2,r3000,2455,5833,T2-r3000-6,484,3813,3383.2292,astar,4,SUCCESS,1.4566,356,356,,3842.1192,6750 6755 859 793 758 757 738 5730 11004 5697 10323 831 7657 2378 1830 1090 10975 10977 10979 10968 3289 10607 9716 9725 9719 9721 8424 8232 8229 3762 8227 8225 4567 2641 8222 8219 2689 2683 2673 4575 2670 2658 1479 1482 8235 8236 5145 7509 5149 7511 2235 8286 2496 8190 8196 8198,
3161,2,r3000,2455,5833,T2-r3000-6,484,3813,3383.2292,dfs,4,TIMEOUT,2000.045,51380000,693,0,,,
3162,2,r3000,2455,5833,T2-r3000-6,484,3813,3383.2292,dijkstra,4,SUCCESS,4.7562,2145,2145,,3842.1192,6750 6755 859 793 758 757 738 5730 11004 5697 10323 831 7657 2378 1830 1090 10975 10977 10979 10968 3289 10607 9716 9725 9719 9721 8424 8232 8229 3762 8227 8225 4567 2641 8222 8219 2689 2683 2673 4575 2670 2658 1479 1482 8235 8236 5145 7509 5149 7511 2235 8286 2496 8190 8196 8198,
3163,2,r3000,2455,5833,T2-r3000-6,484,3813,3383.2292,dijkstra,5,SUCCESS,3.916,2145,2145,,3842.1192,6750 6755 859 793 758 757 738 5730 11004 5697 10323 831 7657 2378 1830 1090 10975 10977 10979 10968 3289 10607 9716 9725 9719 9721 8424 8232 8229 3762 8227 8225 4567 2641 8222 8219 2689 2683 2673 4575 2670 2658 1479 1482 8235 8236 5145 7509 5149 7511 2235 8286 2496 8190 8196 8198,
3164,2,r3000,2455,5833,T2-r3000-6,484,3813,3383.2292,dfs,5,TIMEOUT,2000.0418,48503000,693,0,,,
3165,2,r3000,2455,5833,T2-r3000-6,484,3813,3383.2292,astar,5,SUCCESS,1.6503,356,356,,3842.1192,6750 6755 859 793 758 757 738 5730 11004 5697 10323 831 7657 2378 1830 1090 10975 10977 10979 10968 3289 10607 9716 9725 9719 9721 8424 8232 8229 3762 8227 8225 4567 2641 8222 8219 2689 2683 2673 4575 2670 2658 1479 1482 8235 8236 5145 7509 5149 7511 2235 8286 2496 8190 8196 8198,
3166,2,r3000,2455,5833,T2-r3000-7,3794,3181,3745.6246,dfs,1,TIMEOUT,2000.0362,51709000,1385,221781,,,
3167,2,r3000,2455,5833,T2-r3000-7,3794,3181,3745.6246,dijkstra,1,SUCCESS,3.2068,2221,2221,,5293.911,8154 8157 9971 9151 9975 2356 2359 2362 2365 2368 1314 1313 7822 486 485 7807 7804 444 443 7585 7595 426 430 434 8650 3662 3666 3669 1552 1555 1558 1561 3793 3782 9118 8158 8162 5584 8165 6204 8168 8171 6207 8174 8178 6211 1191 1188 1185 1182 1181 6218 8820 8823 4627 4630 1595 1599 6509 6512 6432 6426 6431,
3168,2,r3000,2455,5833,T2-r3000-7,3794,3181,3745.6246,astar,1,SUCCESS,2.8881,1051,1051,,5293.911,8154 8157 9971 9151 9975 2356 2359 2362 2365 2368 1314 1313 7822 486 485 7807 7804 444 443 7585 7595 426 430 434 8650 3662 3666 3669 1552 1555 1558 1561 3793 3782 9118 8158 8162 5584 8165 6204 8168 8171 6207 8174 8178 6211 1191 1188 1185 1182 1181 6218 8820 8823 4627 4630 1595 1599 6509 6512 6432 6426 6431,
3169,2,r3000,2455,5833,T2-r3000-7,3794,3181,3745.6246,astar,2,SUCCESS,2.4018,1051,1051,,5293.911,8154 8157 9971 9151 9975 2356 2359 2362 2365 2368 1314 1313 7822 486 485 7807 7804 444 443 7585 7595 426 430 434 8650 3662 3666 3669 1552 1555 1558 1561 3793 3782 9118 8158 8162 5584 8165 6204 8168 8171 6207 8174 8178 6211 1191 1188 1185 1182 1181 6218 8820 8823 4627 4630 1595 1599 6509 6512 6432 6426 6431,
3170,2,r3000,2455,5833,T2-r3000-7,3794,3181,3745.6246,dijkstra,2,SUCCESS,2.3207,2221,2221,,5293.911,8154 8157 9971 9151 9975 2356 2359 2362 2365 2368 1314 1313 7822 486 485 7807 7804 444 443 7585 7595 426 430 434 8650 3662 3666 3669 1552 1555 1558 1561 3793 3782 9118 8158 8162 5584 8165 6204 8168 8171 6207 8174 8178 6211 1191 1188 1185 1182 1181 6218 8820 8823 4627 4630 1595 1599 6509 6512 6432 6426 6431,
3171,2,r3000,2455,5833,T2-r3000-7,3794,3181,3745.6246,dfs,2,TIMEOUT,2000.0284,55620000,1393,255112,,,
3172,2,r3000,2455,5833,T2-r3000-7,3794,3181,3745.6246,astar,3,SUCCESS,3.2334,1051,1051,,5293.911,8154 8157 9971 9151 9975 2356 2359 2362 2365 2368 1314 1313 7822 486 485 7807 7804 444 443 7585 7595 426 430 434 8650 3662 3666 3669 1552 1555 1558 1561 3793 3782 9118 8158 8162 5584 8165 6204 8168 8171 6207 8174 8178 6211 1191 1188 1185 1182 1181 6218 8820 8823 4627 4630 1595 1599 6509 6512 6432 6426 6431,
3173,2,r3000,2455,5833,T2-r3000-7,3794,3181,3745.6246,dfs,3,TIMEOUT,2000.0463,52831000,1385,231921,,,
3174,2,r3000,2455,5833,T2-r3000-7,3794,3181,3745.6246,dijkstra,3,SUCCESS,4.6128,2221,2221,,5293.911,8154 8157 9971 9151 9975 2356 2359 2362 2365 2368 1314 1313 7822 486 485 7807 7804 444 443 7585 7595 426 430 434 8650 3662 3666 3669 1552 1555 1558 1561 3793 3782 9118 8158 8162 5584 8165 6204 8168 8171 6207 8174 8178 6211 1191 1188 1185 1182 1181 6218 8820 8823 4627 4630 1595 1599 6509 6512 6432 6426 6431,
3175,2,r3000,2455,5833,T2-r3000-7,3794,3181,3745.6246,dijkstra,4,SUCCESS,1.3263,2221,2221,,5293.911,8154 8157 9971 9151 9975 2356 2359 2362 2365 2368 1314 1313 7822 486 485 7807 7804 444 443 7585 7595 426 430 434 8650 3662 3666 3669 1552 1555 1558 1561 3793 3782 9118 8158 8162 5584 8165 6204 8168 8171 6207 8174 8178 6211 1191 1188 1185 1182 1181 6218 8820 8823 4627 4630 1595 1599 6509 6512 6432 6426 6431,
3176,2,r3000,2455,5833,T2-r3000-7,3794,3181,3745.6246,dfs,4,TIMEOUT,2000.0557,55853000,1393,257303,,,
3177,2,r3000,2455,5833,T2-r3000-7,3794,3181,3745.6246,astar,4,SUCCESS,2.7686,1051,1051,,5293.911,8154 8157 9971 9151 9975 2356 2359 2362 2365 2368 1314 1313 7822 486 485 7807 7804 444 443 7585 7595 426 430 434 8650 3662 3666 3669 1552 1555 1558 1561 3793 3782 9118 8158 8162 5584 8165 6204 8168 8171 6207 8174 8178 6211 1191 1188 1185 1182 1181 6218 8820 8823 4627 4630 1595 1599 6509 6512 6432 6426 6431,
3178,2,r3000,2455,5833,T2-r3000-7,3794,3181,3745.6246,astar,5,SUCCESS,2.3804,1051,1051,,5293.911,8154 8157 9971 9151 9975 2356 2359 2362 2365 2368 1314 1313 7822 486 485 7807 7804 444 443 7585 7595 426 430 434 8650 3662 3666 3669 1552 1555 1558 1561 3793 3782 9118 8158 8162 5584 8165 6204 8168 8171 6207 8174 8178 6211 1191 1188 1185 1182 1181 6218 8820 8823 4627 4630 1595 1599 6509 6512 6432 6426 6431,
3179,2,r3000,2455,5833,T2-r3000-7,3794,3181,3745.6246,dfs,5,TIMEOUT,2000.0523,52884000,1385,232435,,,
3180,2,r3000,2455,5833,T2-r3000-7,3794,3181,3745.6246,dijkstra,5,SUCCESS,4.9759,2221,2221,,5293.911,8154 8157 9971 9151 9975 2356 2359 2362 2365 2368 1314 1313 7822 486 485 7807 7804 444 443 7585 7595 426 430 434 8650 3662 3666 3669 1552 1555 1558 1561 3793 3782 9118 8158 8162 5584 8165 6204 8168 8171 6207 8174 8178 6211 1191 1188 1185 1182 1181 6218 8820 8823 4627 4630 1595 1599 6509 6512 6432 6426 6431,
3181,2,r3000,2455,5833,T2-r3000-8,694,1736,3784.4765,astar,1,SUCCESS,0.3414,400,400,,4700.3205,1246 1243 1240 1237 1234 1231 1228 1225 1222 1219 1216 1213 1210 1207 1204 1201 1198 1195 10011 10027 10008 10024 7867 1846 1849 1852 1855 1858 1862 1270 8386 1894 7738 7735 7732 7729 7726 7723 7853 7722 7856 7608 7610 7612 7614 523 2720 2717 2714 2694 2698 8288 2823 7961 2829 2828 4141 4144 3003 3002 6056,
3182,2,r3000,2455,5833,T2-r3000-8,694,1736,3784.4765,dfs,1,TIMEOUT,2000.0591,47891000,1095,0,,,
3183,2,r3000,2455,5833,T2-r3000-8,694,1736,3784.4765,dijkstra,1,SUCCESS,3.7936,1189,1189,,4700.3205,1246 1243 1240 1237 1234 1231 1228 1225 1222 1219 1216 1213 1210 1207 1204 1201 1198 1195 10011 10027 10008 10024 7867 1846 1849 1852 1855 1858 1862 1270 8386 1894 7738 7735 7732 7729 7726 7723 7853 7722 7856 7608 7610 7612 7614 523 2720 2717 2714 2694 2698 8288 2823 7961 2829 2828 4141 4144 3003 3002 6056,
3184,2,r3000,2455,5833,T2-r3000-8,694,1736,3784.4765,astar,2,SUCCESS,1.1608,400,400,,4700.3205,1246 1243 1240 1237 1234 1231 1228 1225 1222 1219 1216 1213 1210 1207 1204 1201 1198 1195 10011 10027 10008 10024 7867 1846 1849 1852 1855 1858 1862 1270 8386 1894 7738 7735 7732 7729 7726 7723 7853 7722 7856 7608 7610 7612 7614 523 2720 2717 2714 2694 2698 8288 2823 7961 2829 2828 4141 4144 3003 3002 6056,
3185,2,r3000,2455,5833,T2-r3000-8,694,1736,3784.4765,dfs,2,TIMEOUT,2000.0425,51949000,1095,0,,,
3186,2,r3000,2455,5833,T2-r3000-8,694,1736,3784.4765,dijkstra,2,SUCCESS,3.6353,1189,1189,,4700.3205,1246 1243 1240 1237 1234 1231 1228 1225 1222 1219 1216 1213 1210 1207 1204 1201 1198 1195 10011 10027 10008 10024 7867 1846 1849 1852 1855 1858 1862 1270 8386 1894 7738 7735 7732 7729 7726 7723 7853 7722 7856 7608 7610 7612 7614 523 2720 2717 2714 2694 2698 8288 2823 7961 2829 2828 4141 4144 3003 3002 6056,
3187,2,r3000,2455,5833,T2-r3000-8,694,1736,3784.4765,dijkstra,3,SUCCESS,2.2886,1189,1189,,4700.3205,1246 1243 1240 1237 1234 1231 1228 1225 1222 1219 1216 1213 1210 1207 1204 1201 1198 1195 10011 10027 10008 10024 7867 1846 1849 1852 1855 1858 1862 1270 8386 1894 7738 7735 7732 7729 7726 7723 7853 7722 7856 7608 7610 7612 7614 523 2720 2717 2714 2694 2698 8288 2823 7961 2829 2828 4141 4144 3003 3002 6056,
3188,2,r3000,2455,5833,T2-r3000-8,694,1736,3784.4765,dfs,3,TIMEOUT,2000.0371,50782000,1095,0,,,
3189,2,r3000,2455,5833,T2-r3000-8,694,1736,3784.4765,astar,3,SUCCESS,1.1424,400,400,,4700.3205,1246 1243 1240 1237 1234 1231 1228 1225 1222 1219 1216 1213 1210 1207 1204 1201 1198 1195 10011 10027 10008 10024 7867 1846 1849 1852 1855 1858 1862 1270 8386 1894 7738 7735 7732 7729 7726 7723 7853 7722 7856 7608 7610 7612 7614 523 2720 2717 2714 2694 2698 8288 2823 7961 2829 2828 4141 4144 3003 3002 6056,
3190,2,r3000,2455,5833,T2-r3000-8,694,1736,3784.4765,dijkstra,4,SUCCESS,2.1585,1189,1189,,4700.3205,1246 1243 1240 1237 1234 1231 1228 1225 1222 1219 1216 1213 1210 1207 1204 1201 1198 1195 10011 10027 10008 10024 7867 1846 1849 1852 1855 1858 1862 1270 8386 1894 7738 7735 7732 7729 7726 7723 7853 7722 7856 7608 7610 7612 7614 523 2720 2717 2714 2694 2698 8288 2823 7961 2829 2828 4141 4144 3003 3002 6056,
3191,2,r3000,2455,5833,T2-r3000-8,694,1736,3784.4765,astar,4,SUCCESS,0.6902,400,400,,4700.3205,1246 1243 1240 1237 1234 1231 1228 1225 1222 1219 1216 1213 1210 1207 1204 1201 1198 1195 10011 10027 10008 10024 7867 1846 1849 1852 1855 1858 1862 1270 8386 1894 7738 7735 7732 7729 7726 7723 7853 7722 7856 7608 7610 7612 7614 523 2720 2717 2714 2694 2698 8288 2823 7961 2829 2828 4141 4144 3003 3002 6056,
3192,2,r3000,2455,5833,T2-r3000-8,694,1736,3784.4765,dfs,4,TIMEOUT,2000.0441,50232000,1095,0,,,
3193,2,r3000,2455,5833,T2-r3000-8,694,1736,3784.4765,dfs,5,TIMEOUT,2000.0542,50715000,1095,0,,,
3194,2,r3000,2455,5833,T2-r3000-8,694,1736,3784.4765,dijkstra,5,SUCCESS,2.9058,1189,1189,,4700.3205,1246 1243 1240 1237 1234 1231 1228 1225 1222 1219 1216 1213 1210 1207 1204 1201 1198 1195 10011 10027 10008 10024 7867 1846 1849 1852 1855 1858 1862 1270 8386 1894 7738 7735 7732 7729 7726 7723 7853 7722 7856 7608 7610 7612 7614 523 2720 2717 2714 2694 2698 8288 2823 7961 2829 2828 4141 4144 3003 3002 6056,
3195,2,r3000,2455,5833,T2-r3000-8,694,1736,3784.4765,astar,5,SUCCESS,1.7209,400,400,,4700.3205,1246 1243 1240 1237 1234 1231 1228 1225 1222 1219 1216 1213 1210 1207 1204 1201 1198 1195 10011 10027 10008 10024 7867 1846 1849 1852 1855 1858 1862 1270 8386 1894 7738 7735 7732 7729 7726 7723 7853 7722 7856 7608 7610 7612 7614 523 2720 2717 2714 2694 2698 8288 2823 7961 2829 2828 4141 4144 3003 3002 6056,
3196,2,r3000,2455,5833,T2-r3000-9,1513,2448,2827.1422,astar,1,SUCCESS,0.2694,226,226,,3658.2823,2587 2895 2892 2891 5598 5597 1862 1267 1272 1880 1884 1887 1891 493 1140 1143 1146 1149 1153 1156 1159 1162 1166 1169 1172 1176 1179 1183 1186 1189 1193 4700 8181 9906 9909 9123 9912 9915 2047 10253 10256 4656 9527 9589 4601 4614 4650,
3197,2,r3000,2455,5833,T2-r3000-9,1513,2448,2827.1422,dijkstra,1,SUCCESS,2.5864,1955,1955,,3658.2823,2587 2895 2892 2891 5598 5597 1862 1267 1272 1880 1884 1887 1891 493 1140 1143 1146 1149 1153 1156 1159 1162 1166 1169 1172 1176 1179 1183 1186 1189 1193 4700 8181 9906 9909 9123 9912 9915 2047 10253 10256 4656 9527 9589 4601 4614 4650,
3198,2,r3000,2455,5833,T2-r3000-9,1513,2448,2827.1422,dfs,1,TIMEOUT,2000.0342,49803000,1109,0,,,
3199,2,r3000,2455,5833,T2-r3000-9,1513,2448,2827.1422,astar,2,SUCCESS,0.6694,226,226,,3658.2823,2587 2895 2892 2891 5598 5597 1862 1267 1272 1880 1884 1887 1891 493 1140 1143 1146 1149 1153 1156 1159 1162 1166 1169 1172 1176 1179 1183 1186 1189 1193 4700 8181 9906 9909 9123 9912 9915 2047 10253 10256 4656 9527 9589 4601 4614 4650,
3200,2,r3000,2455,5833,T2-r3000-9,1513,2448,2827.1422,dijkstra,2,SUCCESS,4.4711,1955,1955,,3658.2823,2587 2895 2892 2891 5598 5597 1862 1267 1272 1880 1884 1887 1891 493 1140 1143 1146 1149 1153 1156 1159 1162 1166 1169 1172 1176 1179 1183 1186 1189 1193 4700 8181 9906 9909 9123 9912 9915 2047 10253 10256 4656 9527 9589 4601 4614 4650,
3201,2,r3000,2455,5833,T2-r3000-9,1513,2448,2827.1422,dfs,2,TIMEOUT,2000.0366,49817000,1109,0,,,
3202,2,r3000,2455,5833,T2-r3000-9,1513,2448,2827.1422,dfs,3,TIMEOUT,2000.0548,49342000,1109,0,,,
3203,2,r3000,2455,5833,T2-r3000-9,1513,2448,2827.1422,astar,3,SUCCESS,0.9902,226,226,,3658.2823,2587 2895 2892 2891 5598 5597 1862 1267 1272 1880 1884 1887 1891 493 1140 1143 1146 1149 1153 1156 1159 1162 1166 1169 1172 1176 1179 1183 1186 1189 1193 4700 8181 9906 9909 9123 9912 9915 2047 10253 10256 4656 9527 9589 4601 4614 4650,
3204,2,r3000,2455,5833,T2-r3000-9,1513,2448,2827.1422,dijkstra,3,SUCCESS,5.2684,1955,1955,,3658.2823,2587 2895 2892 2891 5598 5597 1862 1267 1272 1880 1884 1887 1891 493 1140 1143 1146 1149 1153 1156 1159 1162 1166 1169 1172 1176 1179 1183 1186 1189 1193 4700 8181 9906 9909 9123 9912 9915 2047 10253 10256 4656 9527 9589 4601 4614 4650,
3205,2,r3000,2455,5833,T2-r3000-9,1513,2448,2827.1422,dfs,4,TIMEOUT,2000.0482,45671000,1109,0,,,
3206,2,r3000,2455,5833,T2-r3000-9,1513,2448,2827.1422,astar,4,SUCCESS,1.5283,226,226,,3658.2823,2587 2895 2892 2891 5598 5597 1862 1267 1272 1880 1884 1887 1891 493 1140 1143 1146 1149 1153 1156 1159 1162 1166 1169 1172 1176 1179 1183 1186 1189 1193 4700 8181 9906 9909 9123 9912 9915 2047 10253 10256 4656 9527 9589 4601 4614 4650,
3207,2,r3000,2455,5833,T2-r3000-9,1513,2448,2827.1422,dijkstra,4,SUCCESS,4.0928,1955,1955,,3658.2823,2587 2895 2892 2891 5598 5597 1862 1267 1272 1880 1884 1887 1891 493 1140 1143 1146 1149 1153 1156 1159 1162 1166 1169 1172 1176 1179 1183 1186 1189 1193 4700 8181 9906 9909 9123 9912 9915 2047 10253 10256 4656 9527 9589 4601 4614 4650,
3208,2,r3000,2455,5833,T2-r3000-9,1513,2448,2827.1422,dfs,5,TIMEOUT,2000.0304,46347000,1109,0,,,
3209,2,r3000,2455,5833,T2-r3000-9,1513,2448,2827.1422,astar,5,SUCCESS,0.8854,226,226,,3658.2823,2587 2895 2892 2891 5598 5597 1862 1267 1272 1880 1884 1887 1891 493 1140 1143 1146 1149 1153 1156 1159 1162 1166 1169 1172 1176 1179 1183 1186 1189 1193 4700 8181 9906 9909 9123 9912 9915 2047 10253 10256 4656 9527 9589 4601 4614 4650,
3210,2,r3000,2455,5833,T2-r3000-9,1513,2448,2827.1422,dijkstra,5,SUCCESS,5.2015,1955,1955,,3658.2823,2587 2895 2892 2891 5598 5597 1862 1267 1272 1880 1884 1887 1891 493 1140 1143 1146 1149 1153 1156 1159 1162 1166 1169 1172 1176 1179 1183 1186 1189 1193 4700 8181 9906 9909 9123 9912 9915 2047 10253 10256 4656 9527 9589 4601 4614 4650,
3211,2,r3000,2455,5833,T2-r3000-10,703,1110,2988.621,dijkstra,1,SUCCESS,0.2498,271,271,,3340.5852,10074 1255 1252 1249 1246 1243 1240 1237 1234 1231 1228 1225 1222 1219 1216 1213 1210 1207 1204 1201 1198 1195 10011 10027 10008 10024 7867 1846 1849 1852 1855 1858 1862 1270 8386 1894 7738,
3212,2,r3000,2455,5833,T2-r3000-10,703,1110,2988.621,astar,1,SUCCESS,0.1423,75,75,,3340.5852,10074 1255 1252 1249 1246 1243 1240 1237 1234 1231 1228 1225 1222 1219 1216 1213 1210 1207 1204 1201 1198 1195 10011 10027 10008 10024 7867 1846 1849 1852 1855 1858 1862 1270 8386 1894 7738,
3213,2,r3000,2455,5833,T2-r3000-10,703,1110,2988.621,dfs,1,TIMEOUT,2000.0341,46865000,1119,2,,,
3214,2,r3000,2455,5833,T2-r3000-10,703,1110,2988.621,dfs,2,TIMEOUT,2000.0625,45671000,1119,2,,,
3215,2,r3000,2455,5833,T2-r3000-10,703,1110,2988.621,dijkstra,2,SUCCESS,0.8702,271,271,,3340.5852,10074 1255 1252 1249 1246 1243 1240 1237 1234 1231 1228 1225 1222 1219 1216 1213 1210 1207 1204 1201 1198 1195 10011 10027 10008 10024 7867 1846 1849 1852 1855 1858 1862 1270 8386 1894 7738,
3216,2,r3000,2455,5833,T2-r3000-10,703,1110,2988.621,astar,2,SUCCESS,0.2283,75,75,,3340.5852,10074 1255 1252 1249 1246 1243 1240 1237 1234 1231 1228 1225 1222 1219 1216 1213 1210 1207 1204 1201 1198 1195 10011 10027 10008 10024 7867 1846 1849 1852 1855 1858 1862 1270 8386 1894 7738,
3217,2,r3000,2455,5833,T2-r3000-10,703,1110,2988.621,astar,3,SUCCESS,0.223,75,75,,3340.5852,10074 1255 1252 1249 1246 1243 1240 1237 1234 1231 1228 1225 1222 1219 1216 1213 1210 1207 1204 1201 1198 1195 10011 10027 10008 10024 7867 1846 1849 1852 1855 1858 1862 1270 8386 1894 7738,
3218,2,r3000,2455,5833,T2-r3000-10,703,1110,2988.621,dfs,3,TIMEOUT,2000.0461,51002000,1119,2,,,
3219,2,r3000,2455,5833,T2-r3000-10,703,1110,2988.621,dijkstra,3,SUCCESS,0.8604,271,271,,3340.5852,10074 1255 1252 1249 1246 1243 1240 1237 1234 1231 1228 1225 1222 1219 1216 1213 1210 1207 1204 1201 1198 1195 10011 10027 10008 10024 7867 1846 1849 1852 1855 1858 1862 1270 8386 1894 7738,
3220,2,r3000,2455,5833,T2-r3000-10,703,1110,2988.621,dijkstra,4,SUCCESS,0.6469,271,271,,3340.5852,10074 1255 1252 1249 1246 1243 1240 1237 1234 1231 1228 1225 1222 1219 1216 1213 1210 1207 1204 1201 1198 1195 10011 10027 10008 10024 7867 1846 1849 1852 1855 1858 1862 1270 8386 1894 7738,
3221,2,r3000,2455,5833,T2-r3000-10,703,1110,2988.621,dfs,4,TIMEOUT,2000.0314,46986000,1119,2,,,
3222,2,r3000,2455,5833,T2-r3000-10,703,1110,2988.621,astar,4,SUCCESS,0.2992,75,75,,3340.5852,10074 1255 1252 1249 1246 1243 1240 1237 1234 1231 1228 1225 1222 1219 1216 1213 1210 1207 1204 1201 1198 1195 10011 10027 10008 10024 7867 1846 1849 1852 1855 1858 1862 1270 8386 1894 7738,
3223,2,r3000,2455,5833,T2-r3000-10,703,1110,2988.621,dfs,5,TIMEOUT,2000.043,45720000,1119,2,,,
3224,2,r3000,2455,5833,T2-r3000-10,703,1110,2988.621,dijkstra,5,SUCCESS,0.6839,271,271,,3340.5852,10074 1255 1252 1249 1246 1243 1240 1237 1234 1231 1228 1225 1222 1219 1216 1213 1210 1207 1204 1201 1198 1195 10011 10027 10008 10024 7867 1846 1849 1852 1855 1858 1862 1270 8386 1894 7738,
3225,2,r3000,2455,5833,T2-r3000-10,703,1110,2988.621,astar,5,SUCCESS,0.4095,75,75,,3340.5852,10074 1255 1252 1249 1246 1243 1240 1237 1234 1231 1228 1225 1222 1219 1216 1213 1210 1207 1204 1201 1198 1195 10011 10027 10008 10024 7867 1846 1849 1852 1855 1858 1862 1270 8386 1894 7738,
3226,2,r5000,4006,9689,T2-r5000-1,71,1003,4404.5482,dijkstra,1,SUCCESS,5.492,1861,1861,,5840.7581,6910 7091 182 7088 7087 6957 7074 7077 7080 7160 10287 7197 10283 10267 7058 1865 9241 10423 5867 6942 1593 5725 5709 7915 1470 7539 73 10597 1724 10996 9731 10998 3549 5698 11003 5728 5689 787 3505 731 727 3521 878 611 607 10986 10990 10993 10903 10364 10896 10356 10357 10898 10899 10340 975 1754 1755 1725 1757 1759 1734,
3227,2,r5000,4006,9689,T2-r5000-1,71,1003,4404.5482,astar,1,SUCCESS,2.2354,674,674,,5840.7581,6910 7091 182 7088 7087 6957 7074 7077 7080 7160 10287 7197 10283 10267 7058 1865 9241 10423 5867 6942 1593 5725 5709 7915 1470 7539 73 10597 1724 10996 9731 10998 3549 5698 11003 5728 5689 787 3505 731 727 3521 878 611 607 10986 10990 10993 10903 10364 10896 10356 10357 10898 10899 10340 975 1754 1755 1725 1757 1759 1734,
3228,2,r5000,4006,9689,T2-r5000-1,71,1003,4404.5482,dfs,1,TIMEOUT,2000.0381,44607000,1487,1,,,
3229,2,r5000,4006,9689,T2-r5000-1,71,1003,4404.5482,astar,2,SUCCESS,2.0804,674,674,,5840.7581,6910 7091 182 7088 7087 6957 7074 7077 7080 7160 10287 7197 10283 10267 7058 1865 9241 10423 5867 6942 1593 5725 5709 7915 1470 7539 73 10597 1724 10996 9731 10998 3549 5698 11003 5728 5689 787 3505 731 727 3521 878 611 607 10986 10990 10993 10903 10364 10896 10356 10357 10898 10899 10340 975 1754 1755 1725 1757 1759 1734,
3230,2,r5000,4006,9689,T2-r5000-1,71,1003,4404.5482,dfs,2,TIMEOUT,2000.0513,44049000,1487,1,,,
3231,2,r5000,4006,9689,T2-r5000-1,71,1003,4404.5482,dijkstra,2,SUCCESS,4.9283,1861,1861,,5840.7581,6910 7091 182 7088 7087 6957 7074 7077 7080 7160 10287 7197 10283 10267 7058 1865 9241 10423 5867 6942 1593 5725 5709 7915 1470 7539 73 10597 1724 10996 9731 10998 3549 5698 11003 5728 5689 787 3505 731 727 3521 878 611 607 10986 10990 10993 10903 10364 10896 10356 10357 10898 10899 10340 975 1754 1755 1725 1757 1759 1734,
3232,2,r5000,4006,9689,T2-r5000-1,71,1003,4404.5482,dfs,3,TIMEOUT,2000.2203,44842000,1487,1,,,
3233,2,r5000,4006,9689,T2-r5000-1,71,1003,4404.5482,astar,3,SUCCESS,2.9309,674,674,,5840.7581,6910 7091 182 7088 7087 6957 7074 7077 7080 7160 10287 7197 10283 10267 7058 1865 9241 10423 5867 6942 1593 5725 5709 7915 1470 7539 73 10597 1724 10996 9731 10998 3549 5698 11003 5728 5689 787 3505 731 727 3521 878 611 607 10986 10990 10993 10903 10364 10896 10356 10357 10898 10899 10340 975 1754 1755 1725 1757 1759 1734,
3234,2,r5000,4006,9689,T2-r5000-1,71,1003,4404.5482,dijkstra,3,SUCCESS,4.677,1861,1861,,5840.7581,6910 7091 182 7088 7087 6957 7074 7077 7080 7160 10287 7197 10283 10267 7058 1865 9241 10423 5867 6942 1593 5725 5709 7915 1470 7539 73 10597 1724 10996 9731 10998 3549 5698 11003 5728 5689 787 3505 731 727 3521 878 611 607 10986 10990 10993 10903 10364 10896 10356 10357 10898 10899 10340 975 1754 1755 1725 1757 1759 1734,
3235,2,r5000,4006,9689,T2-r5000-1,71,1003,4404.5482,astar,4,SUCCESS,1.1266,674,674,,5840.7581,6910 7091 182 7088 7087 6957 7074 7077 7080 7160 10287 7197 10283 10267 7058 1865 9241 10423 5867 6942 1593 5725 5709 7915 1470 7539 73 10597 1724 10996 9731 10998 3549 5698 11003 5728 5689 787 3505 731 727 3521 878 611 607 10986 10990 10993 10903 10364 10896 10356 10357 10898 10899 10340 975 1754 1755 1725 1757 1759 1734,
3236,2,r5000,4006,9689,T2-r5000-1,71,1003,4404.5482,dfs,4,TIMEOUT,2000.0748,43789000,1487,1,,,
3237,2,r5000,4006,9689,T2-r5000-1,71,1003,4404.5482,dijkstra,4,SUCCESS,3.8428,1861,1861,,5840.7581,6910 7091 182 7088 7087 6957 7074 7077 7080 7160 10287 7197 10283 10267 7058 1865 9241 10423 5867 6942 1593 5725 5709 7915 1470 7539 73 10597 1724 10996 9731 10998 3549 5698 11003 5728 5689 787 3505 731 727 3521 878 611 607 10986 10990 10993 10903 10364 10896 10356 10357 10898 10899 10340 975 1754 1755 1725 1757 1759 1734,
3238,2,r5000,4006,9689,T2-r5000-1,71,1003,4404.5482,dfs,5,TIMEOUT,2000.057,44025000,1487,1,,,
3239,2,r5000,4006,9689,T2-r5000-1,71,1003,4404.5482,astar,5,SUCCESS,3.0737,674,674,,5840.7581,6910 7091 182 7088 7087 6957 7074 7077 7080 7160 10287 7197 10283 10267 7058 1865 9241 10423 5867 6942 1593 5725 5709 7915 1470 7539 73 10597 1724 10996 9731 10998 3549 5698 11003 5728 5689 787 3505 731 727 3521 878 611 607 10986 10990 10993 10903 10364 10896 10356 10357 10898 10899 10340 975 1754 1755 1725 1757 1759 1734,
3240,2,r5000,4006,9689,T2-r5000-1,71,1003,4404.5482,dijkstra,5,SUCCESS,5.0186,1861,1861,,5840.7581,6910 7091 182 7088 7087 6957 7074 7077 7080 7160 10287 7197 10283 10267 7058 1865 9241 10423 5867 6942 1593 5725 5709 7915 1470 7539 73 10597 1724 10996 9731 10998 3549 5698 11003 5728 5689 787 3505 731 727 3521 878 611 607 10986 10990 10993 10903 10364 10896 10356 10357 10898 10899 10340 975 1754 1755 1725 1757 1759 1734,
3241,2,r5000,4006,9689,T2-r5000-2,3497,4318,6638.7339,dijkstra,1,SUCCESS,2.3564,3914,3914,,9935.6582,7303 7211 7189 7193 7197 10283 10267 7058 1865 9241 10423 5867 6942 1593 5725 5709 7915 1470 7539 73 10597 1723 1721 993 990 987 677 673 670 667 663 660 657 655 1115 1112 1109 1106 1102 1098 1095 1091 827 1088 7638 7635 875 7633 8342 686 682 9246 2723 520 517 514 512 2709 2713 7783 7780 7777 7774 7772 7761 8817 8413 8410 8407 8404 8401 1163 6237 6234 6231 6228 6227 6240 4630 1595 1598 1601 1604 1607 1610 1614 4132 4131 9802,
3242,2,r5000,4006,9689,T2-r5000-2,3497,4318,6638.7339,astar,1,SUCCESS,3.2113,2400,2400,,9935.6582,7303 7211 7189 7193 7197 10283 10267 7058 1865 9241 10423 5867 6942 1593 5725 5709 7915 1470 7539 73 10597 1723 1721 993 990 987 677 673 670 667 663 660 657 655 1115 1112 1109 1106 1102 1098 1095 1091 827 1088 7638 7635 875 7633 8342 686 682 9246 2723 520 517 514 512 2709 2713 7783 7780 7777 7774 7772 7761 8817 8413 8410 8407 8404 8401 1163 6237 6234 6231 6228 6227 6240 4630 1595 1598 1601 1604 1607 1610 1614 4132 4131 9802,
3243,2,r5000,4006,9689,T2-r5000-2,3497,4318,6638.7339,dfs,1,TIMEOUT,2000.06,44192000,1332,0,,,
3244,2,r5000,4006,9689,T2-r5000-2,3497,4318,6638.7339,dijkstra,2,SUCCESS,7.5201,3914,3914,,9935.6582,7303 7211 7189 7193 7197 10283 10267 7058 1865 9241 10423 5867 6942 1593 5725 5709 7915 1470 7539 73 10597 1723 1721 993 990 987 677 673 670 667 663 660 657 655 1115 1112 1109 1106 1102 1098 1095 1091 827 1088 7638 7635 875 7633 8342 686 682 9246 2723 520 517 514 512 2709 2713 7783 7780 7777 7774 7772 7761 8817 8413 8410 8407 8404 8401 1163 6237 6234 6231 6228 6227 6240 4630 1595 1598 1601 1604 1607 1610 1614 4132 4131 9802,
3245,2,r5000,4006,9689,T2-r5000-2,3497,4318,6638.7339,dfs,2,TIMEOUT,2000.0719,42825000,1332,0,,,
3246,2,r5000,4006,9689,T2-r5000-2,3497,4318,6638.7339,astar,2,SUCCESS,7.7496,2400,2400,,9935.6582,7303 7211 7189 7193 7197 10283 10267 7058 1865 9241 10423 5867 6942 1593 5725 5709 7915 1470 7539 73 10597 1723 1721 993 990 987 677 673 670 667 663 660 657 655 1115 1112 1109 1106 1102 1098 1095 1091 827 1088 7638 7635 875 7633 8342 686 682 9246 2723 520 517 514 512 2709 2713 7783 7780 7777 7774 7772 7761 8817 8413 8410 8407 8404 8401 1163 6237 6234 6231 6228 6227 6240 4630 1595 1598 1601 1604 1607 1610 1614 4132 4131 9802,
3247,2,r5000,4006,9689,T2-r5000-2,3497,4318,6638.7339,dijkstra,3,SUCCESS,3.9577,3914,3914,,9935.6582,7303 7211 7189 7193 7197 10283 10267 7058 1865 9241 10423 5867 6942 1593 5725 5709 7915 1470 7539 73 10597 1723 1721 993 990 987 677 673 670 667 663 660 657 655 1115 1112 1109 1106 1102 1098 1095 1091 827 1088 7638 7635 875 7633 8342 686 682 9246 2723 520 517 514 512 2709 2713 7783 7780 7777 7774 7772 7761 8817 8413 8410 8407 8404 8401 1163 6237 6234 6231 6228 6227 6240 4630 1595 1598 1601 1604 1607 1610 1614 4132 4131 9802,
3248,2,r5000,4006,9689,T2-r5000-2,3497,4318,6638.7339,astar,3,SUCCESS,2.451,2400,2400,,9935.6582,7303 7211 7189 7193 7197 10283 10267 7058 1865 9241 10423 5867 6942 1593 5725 5709 7915 1470 7539 73 10597 1723 1721 993 990 987 677 673 670 667 663 660 657 655 1115 1112 1109 1106 1102 1098 1095 1091 827 1088 7638 7635 875 7633 8342 686 682 9246 2723 520 517 514 512 2709 2713 7783 7780 7777 7774 7772 7761 8817 8413 8410 8407 8404 8401 1163 6237 6234 6231 6228 6227 6240 4630 1595 1598 1601 1604 1607 1610 1614 4132 4131 9802,
3249,2,r5000,4006,9689,T2-r5000-2,3497,4318,6638.7339,dfs,3,TIMEOUT,2000.0752,42293000,1332,0,,,
3250,2,r5000,4006,9689,T2-r5000-2,3497,4318,6638.7339,dfs,4,TIMEOUT,2000.0841,42507000,1332,0,,,
3251,2,r5000,4006,9689,T2-r5000-2,3497,4318,6638.7339,dijkstra,4,SUCCESS,8.4984,3914,3914,,9935.6582,7303 7211 7189 7193 7197 10283 10267 7058 1865 9241 10423 5867 6942 1593 5725 5709 7915 1470 7539 73 10597 1723 1721 993 990 987 677 673 670 667 663 660 657 655 1115 1112 1109 1106 1102 1098 1095 1091 827 1088 7638 7635 875 7633 8342 686 682 9246 2723 520 517 514 512 2709 2713 7783 7780 7777 7774 7772 7761 8817 8413 8410 8407 8404 8401 1163 6237 6234 6231 6228 6227 6240 4630 1595 1598 1601 1604 1607 1610 1614 4132 4131 9802,
3252,2,r5000,4006,9689,T2-r5000-2,3497,4318,6638.7339,astar,4,SUCCESS,5.8529,2400,2400,,9935.6582,7303 7211 7189 7193 7197 10283 10267 7058 1865 9241 10423 5867 6942 1593 5725 5709 7915 1470 7539 73 10597 1723 1721 993 990 987 677 673 670 667 663 660 657 655 1115 1112 1109 1106 1102 1098 1095 1091 827 1088 7638 7635 875 7633 8342 686 682 9246 2723 520 517 514 512 2709 2713 7783 7780 7777 7774 7772 7761 8817 8413 8410 8407 8404 8401 1163 6237 6234 6231 6228 6227 6240 4630 1595 1598 1601 1604 1607 1610 1614 4132 4131 9802,
3253,2,r5000,4006,9689,T2-r5000-2,3497,4318,6638.7339,astar,5,SUCCESS,5.6402,2400,2400,,9935.6582,7303 7211 7189 7193 7197 10283 10267 7058 1865 9241 10423 5867 6942 1593 5725 5709 7915 1470 7539 73 10597 1723 1721 993 990 987 677 673 670 667 663 660 657 655 1115 1112 1109 1106 1102 1098 1095 1091 827 1088 7638 7635 875 7633 8342 686 682 9246 2723 520 517 514 512 2709 2713 7783 7780 7777 7774 7772 7761 8817 8413 8410 8407 8404 8401 1163 6237 6234 6231 6228 6227 6240 4630 1595 1598 1601 1604 1607 1610 1614 4132 4131 9802,
3254,2,r5000,4006,9689,T2-r5000-2,3497,4318,6638.7339,dfs,5,TIMEOUT,2000.0782,44084000,1332,0,,,
3255,2,r5000,4006,9689,T2-r5000-2,3497,4318,6638.7339,dijkstra,5,SUCCESS,8.2809,3914,3914,,9935.6582,7303 7211 7189 7193 7197 10283 10267 7058 1865 9241 10423 5867 6942 1593 5725 5709 7915 1470 7539 73 10597 1723 1721 993 990 987 677 673 670 667 663 660 657 655 1115 1112 1109 1106 1102 1098 1095 1091 827 1088 7638 7635 875 7633 8342 686 682 9246 2723 520 517 514 512 2709 2713 7783 7780 7777 7774 7772 7761 8817 8413 8410 8407 8404 8401 1163 6237 6234 6231 6228 6227 6240 4630 1595 1598 1601 1604 1607 1610 1614 4132 4131 9802,
3256,2,r5000,4006,9689,T2-r5000-3,2463,1361,5361.0404,astar,1,SUCCESS,0.8298,614,614,,8315.5326,9125 4669 4668 4690 4693 4696 4613 4618 4621 4624 4627 4630 1595 1598 1601 1604 1607 1610 1613 1616 1619 1622 1625 1628 1631 1635 10504 10502 2303 2306 2309 2312,
3257,2,r5000,4006,9689,T2-r5000-3,2463,1361,5361.0404,dfs,1,TIMEOUT,2000.0819,44354000,240,0,,,
3258,2,r5000,4006,9689,T2-r5000-3,2463,1361,5361.0404,dijkstra,1,SUCCESS,8.6528,3442,3442,,8315.5326,9125 4669 4668 4690 4693 4696 4613 4618 4621 4624 4627 4630 1595 1598 1601 1604 1607 1610 1613 1616 1619 1622 1625 1628 1631 1635 10504 10502 2303 2306 2309 2312,
3259,2,r5000,4006,9689,T2-r5000-3,2463,1361,5361.0404,astar,2,SUCCESS,0.6373,614,614,,8315.5326,9125 4669 4668 4690 4693 4696 4613 4618 4621 4624 4627 4630 1595 1598 1601 1604 1607 1610 1613 1616 1619 1622 1625 1628 1631 1635 10504 10502 2303 2306 2309 2312,
3260,2,r5000,4006,9689,T2-r5000-3,2463,1361,5361.0404,dijkstra,2,SUCCESS,1.9779,3442,3442,,8315.5326,9125 4669 4668 4690 4693 4696 4613 4618 4621 4624 4627 4630 1595 1598 1601 1604 1607 1610 1613 1616 1619 1622 1625 1628 1631 1635 10504 10502 2303 2306 2309 2312,
3261,2,r5000,4006,9689,T2-r5000-3,2463,1361,5361.0404,dfs,2,TIMEOUT,2000.0521,44263000,240,0,,,
3262,2,r5000,4006,9689,T2-r5000-3,2463,1361,5361.0404,dijkstra,3,SUCCESS,7.6266,3442,3442,,8315.5326,9125 4669 4668 4690 4693 4696 4613 4618 4621 4624 4627 4630 1595 1598 1601 1604 1607 1610 1613 1616 1619 1622 1625 1628 1631 1635 10504 10502 2303 2306 2309 2312,
3263,2,r5000,4006,9689,T2-r5000-3,2463,1361,5361.0404,dfs,3,TIMEOUT,2000.0581,44598000,240,0,,,
3264,2,r5000,4006,9689,T2-r5000-3,2463,1361,5361.0404,astar,3,SUCCESS,1.6185,614,614,,8315.5326,9125 4669 4668 4690 4693 4696 4613 4618 4621 4624 4627 4630 1595 1598 1601 1604 1607 1610 1613 1616 1619 1622 1625 1628 1631 1635 10504 10502 2303 2306 2309 2312,
3265,2,r5000,4006,9689,T2-r5000-3,2463,1361,5361.0404,dfs,4,TIMEOUT,2000.0638,44082000,240,0,,,
3266,2,r5000,4006,9689,T2-r5000-3,2463,1361,5361.0404,astar,4,SUCCESS,2.0409,614,614,,8315.5326,9125 4669 4668 4690 4693 4696 4613 4618 4621 4624 4627 4630 1595 1598 1601 1604 1607 1610 1613 1616 1619 1622 1625 1628 1631 1635 10504 10502 2303 2306 2309 2312,
3267,2,r5000,4006,9689,T2-r5000-3,2463,1361,5361.0404,dijkstra,4,SUCCESS,5.6509,3442,3442,,8315.5326,9125 4669 4668 4690 4693 4696 4613 4618 4621 4624 4627 4630 1595 1598 1601 1604 1607 1610 1613 1616 1619 1622 1625 1628 1631 1635 10504 10502 2303 2306 2309 2312,
3268,2,r5000,4006,9689,T2-r5000-3,2463,1361,5361.0404,dijkstra,5,SUCCESS,2.3803,3442,3442,,8315.5326,9125 4669 4668 4690 4693 4696 4613 4618 4621 4624 4627 4630 1595 1598 1601 1604 1607 1610 1613 1616 1619 1622 1625 1628 1631 1635 10504 10502 2303 2306 2309 2312,
3269,2,r5000,4006,9689,T2-r5000-3,2463,1361,5361.0404,dfs,5,TIMEOUT,2000.0587,48135000,240,0,,,
3270,2,r5000,4006,9689,T2-r5000-3,2463,1361,5361.0404,astar,5,SUCCESS,1.4439,614,614,,8315.5326,9125 4669 4668 4690 4693 4696 4613 4618 4621 4624 4627 4630 1595 1598 1601 1604 1607 1610 1613 1616 1619 1622 1625 1628 1631 1635 10504 10502 2303 2306 2309 2312,
3271,2,r5000,4006,9689,T2-r5000-4,609,3922,4102.1267,dfs,1,TIMEOUT,2000.05,48251000,1710,0,,,
3272,2,r5000,4006,9689,T2-r5000-4,609,3922,4102.1267,astar,1,SUCCESS,4.0373,1286,1286,,5112.9133,9249 1095 1091 827 1088 7640 1838 1840 2382 2380 1735 1737 3499 10988 7643 10990 10993 10903 10364 10896 10356 10357 10898 10899 10340 975 1754 1755 1725 1757 1759 1733 1728 8250 8248 8245 4929 8244 7569 7571 7573 7568 529 8152 8154 8156 2347 1340 5341 6640 6631 6634 6637 5400 3865 5390 8237 8239 2198 2195 2192 2189 2186 2183 2180 2178 2175 2096 2174 8512 8532 8529 8527 8537,
3273,2,r5000,4006,9689,T2-r5000-4,609,3922,4102.1267,dijkstra,1,SUCCESS,7.7471,3348,3348,,5112.9133,9249 1095 1091 827 1088 7640 1838 1840 2382 2380 1735 1737 3499 10988 7643 10990 10993 10903 10364 10896 10356 10357 10898 10899 10340 975 1754 1755 1725 1757 1759 1733 1728 8250 8248 8245 4929 8244 7569 7571 7573 7568 529 8152 8154 8156 2347 1340 5341 6640 6631 6634 6637 5400 3865 5390 8237 8239 2198 2195 2192 2189 2186 2183 2180 2178 2175 2096 2174 8512 8532 8529 8527 8537,
3274,2,r5000,4006,9689,T2-r5000-4,609,3922,4102.1267,dijkstra,2,SUCCESS,2.5447,3348,3348,,5112.9133,9249 1095 1091 827 1088 7640 1838 1840 2382 2380 1735 1737 3499 10988 7643 10990 10993 10903 10364 10896 10356 10357 10898 10899 10340 975 1754 1755 1725 1757 1759 1733 1728 8250 8248 8245 4929 8244 7569 7571 7573 7568 529 8152 8154 8156 2347 1340 5341 6640 6631 6634 6637 5400 3865 5390 8237 8239 2198 2195 2192 2189 2186 2183 2180 2178 2175 2096 2174 8512 8532 8529 8527 8537,
3275,2,r5000,4006,9689,T2-r5000-4,609,3922,4102.1267,astar,2,SUCCESS,1.0496,1286,1286,,5112.9133,9249 1095 1091 827 1088 7640 1838 1840 2382 2380 1735 1737 3499 10988 7643 10990 10993 10903 10364 10896 10356 10357 10898 10899 10340 975 1754 1755 1725 1757 1759 1733 1728 8250 8248 8245 4929 8244 7569 7571 7573 7568 529 8152 8154 8156 2347 1340 5341 6640 6631 6634 6637 5400 3865 5390 8237 8239 2198 2195 2192 2189 2186 2183 2180 2178 2175 2096 2174 8512 8532 8529 8527 8537,
3276,2,r5000,4006,9689,T2-r5000-4,609,3922,4102.1267,dfs,2,TIMEOUT,2000.0715,45180000,1710,0,,,
3277,2,r5000,4006,9689,T2-r5000-4,609,3922,4102.1267,dfs,3,TIMEOUT,2000.0892,47086000,1710,0,,,
3278,2,r5000,4006,9689,T2-r5000-4,609,3922,4102.1267,astar,3,SUCCESS,3.5533,1286,1286,,5112.9133,9249 1095 1091 827 1088 7640 1838 1840 2382 2380 1735 1737 3499 10988 7643 10990 10993 10903 10364 10896 10356 10357 10898 10899 10340 975 1754 1755 1725 1757 1759 1733 1728 8250 8248 8245 4929 8244 7569 7571 7573 7568 529 8152 8154 8156 2347 1340 5341 6640 6631 6634 6637 5400 3865 5390 8237 8239 2198 2195 2192 2189 2186 2183 2180 2178 2175 2096 2174 8512 8532 8529 8527 8537,
3279,2,r5000,4006,9689,T2-r5000-4,609,3922,4102.1267,dijkstra,3,SUCCESS,5.6073,3348,3348,,5112.9133,9249 1095 1091 827 1088 7640 1838 1840 2382 2380 1735 1737 3499 10988 7643 10990 10993 10903 10364 10896 10356 10357 10898 10899 10340 975 1754 1755 1725 1757 1759 1733 1728 8250 8248 8245 4929 8244 7569 7571 7573 7568 529 8152 8154 8156 2347 1340 5341 6640 6631 6634 6637 5400 3865 5390 8237 8239 2198 2195 2192 2189 2186 2183 2180 2178 2175 2096 2174 8512 8532 8529 8527 8537,
3280,2,r5000,4006,9689,T2-r5000-4,609,3922,4102.1267,dijkstra,4,SUCCESS,1.7117,3348,3348,,5112.9133,9249 1095 1091 827 1088 7640 1838 1840 2382 2380 1735 1737 3499 10988 7643 10990 10993 10903 10364 10896 10356 10357 10898 10899 10340 975 1754 1755 1725 1757 1759 1733 1728 8250 8248 8245 4929 8244 7569 7571 7573 7568 529 8152 8154 8156 2347 1340 5341 6640 6631 6634 6637 5400 3865 5390 8237 8239 2198 2195 2192 2189 2186 2183 2180 2178 2175 2096 2174 8512 8532 8529 8527 8537,
3281,2,r5000,4006,9689,T2-r5000-4,609,3922,4102.1267,dfs,4,TIMEOUT,2000.0629,53185000,1710,0,,,
3282,2,r5000,4006,9689,T2-r5000-4,609,3922,4102.1267,astar,4,SUCCESS,4.1724,1286,1286,,5112.9133,9249 1095 1091 827 1088 7640 1838 1840 2382 2380 1735 1737 3499 10988 7643 10990 10993 10903 10364 10896 10356 10357 10898 10899 10340 975 1754 1755 1725 1757 1759 1733 1728 8250 8248 8245 4929 8244 7569 7571 7573 7568 529 8152 8154 8156 2347 1340 5341 6640 6631 6634 6637 5400 3865 5390 8237 8239 2198 2195 2192 2189 2186 2183 2180 2178 2175 2096 2174 8512 8532 8529 8527 8537,
3283,2,r5000,4006,9689,T2-r5000-4,609,3922,4102.1267,dijkstra,5,SUCCESS,2.3149,3348,3348,,5112.9133,9249 1095 1091 827 1088 7640 1838 1840 2382 2380 1735 1737 3499 10988 7643 10990 10993 10903 10364 10896 10356 10357 10898 10899 10340 975 1754 1755 1725 1757 1759 1733 1728 8250 8248 8245 4929 8244 7569 7571 7573 7568 529 8152 8154 8156 2347 1340 5341 6640 6631 6634 6637 5400 3865 5390 8237 8239 2198 2195 2192 2189 2186 2183 2180 2178 2175 2096 2174 8512 8532 8529 8527 8537,
3284,2,r5000,4006,9689,T2-r5000-4,609,3922,4102.1267,astar,5,SUCCESS,1.0638,1286,1286,,5112.9133,9249 1095 1091 827 1088 7640 1838 1840 2382 2380 1735 1737 3499 10988 7643 10990 10993 10903 10364 10896 10356 10357 10898 10899 10340 975 1754 1755 1725 1757 1759 1733 1728 8250 8248 8245 4929 8244 7569 7571 7573 7568 529 8152 8154 8156 2347 1340 5341 6640 6631 6634 6637 5400 3865 5390 8237 8239 2198 2195 2192 2189 2186 2183 2180 2178 2175 2096 2174 8512 8532 8529 8527 8537,
3285,2,r5000,4006,9689,T2-r5000-4,609,3922,4102.1267,dfs,5,TIMEOUT,2000.0264,53514000,1710,0,,,
3286,2,r5000,4006,9689,T2-r5000-5,3720,1746,5268.7825,astar,1,SUCCESS,0.6779,702,702,,7507.1361,7931 7934 7938 10297 6881 8020 8022 7031 7032 7034 7039 7040 7020 7025 7046 7009 7000 7006 5567 5558 3318 3315 3297 3295 3291 3288 7684 567 7689 2803 7693 7696 2743 2785 2748 2747 2765 2768 2771 2723 522 3061 3062 3038 2937 6170 3068 3071 3074,
3287,2,r5000,4006,9689,T2-r5000-5,3720,1746,5268.7825,dijkstra,1,SUCCESS,1.2217,2423,2423,,7507.1361,7931 7934 7938 10297 6881 8020 8022 7031 7032 7034 7039 7040 7020 7025 7046 7009 7000 7006 5567 5558 3318 3315 3297 3295 3291 3288 7684 567 7689 2803 7693 7696 2743 2785 2748 2747 2765 2768 2771 2723 522 3061 3062 3038 2937 6170 3068 3071 3074,
3288,2,r5000,4006,9689,T2-r5000-5,3720,1746,5268.7825,dfs,1,TIMEOUT,2000.0356,53372000,2147,2,,,
3289,2,r5000,4006,9689,T2-r5000-5,3720,1746,5268.7825,dfs,2,TIMEOUT,2000.0429,52735000,2147,2,,,
3290,2,r5000,4006,9689,T2-r5000-5,3720,1746,5268.7825,astar,2,SUCCESS,3.3813,702,702,,7507.1361,7931 7934 7938 10297 6881 8020 8022 7031 7032 7034 7039 7040 7020 7025 7046 7009 7000 7006 5567 5558 3318 3315 3297 3295 3291 3288 7684 567 7689 2803 7693 7696 2743 2785 2748 2747 2765 2768 2771 2723 522 3061 3062 3038 2937 6170 3068 3071 3074,
3291,2,r5000,4006,9689,T2-r5000-5,3720,1746,5268.7825,dijkstra,2,SUCCESS,4.4005,2423,2423,,7507.1361,7931 7934 7938 10297 6881 8020 8022 7031 7032 7034 7039 7040 7020 7025 7046 7009 7000 7006 5567 5558 3318 3315 3297 3295 3291 3288 7684 567 7689 2803 7693 7696 2743 2785 2748 2747 2765 2768 2771 2723 522 3061 3062 3038 2937 6170 3068 3071 3074,
3292,2,r5000,4006,9689,T2-r5000-5,3720,1746,5268.7825,dfs,3,TIMEOUT,2000.0499,51811000,2147,2,,,
3293,2,r5000,4006,9689,T2-r5000-5,3720,1746,5268.7825,dijkstra,3,SUCCESS,5.7326,2423,2423,,7507.1361,7931 7934 7938 10297 6881 8020 8022 7031 7032 7034 7039 7040 7020 7025 7046 7009 7000 7006 5567 5558 3318 3315 3297 3295 3291 3288 7684 567 7689 2803 7693 7696 2743 2785 2748 2747 2765 2768 2771 2723 522 3061 3062 3038 2937 6170 3068 3071 3074,
3294,2,r5000,4006,9689,T2-r5000-5,3720,1746,5268.7825,astar,3,SUCCESS,1.9749,702,702,,7507.1361,7931 7934 7938 10297 6881 8020 8022 7031 7032 7034 7039 7040 7020 7025 7046 7009 7000 7006 5567 5558 3318 3315 3297 3295 3291 3288 7684 567 7689 2803 7693 7696 2743 2785 2748 2747 2765 2768 2771 2723 522 3061 3062 3038 2937 6170 3068 3071 3074,
3295,2,r5000,4006,9689,T2-r5000-5,3720,1746,5268.7825,astar,4,SUCCESS,1.1502,702,702,,7507.1361,7931 7934 7938 10297 6881 8020 8022 7031 7032 7034 7039 7040 7020 7025 7046 7009 7000 7006 5567 5558 3318 3315 3297 3295 3291 3288 7684 567 7689 2803 7693 7696 2743 2785 2748 2747 2765 2768 2771 2723 522 3061 3062 3038 2937 6170 3068 3071 3074,
3296,2,r5000,4006,9689,T2-r5000-5,3720,1746,5268.7825,dfs,4,TIMEOUT,2000.0547,52081000,2147,2,,,
3297,2,r5000,4006,9689,T2-r5000-5,3720,1746,5268.7825,dijkstra,4,SUCCESS,5.5823,2423,2423,,7507.1361,7931 7934 7938 10297 6881 8020 8022 7031 7032 7034 7039 7040 7020 7025 7046 7009 7000 7006 5567 5558 3318 3315 3297 3295 3291 3288 7684 567 7689 2803 7693 7696 2743 2785 2748 2747 2765 2768 2771 2723 522 3061 3062 3038 2937 6170 3068 3071 3074,
3298,2,r5000,4006,9689,T2-r5000-5,3720,1746,5268.7825,dijkstra,5,SUCCESS,3.621,2423,2423,,7507.1361,7931 7934 7938 10297 6881 8020 8022 7031 7032 7034 7039 7040 7020 7025 7046 7009 7000 7006 5567 5558 3318 3315 3297 3295 3291 3288 7684 567 7689 2803 7693 7696 2743 2785 2748 2747 2765 2768 2771 2723 522 3061 3062 3038 2937 6170 3068 3071 3074,
3299,2,r5000,4006,9689,T2-r5000-5,3720,1746,5268.7825,astar,5,SUCCESS,0.6715,702,702,,7507.1361,7931 7934 7938 10297 6881 8020 8022 7031 7032 7034 7039 7040 7020 7025 7046 7009 7000 7006 5567 5558 3318 3315 3297 3295 3291 3288 7684 567 7689 2803 7693 7696 2743 2785 2748 2747 2765 2768 2771 2723 522 3061 3062 3038 2937 6170 3068 3071 3074,
3300,2,r5000,4006,9689,T2-r5000-5,3720,1746,5268.7825,dfs,5,TIMEOUT,2000.0588,52163000,2147,2,,,
3301,2,r5000,4006,9689,T2-r5000-6,956,1298,4508.126,astar,1,SUCCESS,0.1953,297,297,,8426.3048,7999 1631 1635 10504 10502 2302 2299 2296 2293 2290 2287 2284 2281 2278 2275 2272 2269 2266 2263 2260 2256 2252 2249 2246 9349 2464 2433 2477 2474 2472 2470 2467 390 5141 5138 5135 6609 2222 2219,
3302,2,r5000,4006,9689,T2-r5000-6,956,1298,4508.126,dfs,1,TIMEOUT,2000.0356,51887000,1989,2,,,
3303,2,r5000,4006,9689,T2-r5000-6,956,1298,4508.126,dijkstra,1,SUCCESS,5.8644,3096,3096,,8426.3048,7999 1631 1635 10504 10502 2302 2299 2296 2293 2290 2287 2284 2281 2278 2275 2272 2269 2266 2263 2260 2256 2252 2249 2246 9349 2464 2433 2477 2474 2472 2470 2467 390 5141 5138 5135 6609 2222 2219,
3304,2,r5000,4006,9689,T2-r5000-6,956,1298,4508.126,dijkstra,2,SUCCESS,2.3821,3096,3096,,8426.3048,7999 1631 1635 10504 10502 2302 2299 2296 2293 2290 2287 2284 2281 2278 2275 2272 2269 2266 2263 2260 2256 2252 2249 2246 9349 2464 2433 2477 2474 2472 2470 2467 390 5141 5138 5135 6609 2222 2219,
3305,2,r5000,4006,9689,T2-r5000-6,956,1298,4508.126,dfs,2,TIMEOUT,2000.0297,52036000,1989,2,,,
3306,2,r5000,4006,9689,T2-r5000-6,956,1298,4508.126,astar,2,SUCCESS,1.2294,297,297,,8426.3048,7999 1631 1635 10504 10502 2302 2299 2296 2293 2290 2287 2284 2281 2278 2275 2272 2269 2266 2263 2260 2256 2252 2249 2246 9349 2464 2433 2477 2474 2472 2470 2467 390 5141 5138 5135 6609 2222 2219,
3307,2,r5000,4006,9689,T2-r5000-6,956,1298,4508.126,dfs,3,TIMEOUT,2000.0622,53292000,1989,2,,,
3308,2,r5000,4006,9689,T2-r5000-6,956,1298,4508.126,astar,3,SUCCESS,0.7556,297,297,,8426.3048,7999 1631 1635 10504 10502 2302 2299 2296 2293 2290 2287 2284 2281 2278 2275 2272 2269 2266 2263 2260 2256 2252 2249 2246 9349 2464 2433 2477 2474 2472 2470 2467 390 5141 5138 5135 6609 2222 2219,
3309,2,r5000,4006,9689,T2-r5000-6,956,1298,4508.126,dijkstra,3,SUCCESS,4.6185,3096,3096,,8426.3048,7999 1631 1635 10504 10502 2302 2299 2296 2293 2290 2287 2284 2281 2278 2275 2272 2269 2266 2263 2260 2256 2252 2249 2246 9349 2464 2433 2477 2474 2472 2470 2467 390 5141 5138 5135 6609 2222 2219,
3310,2,r5000,4006,9689,T2-r5000-6,956,1298,4508.126,dijkstra,4,SUCCESS,4.5464,3096,3096,,8426.3048,7999 1631 1635 10504 10502 2302 2299 2296 2293 2290 2287 2284 2281 2278 2275 2272 2269 2266 2263 2260 2256 2252 2249 2246 9349 2464 2433 2477 2474 2472 2470 2467 390 5141 5138 5135 6609 2222 2219,
3311,2,r5000,4006,9689,T2-r5000-6,956,1298,4508.126,dfs,4,TIMEOUT,2000.0618,51087000,1989,2,,,
3312,2,r5000,4006,9689,T2-r5000-6,956,1298,4508.126,astar,4,SUCCESS,0.6972,297,297,,8426.3048,7999 1631 1635 10504 10502 2302 2299 2296 2293 2290 2287 2284 2281 2278 2275 2272 2269 2266 2263 2260 2256 2252 2249 2246 9349 2464 2433 2477 2474 2472 2470 2467 390 5141 5138 5135 6609 2222 2219,
3313,2,r5000,4006,9689,T2-r5000-6,956,1298,4508.126,astar,5,SUCCESS,0.6649,297,297,,8426.3048,7999 1631 1635 10504 10502 2302 2299 2296 2293 2290 2287 2284 2281 2278 2275 2272 2269 2266 2263 2260 2256 2252 2249 2246 9349 2464 2433 2477 2474 2472 2470 2467 390 5141 5138 5135 6609 2222 2219,
3314,2,r5000,4006,9689,T2-r5000-6,956,1298,4508.126,dfs,5,TIMEOUT,2000.032,54474000,1989,2,,,
3315,2,r5000,4006,9689,T2-r5000-6,956,1298,4508.126,dijkstra,5,SUCCESS,4.1727,3096,3096,,8426.3048,7999 1631 1635 10504 10502 2302 2299 2296 2293 2290 2287 2284 2281 2278 2275 2272 2269 2266 2263 2260 2256 2252 2249 2246 9349 2464 2433 2477 2474 2472 2470 2467 390 5141 5138 5135 6609 2222 2219,
3316,2,r5000,4006,9689,T2-r5000-7,3565,2038,4657.2865,dijkstra,1,SUCCESS,2.3023,2351,2351,,5374.2388,10247 7489 3212 3209 5142 389 387 6657 3207 69 67 64 62 59 58 7514 8183 8185 7508 8191 8193 4495 2238 7532 7523 396 5148 2614 7524 5146 2865 7525 7527 3886 7528 3884 8202 4941 8204 8206 8209 8210 7668 532 8211 8213 4275 1941 8214 8216 1841 7608 7610 7612 7614 522 3061 3063 2939 3065 3750 3753 3756 3695 3759,
3317,2,r5000,4006,9689,T2-r5000-7,3565,2038,4657.2865,dfs,1,TIMEOUT,2000.0718,45750000,1462,1,,,
3318,2,r5000,4006,9689,T2-r5000-7,3565,2038,4657.2865,astar,1,SUCCESS,2.218,516,516,,5374.2388,10247 7489 3212 3209 5142 389 387 6657 3207 69 67 64 62 59 58 7514 8183 8185 7508 8191 8193 4495 2238 7532 7523 396 5148 2614 7524 5146 2865 7525 7527 3886 7528 3884 8202 4941 8204 8206 8209 8210 7668 532 8211 8213 4275 1941 8214 8216 1841 7608 7610 7612 7614 522 3061 3063 2939 3065 3750 3753 3756 3695 3759,
3319,2,r5000,4006,9689,T2-r5000-7,3565,2038,4657.2865,dijkstra,2,SUCCESS,6.2937,2351,2351,,5374.2388,10247 7489 3212 3209 5142 389 387 6657 3207 69 67 64 62 59 58 7514 8183 8185 7508 8191 8193 4495 2238 7532 7523 396 5148 2614 7524 5146 2865 7525 7527 3886 7528 3884 8202 4941 8204 8206 8209 8210 7668 532 8211 8213 4275 1941 8214 8216 1841 7608 7610 7612 7614 522 3061 3063 2939 3065 3750 3753 3756 3695 3759,
3320,2,r5000,4006,9689,T2-r5000-7,3565,2038,4657.2865,astar,2,SUCCESS,0.9252,516,516,,5374.2388,10247 7489 3212 3209 5142 389 387 6657 3207 69 67 64 62 59 58 7514 8183 8185 7508 8191 8193 4495 2238 7532 7523 396 5148 2614 7524 5146 2865 7525 7527 3886 7528 3884 8202 4941 8204 8206 8209 8210 7668 532 8211 8213 4275 1941 8214 8216 1841 7608 7610 7612 7614 522 3061 3063 2939 3065 3750 3753 3756 3695 3759,
3321,2,r5000,4006,9689,T2-r5000-7,3565,2038,4657.2865,dfs,2,TIMEOUT,2000.0428,47506000,1462,1,,,
3322,2,r5000,4006,9689,T2-r5000-7,3565,2038,4657.2865,astar,3,SUCCESS,2.4062,516,516,,5374.2388,10247 7489 3212 3209 5142 389 387 6657 3207 69 67 64 62 59 58 7514 8183 8185 7508 8191 8193 4495 2238 7532 7523 396 5148 2614 7524 5146 2865 7525 7527 3886 7528 3884 8202 4941 8204 8206 8209 8210 7668 532 8211 8213 4275 1941 8214 8216 1841 7608 7610 7612 7614 522 3061 3063 2939 3065 3750 3753 3756 3695 3759,
3323,2,r5000,4006,9689,T2-r5000-7,3565,2038,4657.2865,dijkstra,3,SUCCESS,6.2267,2351,2351,,5374.2388,10247 7489 3212 3209 5142 389 387 6657 3207 69 67 64 62 59 58 7514 8183 8185 7508 8191 8193 4495 2238 7532 7523 396 5148 2614 7524 5146 2865 7525 7527 3886 7528 3884 8202 4941 8204 8206 8209 8210 7668 532 8211 8213 4275 1941 8214 8216 1841 7608 7610 7612 7614 522 3061 3063 2939 3065 3750 3753 3756 3695 3759,
3324,2,r5000,4006,9689,T2-r5000-7,3565,2038,4657.2865,dfs,3,TIMEOUT,2000.0745,45356000,1462,1,,,
3325,2,r5000,4006,9689,T2-r5000-7,3565,2038,4657.2865,dijkstra,4,SUCCESS,6.347,2351,2351,,5374.2388,10247 7489 3212 3209 5142 389 387 6657 3207 69 67 64 62 59 58 7514 8183 8185 7508 8191 8193 4495 2238 7532 7523 396 5148 2614 7524 5146 2865 7525 7527 3886 7528 3884 8202 4941 8204 8206 8209 8210 7668 532 8211 8213 4275 1941 8214 8216 1841 7608 7610 7612 7614 522 3061 3063 2939 3065 3750 3753 3756 3695 3759,
3326,2,r5000,4006,9689,T2-r5000-7,3565,2038,4657.2865,astar,4,SUCCESS,1.5419,516,516,,5374.2388,10247 7489 3212 3209 5142 389 387 6657 3207 69 67 64 62 59 58 7514 8183 8185 7508 8191 8193 4495 2238 7532 7523 396 5148 2614 7524 5146 2865 7525 7527 3886 7528 3884 8202 4941 8204 8206 8209 8210 7668 532 8211 8213 4275 1941 8214 8216 1841 7608 7610 7612 7614 522 3061 3063 2939 3065 3750 3753 3756 3695 3759,
3327,2,r5000,4006,9689,T2-r5000-7,3565,2038,4657.2865,dfs,4,TIMEOUT,2000.0844,48273000,1462,1,,,
3328,2,r5000,4006,9689,T2-r5000-7,3565,2038,4657.2865,dijkstra,5,SUCCESS,6.9468,2351,2351,,5374.2388,10247 7489 3212 3209 5142 389 387 6657 3207 69 67 64 62 59 58 7514 8183 8185 7508 8191 8193 4495 2238 7532 7523 396 5148 2614 7524 5146 2865 7525 7527 3886 7528 3884 8202 4941 8204 8206 8209 8210 7668 532 8211 8213 4275 1941 8214 8216 1841 7608 7610 7612 7614 522 3061 3063 2939 3065 3750 3753 3756 3695 3759,
3329,2,r5000,4006,9689,T2-r5000-7,3565,2038,4657.2865,dfs,5,TIMEOUT,2000.0552,46152000,1462,1,,,
3330,2,r5000,4006,9689,T2-r5000-7,3565,2038,4657.2865,astar,5,SUCCESS,1.9283,516,516,,5374.2388,10247 7489 3212 3209 5142 389 387 6657 3207 69 67 64 62 59 58 7514 8183 8185 7508 8191 8193 4495 2238 7532 7523 396 5148 2614 7524 5146 2865 7525 7527 3886 7528 3884 8202 4941 8204 8206 8209 8210 7668 532 8211 8213 4275 1941 8214 8216 1841 7608 7610 7612 7614 522 3061 3063 2939 3065 3750 3753 3756 3695 3759,
3331,2,r5000,4006,9689,T2-r5000-8,1326,2773,5934.8301,astar,1,SUCCESS,0.3351,404,404,,7345.5501,9006 2252 2249 2246 9351 1264 1261 1258 1255 1252 1249 1246 1243 1240 1237 1234 1231 1228 1225 1222 1219 1216 1213 1210 1207 1204 1201 1198 1195 10011 10027 10008 10024 7867 1846 1849 1852 1855 1858 1862 1270 8386 1894 7738 7735 7732 7729 7726 7723 7853 7722 7856 7608 7610 7612 7614 522 3061 3063 2939 3065 3751 7616 7618 7621 10922 2374 7591 7593 571 7594 530 474 7579 7582 5436 5401,
3332,2,r5000,4006,9689,T2-r5000-8,1326,2773,5934.8301,dfs,1,TIMEOUT,2000.0547,53209000,1616,0,,,
3333,2,r5000,4006,9689,T2-r5000-8,1326,2773,5934.8301,dijkstra,1,SUCCESS,5.9426,2953,2953,,7345.5501,9006 2252 2249 2246 9351 1264 1261 1258 1255 1252 1249 1246 1243 1240 1237 1234 1231 1228 1225 1222 1219 1216 1213 1210 1207 1204 1201 1198 1195 10011 10027 10008 10024 7867 1846 1849 1852 1855 1858 1862 1270 8386 1894 7738 7735 7732 7729 7726 7723 7853 7722 7856 7608 7610 7612 7614 522 3061 3063 2939 3065 3751 7616 7618 7621 10922 2374 7591 7593 571 7594 530 474 7579 7582 5436 5401,
3334,2,r5000,4006,9689,T2-r5000-8,1326,2773,5934.8301,astar,2,SUCCESS,0.5224,404,404,,7345.5501,9006 2252 2249 2246 9351 1264 1261 1258 1255 1252 1249 1246 1243 1240 1237 1234 1231 1228 1225 1222 1219 1216 1213 1210 1207 1204 1201 1198 1195 10011 10027 10008 10024 7867 1846 1849 1852 1855 1858 1862 1270 8386 1894 7738 7735 7732 7729 7726 7723 7853 7722 7856 7608 7610 7612 7614 522 3061 3063 2939 3065 3751 7616 7618 7621 10922 2374 7591 7593 571 7594 530 474 7579 7582 5436 5401,
3335,2,r5000,4006,9689,T2-r5000-8,1326,2773,5934.8301,dfs,2,TIMEOUT,2000.0598,53231000,1616,0,,,
3336,2,r5000,4006,9689,T2-r5000-8,1326,2773,5934.8301,dijkstra,2,SUCCESS,6.2879,2953,2953,,7345.5501,9006 2252 2249 2246 9351 1264 1261 1258 1255 1252 1249 1246 1243 1240 1237 1234 1231 1228 1225 1222 1219 1216 1213 1210 1207 1204 1201 1198 1195 10011 10027 10008 10024 7867 1846 1849 1852 1855 1858 1862 1270 8386 1894 7738 7735 7732 7729 7726 7723 7853 7722 7856 7608 7610 7612 7614 522 3061 3063 2939 3065 3751 7616 7618 7621 10922 2374 7591 7593 571 7594 530 474 7579 7582 5436 5401,
3337,2,r5000,4006,9689,T2-r5000-8,1326,2773,5934.8301,astar,3,SUCCESS,1.1011,404,404,,7345.5501,9006 2252 2249 2246 9351 1264 1261 1258 1255 1252 1249 1246 1243 1240 1237 1234 1231 1228 1225 1222 1219 1216 1213 1210 1207 1204 1201 1198 1195 10011 10027 10008 10024 7867 1846 1849 1852 1855 1858 1862 1270 8386 1894 7738 7735 7732 7729 7726 7723 7853 7722 7856 7608 7610 7612 7614 522 3061 3063 2939 3065 3751 7616 7618 7621 10922 2374 7591 7593 571 7594 530 474 7579 7582 5436 5401,
3338,2,r5000,4006,9689,T2-r5000-8,1326,2773,5934.8301,dijkstra,3,SUCCESS,4.493,2953,2953,,7345.5501,9006 2252 2249 2246 9351 1264 1261 1258 1255 1252 1249 1246 1243 1240 1237 1234 1231 1228 1225 1222 1219 1216 1213 1210 1207 1204 1201 1198 1195 10011 10027 10008 10024 7867 1846 1849 1852 1855 1858 1862 1270 8386 1894 7738 7735 7732 7729 7726 7723 7853 7722 7856 7608 7610 7612 7614 522 3061 3063 2939 3065 3751 7616 7618 7621 10922 2374 7591 7593 571 7594 530 474 7579 7582 5436 5401,
3339,2,r5000,4006,9689,T2-r5000-8,1326,2773,5934.8301,dfs,3,TIMEOUT,2000.0474,54046000,1616,0,,,
3340,2,r5000,4006,9689,T2-r5000-8,1326,2773,5934.8301,dfs,4,TIMEOUT,2000.0689,55037000,1616,0,,,
3341,2,r5000,4006,9689,T2-r5000-8,1326,2773,5934.8301,dijkstra,4,SUCCESS,6.206,2953,2953,,7345.5501,9006 2252 2249 2246 9351 1264 1261 1258 1255 1252 1249 1246 1243 1240 1237 1234 1231 1228 1225 1222 1219 1216 1213 1210 1207 1204 1201 1198 1195 10011 10027 10008 10024 7867 1846 1849 1852 1855 1858 1862 1270 8386 1894 7738 7735 7732 7729 7726 7723 7853 7722 7856 7608 7610 7612 7614 522 3061 3063 2939 3065 3751 7616 7618 7621 10922 2374 7591 7593 571 7594 530 474 7579 7582 5436 5401,
3342,2,r5000,4006,9689,T2-r5000-8,1326,2773,5934.8301,astar,4,SUCCESS,1.0144,404,404,,7345.5501,9006 2252 2249 2246 9351 1264 1261 1258 1255 1252 1249 1246 1243 1240 1237 1234 1231 1228 1225 1222 1219 1216 1213 1210 1207 1204 1201 1198 1195 10011 10027 10008 10024 7867 1846 1849 1852 1855 1858 1862 1270 8386 1894 7738 7735 7732 7729 7726 7723 7853 7722 7856 7608 7610 7612 7614 522 3061 3063 2939 3065 3751 7616 7618 7621 10922 2374 7591 7593 571 7594 530 474 7579 7582 5436 5401,
3343,2,r5000,4006,9689,T2-r5000-8,1326,2773,5934.8301,dijkstra,5,SUCCESS,5.5312,2953,2953,,7345.5501,9006 2252 2249 2246 9351 1264 1261 1258 1255 1252 1249 1246 1243 1240 1237 1234 1231 1228 1225 1222 1219 1216 1213 1210 1207 1204 1201 1198 1195 10011 10027 10008 10024 7867 1846 1849 1852 1855 1858 1862 1270 8386 1894 7738 7735 7732 7729 7726 7723 7853 7722 7856 7608 7610 7612 7614 522 3061 3063 2939 3065 3751 7616 7618 7621 10922 2374 7591 7593 571 7594 530 474 7579 7582 5436 5401,
3344,2,r5000,4006,9689,T2-r5000-8,1326,2773,5934.8301,dfs,5,TIMEOUT,2000.0737,53699000,1616,0,,,
3345,2,r5000,4006,9689,T2-r5000-8,1326,2773,5934.8301,astar,5,SUCCESS,1.3043,404,404,,7345.5501,9006 2252 2249 2246 9351 1264 1261 1258 1255 1252 1249 1246 1243 1240 1237 1234 1231 1228 1225 1222 1219 1216 1213 1210 1207 1204 1201 1198 1195 10011 10027 10008 10024 7867 1846 1849 1852 1855 1858 1862 1270 8386 1894 7738 7735 7732 7729 7726 7723 7853 7722 7856 7608 7610 7612 7614 522 3061 3063 2939 3065 3751 7616 7618 7621 10922 2374 7591 7593 571 7594 530 474 7579 7582 5436 5401,
3346,2,r5000,4006,9689,T2-r5000-9,299,131,4973.0164,astar,1,SUCCESS,1.227,1530,1530,,6948.1796,505 510 5608 10653 10656 1852 1855 1858 1862 1270 8386 1893 1897 1900 1903 1906 1909 1912 1915 1918 1921 1924 1927 1930 1934 1939 8284 8218 7623 3125 3108 7682 569 7685 3287 3292 3294 3299 3316 3319 5559 5569 7008 7084 7134 10280 7171 7182 10282 10269 10284 7199 10288 7161 7079 7353 7256 7097 6954 10286 394 223,
3347,2,r5000,4006,9689,T2-r5000-9,299,131,4973.0164,dfs,1,TIMEOUT,2000.0491,49770000,2056,0,,,
3348,2,r5000,4006,9689,T2-r5000-9,299,131,4973.0164,dijkstra,1,SUCCESS,8.2653,3767,3767,,6948.1796,505 510 5608 10653 10656 1852 1855 1858 1862 1270 8386 1893 1897 1900 1903 1906 1909 1912 1915 1918 1921 1924 1927 1930 1934 1939 8284 8218 7623 3125 3108 7682 569 7685 3287 3292 3294 3299 3316 3319 5559 5569 7008 7084 7134 10280 7171 7182 10282 10269 10284 7199 10288 7161 7079 7353 7256 7097 6954 10286 394 223,
3349,2,r5000,4006,9689,T2-r5000-9,299,131,4973.0164,astar,2,SUCCESS,2.1681,1530,1530,,6948.1796,505 510 5608 10653 10656 1852 1855 1858 1862 1270 8386 1893 1897 1900 1903 1906 1909 1912 1915 1918 1921 1924 1927 1930 1934 1939 8284 8218 7623 3125 3108 7682 569 7685 3287 3292 3294 3299 3316 3319 5559 5569 7008 7084 7134 10280 7171 7182 10282 10269 10284 7199 10288 7161 7079 7353 7256 7097 6954 10286 394 223,
3350,2,r5000,4006,9689,T2-r5000-9,299,131,4973.0164,dfs,2,TIMEOUT,2000.0478,48789000,2056,0,,,
3351,2,r5000,4006,9689,T2-r5000-9,299,131,4973.0164,dijkstra,2,SUCCESS,6.6584,3767,3767,,6948.1796,505 510 5608 10653 10656 1852 1855 1858 1862 1270 8386 1893 1897 1900 1903 1906 1909 1912 1915 1918 1921 1924 1927 1930 1934 1939 8284 8218 7623 3125 3108 7682 569 7685 3287 3292 3294 3299 3316 3319 5559 5569 7008 7084 7134 10280 7171 7182 10282 10269 10284 7199 10288 7161 7079 7353 7256 7097 6954 10286 394 223,
3352,2,r5000,4006,9689,T2-r5000-9,299,131,4973.0164,astar,3,SUCCESS,2.1564,1530,1530,,6948.1796,505 510 5608 10653 10656 1852 1855 1858 1862 1270 8386 1893 1897 1900 1903 1906 1909 1912 1915 1918 1921 1924 1927 1930 1934 1939 8284 8218 7623 3125 3108 7682 569 7685 3287 3292 3294 3299 3316 3319 5559 5569 7008 7084 7134 10280 7171 7182 10282 10269 10284 7199 10288 7161 7079 7353 7256 7097 6954 10286 394 223,
3353,2,r5000,4006,9689,T2-r5000-9,299,131,4973.0164,dijkstra,3,SUCCESS,3.2818,3767,3767,,6948.1796,505 510 5608 10653 10656 1852 1855 1858 1862 1270 8386 1893 1897 1900 1903 1906 1909 1912 1915 1918 1921 1924 1927 1930 1934 1939 8284 8218 7623 3125 3108 7682 569 7685 3287 3292 3294 3299 3316 3319 5559 5569 7008 7084 7134 10280 7171 7182 10282 10269 10284 7199 10288 7161 7079 7353 7256 7097 6954 10286 394 223,
3354,2,r5000,4006,9689,T2-r5000-9,299,131,4973.0164,dfs,3,TIMEOUT,2000.0333,49167000,2056,0,,,
3355,2,r5000,4006,9689,T2-r5000-9,299,131,4973.0164,dijkstra,4,SUCCESS,4.9448,3767,3767,,6948.1796,505 510 5608 10653 10656 1852 1855 1858 1862 1270 8386 1893 1897 1900 1903 1906 1909 1912 1915 1918 1921 1924 1927 1930 1934 1939 8284 8218 7623 3125 3108 7682 569 7685 3287 3292 3294 3299 3316 3319 5559 5569 7008 7084 7134 10280 7171 7182 10282 10269 10284 7199 10288 7161 7079 7353 7256 7097 6954 10286 394 223,
3356,2,r5000,4006,9689,T2-r5000-9,299,131,4973.0164,astar,4,SUCCESS,3.1431,1530,1530,,6948.1796,505 510 5608 10653 10656 1852 1855 1858 1862 1270 8386 1893 1897 1900 1903 1906 1909 1912 1915 1918 1921 1924 1927 1930 1934 1939 8284 8218 7623 3125 3108 7682 569 7685 3287 3292 3294 3299 3316 3319 5559 5569 7008 7084 7134 10280 7171 7182 10282 10269 10284 7199 10288 7161 7079 7353 7256 7097 6954 10286 394 223,
3357,2,r5000,4006,9689,T2-r5000-9,299,131,4973.0164,dfs,4,TIMEOUT,2000.0798,51480000,2056,0,,,
3358,2,r5000,4006,9689,T2-r5000-9,299,131,4973.0164,astar,5,SUCCESS,5.4254,1530,1530,,6948.1796,505 510 5608 10653 10656 1852 1855 1858 1862 1270 8386 1893 1897 1900 1903 1906 1909 1912 1915 1918 1921 1924 1927 1930 1934 1939 8284 8218 7623 3125 3108 7682 569 7685 3287 3292 3294 3299 3316 3319 5559 5569 7008 7084 7134 10280 7171 7182 10282 10269 10284 7199 10288 7161 7079 7353 7256 7097 6954 10286 394 223,
3359,2,r5000,4006,9689,T2-r5000-9,299,131,4973.0164,dijkstra,5,SUCCESS,4.6495,3767,3767,,6948.1796,505 510 5608 10653 10656 1852 1855 1858 1862 1270 8386 1893 1897 1900 1903 1906 1909 1912 1915 1918 1921 1924 1927 1930 1934 1939 8284 8218 7623 3125 3108 7682 569 7685 3287 3292 3294 3299 3316 3319 5559 5569 7008 7084 7134 10280 7171 7182 10282 10269 10284 7199 10288 7161 7079 7353 7256 7097 6954 10286 394 223,
3360,2,r5000,4006,9689,T2-r5000-9,299,131,4973.0164,dfs,5,TIMEOUT,2000.0398,50055000,2056,0,,,
3361,2,r5000,4006,9689,T2-r5000-10,1726,2162,5576.6543,astar,1,SUCCESS,0.6283,788,788,,6241.7422,2993 2990 2987 2986 4150 4154 4158 1963 1761 1965 7632 8340 10366 2821 10369 10372 10375 7691 566 563 560 557 554 551 548 545 542 539 538 4570 414 415 417 419 420 421 424 1482 8235 8236 5145 7509 5149 7511 2235 8286 2496 8190 8196 8198 8199 8200 7512 63 65 68 70 3208 6658 388 390 5141 5138 5134 4039 4042,
3362,2,r5000,4006,9689,T2-r5000-10,1726,2162,5576.6543,dfs,1,TIMEOUT,2000.051,50888000,1809,1,,,
3363,2,r5000,4006,9689,T2-r5000-10,1726,2162,5576.6543,dijkstra,1,SUCCESS,7.2298,3654,3654,,6241.7422,2993 2990 2987 2986 4150 4154 4158 1963 1761 1965 7632 8340 10366 2821 10369 10372 10375 7691 566 563 560 557 554 551 548 545 542 539 538 4570 414 415 417 419 420 421 424 1482 8235 8236 5145 7509 5149 7511 2235 8286 2496 8190 8196 8198 8199 8200 7512 63 65 68 70 3208 6658 388 390 5141 5138 5134 4039 4042,
3364,2,r5000,4006,9689,T2-r5000-10,1726,2162,5576.6543,astar,2,SUCCESS,0.6915,788,788,,6241.7422,2993 2990 2987 2986 4150 4154 4158 1963 1761 1965 7632 8340 10366 2821 10369 10372 10375 7691 566 563 560 557 554 551 548 545 542 539 538 4570 414 415 417 419 420 421 424 1482 8235 8236 5145 7509 5149 7511 2235 8286 2496 8190 8196 8198 8199 8200 7512 63 65 68 70 3208 6658 388 390 5141 5138 5134 4039 4042,
3365,2,r5000,4006,9689,T2-r5000-10,1726,2162,5576.6543,dijkstra,2,SUCCESS,2.1659,3654,3654,,6241.7422,2993 2990 2987 2986 4150 4154 4158 1963 1761 1965 7632 8340 10366 2821 10369 10372 10375 7691 566 563 560 557 554 551 548 545 542 539 538 4570 414 415 417 419 420 421 424 1482 8235 8236 5145 7509 5149 7511 2235 8286 2496 8190 8196 8198 8199 8200 7512 63 65 68 70 3208 6658 388 390 5141 5138 5134 4039 4042,
3366,2,r5000,4006,9689,T2-r5000-10,1726,2162,5576.6543,dfs,2,TIMEOUT,2000.0419,51284000,1809,1,,,
3367,2,r5000,4006,9689,T2-r5000-10,1726,2162,5576.6543,dijkstra,3,SUCCESS,6.2669,3654,3654,,6241.7422,2993 2990 2987 2986 4150 4154 4158 1963 1761 1965 7632 8340 10366 2821 10369 10372 10375 7691 566 563 560 557 554 551 548 545 542 539 538 4570 414 415 417 419 420 421 424 1482 8235 8236 5145 7509 5149 7511 2235 8286 2496 8190 8196 8198 8199 8200 7512 63 65 68 70 3208 6658 388 390 5141 5138 5134 4039 4042,
3368,2,r5000,4006,9689,T2-r5000-10,1726,2162,5576.6543,dfs,3,TIMEOUT,2000.1272,53571000,1809,20,,,
3369,2,r5000,4006,9689,T2-r5000-10,1726,2162,5576.6543,astar,3,SUCCESS,2.3526,788,788,,6241.7422,2993 2990 2987 2986 4150 4154 4158 1963 1761 1965 7632 8340 10366 2821 10369 10372 10375 7691 566 563 560 557 554 551 548 545 542 539 538 4570 414 415 417 419 420 421 424 1482 8235 8236 5145 7509 5149 7511 2235 8286 2496 8190 8196 8198 8199 8200 7512 63 65 68 70 3208 6658 388 390 5141 5138 5134 4039 4042,
3370,2,r5000,4006,9689,T2-r5000-10,1726,2162,5576.6543,astar,4,SUCCESS,2.1841,788,788,,6241.7422,2993 2990 2987 2986 4150 4154 4158 1963 1761 1965 7632 8340 10366 2821 10369 10372 10375 7691 566 563 560 557 554 551 548 545 542 539 538 4570 414 415 417 419 420 421 424 1482 8235 8236 5145 7509 5149 7511 2235 8286 2496 8190 8196 8198 8199 8200 7512 63 65 68 70 3208 6658 388 390 5141 5138 5134 4039 4042,
3371,2,r5000,4006,9689,T2-r5000-10,1726,2162,5576.6543,dfs,4,TIMEOUT,2000.0296,51157000,1809,1,,,
3372,2,r5000,4006,9689,T2-r5000-10,1726,2162,5576.6543,dijkstra,4,SUCCESS,8.3032,3654,3654,,6241.7422,2993 2990 2987 2986 4150 4154 4158 1963 1761 1965 7632 8340 10366 2821 10369 10372 10375 7691 566 563 560 557 554 551 548 545 542 539 538 4570 414 415 417 419 420 421 424 1482 8235 8236 5145 7509 5149 7511 2235 8286 2496 8190 8196 8198 8199 8200 7512 63 65 68 70 3208 6658 388 390 5141 5138 5134 4039 4042,
3373,2,r5000,4006,9689,T2-r5000-10,1726,2162,5576.6543,dijkstra,5,SUCCESS,6.9126,3654,3654,,6241.7422,2993 2990 2987 2986 4150 4154 4158 1963 1761 1965 7632 8340 10366 2821 10369 10372 10375 7691 566 563 560 557 554 551 548 545 542 539 538 4570 414 415 417 419 420 421 424 1482 8235 8236 5145 7509 5149 7511 2235 8286 2496 8190 8196 8198 8199 8200 7512 63 65 68 70 3208 6658 388 390 5141 5138 5134 4039 4042,
3374,2,r5000,4006,9689,T2-r5000-10,1726,2162,5576.6543,astar,5,SUCCESS,1.9947,788,788,,6241.7422,2993 2990 2987 2986 4150 4154 4158 1963 1761 1965 7632 8340 10366 2821 10369 10372 10375 7691 566 563 560 557 554 551 548 545 542 539 538 4570 414 415 417 419 420 421 424 1482 8235 8236 5145 7509 5149 7511 2235 8286 2496 8190 8196 8198 8199 8200 7512 63 65 68 70 3208 6658 388 390 5141 5138 5134 4039 4042,
3375,2,r5000,4006,9689,T2-r5000-10,1726,2162,5576.6543,dfs,5,TIMEOUT,2000.0521,50476000,1809,1,,,
